relative_path,filename,raw_label,canonical_id,crop,condition_type,disease_name,width,height,channels,aspect_ratio,color_mode,format,size_kb,is_valid,validation_error
datasets/raw/plantvillage/raw/color/Tomato___Early_blight/cb0e04ea-9d44-4c3f-b528-d7aa32aa0b85___RS_Erly.B 7850.JPG,cb0e04ea-9d44-4c3f-b528-d7aa32aa0b85___RS_Erly.B 7850.JPG,Tomato___Early_blight,tomato__fungal__early_blight,tomato,fungal,Early Blight,256,256,3,1.0,RGB,JPEG,19.35,True,
datasets/raw/plantvillage/raw/color/Tomato___Early_blight/f79134d0-8c6a-43ad-ba78-9323f9a9f84f___RS_Erly.B 9427.JPG,f79134d0-8c6a-43ad-ba78-9323f9a9f84f___RS_Erly.B 9427.JPG,Tomato___Early_blight,tomato__fungal__early_blight,tomato,fungal,Early Blight,256,256,3,1.0,RGB,JPEG,14.06,True,
datasets/raw/plantvillage/raw/color/Tomato___Early_blight/7b085d56-6867-4946-8208-5823afeba034___RS_Erly.B 7384.JPG,7b085d56-6867-4946-8208-5823afeba034___RS_Erly.B 7384.JPG,Tomato___Early_blight,tomato__fungal__early_blight,tomato,fungal,Early Blight,256,256,3,1.0,RGB,JPEG,15.84,True,
datasets/raw/plantvillage/raw/color/Tomato___Early_blight/8a13da5b-4bc2-485a-962d-df8c6634ea00___RS_Erly.B 7519.JPG,8a13da5b-4bc2-485a-962d-df8c6634ea00___RS_Erly.B 7519.JPG,Tomato___Early_blight,tomato__fungal__early_blight,tomato,fungal,Early Blight,256,256,3,1.0,RGB,JPEG,13.24,True,
datasets/raw/plantvillage/raw/color/Tomato___Early_blight/9744fa97-16b3-4a16-afc0-c86ac0397759___RS_Erly.B 6411.JPG,9744fa97-16b3-4a16-afc0-c86ac0397759___RS_Erly.B 6411.JPG,Tomato___Early_blight,tomato__fungal__early_blight,tomato,fungal,Early Blight,256,256,3,1.0,RGB,JPEG,12.89,True,
datasets/raw/plantvillage/raw/color/Tomato___Early_blight/605e0af6-415f-4e25-8f0d-a8f36371732b___RS_Erly.B 7827.JPG,605e0af6-415f-4e25-8f0d-a8f36371732b___RS_Erly.B 7827.JPG,Tomato___Early_blight,tomato__fungal__early_blight,tomato,fungal,Early Blight,256,256,3,1.0,RGB,JPEG,16.98,True,
datasets/raw/plantvillage/raw/color/Tomato___Early_blight/2179421c-3ce3-4581-8b65-17da6fffd3db___RS_Erly.B 7730.JPG,2179421c-3ce3-4581-8b65-17da6fffd3db___RS_Erly.B 7730.JPG,Tomato___Early_blight,tomato__fungal__early_blight,tomato,fungal,Early Blight,256,256,3,1.0,RGB,JPEG,23.02,True,
datasets/raw/plantvillage/raw/color/Tomato___Early_blight/f8aaa5e3-fe38-4815-8f1d-8ca71db15a8f___RS_Erly.B 7511.JPG,f8aaa5e3-fe38-4815-8f1d-8ca71db15a8f___RS_Erly.B 7511.JPG,Tomato___Early_blight,tomato__fungal__early_blight,tomato,fungal,Early Blight,256,256,3,1.0,RGB,JPEG,12.4,True,
datasets/raw/plantvillage/raw/color/Tomato___Early_blight/0ba3d536-8732-4ea1-b3e1-a1be86e5dc6a___RS_Erly.B 9499.JPG,0ba3d536-8732-4ea1-b3e1-a1be86e5dc6a___RS_Erly.B 9499.JPG,Tomato___Early_blight,tomato__fungal__early_blight,tomato,fungal,Early Blight,256,256,3,1.0,RGB,JPEG,15.23,True,
datasets/raw/plantvillage/raw/color/Tomato___Early_blight/fcbc5323-1679-416c-bb10-534e686f21bd___RS_Erly.B 7801.JPG,fcbc5323-1679-416c-bb10-534e686f21bd___RS_Erly.B 7801.JPG,Tomato___Early_blight,tomato__fungal__early_blight,tomato,fungal,Early Blight,256,256,3,1.0,RGB,JPEG,19.07,True,
datasets/raw/plantvillage/raw/color/Tomato___Early_blight/d032b2d0-3c5b-4f1d-9532-4fd09cbd5482___RS_Erly.B 7689.JPG,d032b2d0-3c5b-4f1d-9532-4fd09cbd5482___RS_Erly.B 7689.JPG,Tomato___Early_blight,tomato__fungal__early_blight,tomato,fungal,Early Blight,256,256,3,1.0,RGB,JPEG,20.04,True,
datasets/raw/plantvillage/raw/color/Tomato___Early_blight/d8754b7f-53a4-4e69-8f54-1ec9f7581799___RS_Erly.B 6436.JPG,d8754b7f-53a4-4e69-8f54-1ec9f7581799___RS_Erly.B 6436.JPG,Tomato___Early_blight,tomato__fungal__early_blight,tomato,fungal,Early Blight,256,256,3,1.0,RGB,JPEG,13.19,True,
datasets/raw/plantvillage/raw/color/Tomato___Early_blight/c2a64948-bda7-4a89-aec6-be714ba7cf99___RS_Erly.B 8330.JPG,c2a64948-bda7-4a89-aec6-be714ba7cf99___RS_Erly.B 8330.JPG,Tomato___Early_blight,tomato__fungal__early_blight,tomato,fungal,Early Blight,256,256,3,1.0,RGB,JPEG,17.69,True,
datasets/raw/plantvillage/raw/color/Tomato___Early_blight/023fe2d4-6e1d-40ce-99ae-85ba90f436ff___RS_Erly.B 6354.JPG,023fe2d4-6e1d-40ce-99ae-85ba90f436ff___RS_Erly.B 6354.JPG,Tomato___Early_blight,tomato__fungal__early_blight,tomato,fungal,Early Blight,256,256,3,1.0,RGB,JPEG,10.39,True,
datasets/raw/plantvillage/raw/color/Tomato___Early_blight/fc296f63-8cb3-42f1-a9c1-f6ed8e49777c___RS_Erly.B 6400.JPG,fc296f63-8cb3-42f1-a9c1-f6ed8e49777c___RS_Erly.B 6400.JPG,Tomato___Early_blight,tomato__fungal__early_blight,tomato,fungal,Early Blight,256,256,3,1.0,RGB,JPEG,11.83,True,
datasets/raw/plantvillage/raw/color/Tomato___Early_blight/06339fe1-154f-4bcb-be91-a29e86e25929___RS_Erly.B 7440.JPG,06339fe1-154f-4bcb-be91-a29e86e25929___RS_Erly.B 7440.JPG,Tomato___Early_blight,tomato__fungal__early_blight,tomato,fungal,Early Blight,256,256,3,1.0,RGB,JPEG,16.2,True,
datasets/raw/plantvillage/raw/color/Tomato___Early_blight/0fbc786c-62a7-44f3-8db8-2649809bf1aa___RS_Erly.B 9514.JPG,0fbc786c-62a7-44f3-8db8-2649809bf1aa___RS_Erly.B 9514.JPG,Tomato___Early_blight,tomato__fungal__early_blight,tomato,fungal,Early Blight,256,256,3,1.0,RGB,JPEG,12.46,True,
datasets/raw/plantvillage/raw/color/Tomato___Early_blight/c27f6ed4-7ae2-4187-8e96-edafd886f123___RS_Erly.B 7618.JPG,c27f6ed4-7ae2-4187-8e96-edafd886f123___RS_Erly.B 7618.JPG,Tomato___Early_blight,tomato__fungal__early_blight,tomato,fungal,Early Blight,256,256,3,1.0,RGB,JPEG,12.37,True,
datasets/raw/plantvillage/raw/color/Tomato___Early_blight/1ba9a636-a673-45bc-b515-4fe6848f271e___RS_Erly.B 9605.JPG,1ba9a636-a673-45bc-b515-4fe6848f271e___RS_Erly.B 9605.JPG,Tomato___Early_blight,tomato__fungal__early_blight,tomato,fungal,Early Blight,256,256,3,1.0,RGB,JPEG,11.09,True,
datasets/raw/plantvillage/raw/color/Tomato___Early_blight/42ee69ea-4c2d-4e65-9c66-e3154dd08375___RS_Erly.B 8428.JPG,42ee69ea-4c2d-4e65-9c66-e3154dd08375___RS_Erly.B 8428.JPG,Tomato___Early_blight,tomato__fungal__early_blight,tomato,fungal,Early Blight,256,256,3,1.0,RGB,JPEG,19.25,True,
datasets/raw/plantvillage/raw/color/Tomato___Early_blight/553d53a5-19f3-433e-9805-d3bf5a3804b1___RS_Erly.B 7580.JPG,553d53a5-19f3-433e-9805-d3bf5a3804b1___RS_Erly.B 7580.JPG,Tomato___Early_blight,tomato__fungal__early_blight,tomato,fungal,Early Blight,256,256,3,1.0,RGB,JPEG,13.62,True,
datasets/raw/plantvillage/raw/color/Tomato___Early_blight/2bdca297-e0d1-41f0-b1dc-3801384faa1a___RS_Erly.B 7858.JPG,2bdca297-e0d1-41f0-b1dc-3801384faa1a___RS_Erly.B 7858.JPG,Tomato___Early_blight,tomato__fungal__early_blight,tomato,fungal,Early Blight,256,256,3,1.0,RGB,JPEG,18.87,True,
datasets/raw/plantvillage/raw/color/Tomato___Early_blight/f834c581-d183-4a7a-98a5-77e8e2cbfa69___RS_Erly.B 7722.JPG,f834c581-d183-4a7a-98a5-77e8e2cbfa69___RS_Erly.B 7722.JPG,Tomato___Early_blight,tomato__fungal__early_blight,tomato,fungal,Early Blight,256,256,3,1.0,RGB,JPEG,14.84,True,
datasets/raw/plantvillage/raw/color/Tomato___Early_blight/dda45973-b7a1-4080-93a2-bd7cd3e3026f___RS_Erly.B 8407.JPG,dda45973-b7a1-4080-93a2-bd7cd3e3026f___RS_Erly.B 8407.JPG,Tomato___Early_blight,tomato__fungal__early_blight,tomato,fungal,Early Blight,256,256,3,1.0,RGB,JPEG,16.67,True,
datasets/raw/plantvillage/raw/color/Tomato___Early_blight/e20f17f5-507c-45a8-8f6e-fcd76b29e564___RS_Erly.B 7694.JPG,e20f17f5-507c-45a8-8f6e-fcd76b29e564___RS_Erly.B 7694.JPG,Tomato___Early_blight,tomato__fungal__early_blight,tomato,fungal,Early Blight,256,256,3,1.0,RGB,JPEG,15.12,True,
datasets/raw/plantvillage/raw/color/Tomato___Early_blight/f899b748-cd86-460f-a202-a6946e04946e___RS_Erly.B 7494.JPG,f899b748-cd86-460f-a202-a6946e04946e___RS_Erly.B 7494.JPG,Tomato___Early_blight,tomato__fungal__early_blight,tomato,fungal,Early Blight,256,256,3,1.0,RGB,JPEG,11.78,True,
datasets/raw/plantvillage/raw/color/Tomato___Early_blight/c1291fe6-06c2-477e-b30f-dca9a9a80079___RS_Erly.B 8371.JPG,c1291fe6-06c2-477e-b30f-dca9a9a80079___RS_Erly.B 8371.JPG,Tomato___Early_blight,tomato__fungal__early_blight,tomato,fungal,Early Blight,256,256,3,1.0,RGB,JPEG,16.52,True,
datasets/raw/plantvillage/raw/color/Tomato___Early_blight/7e236dc3-40e2-4ff9-8356-4fb7a3fcc0ff___RS_Erly.B 6426.JPG,7e236dc3-40e2-4ff9-8356-4fb7a3fcc0ff___RS_Erly.B 6426.JPG,Tomato___Early_blight,tomato__fungal__early_blight,tomato,fungal,Early Blight,256,256,3,1.0,RGB,JPEG,12.18,True,
datasets/raw/plantvillage/raw/color/Tomato___Early_blight/9d8aacaf-ef28-4f23-a18d-4035f59d92b1___RS_Erly.B 7565.JPG,9d8aacaf-ef28-4f23-a18d-4035f59d92b1___RS_Erly.B 7565.JPG,Tomato___Early_blight,tomato__fungal__early_blight,tomato,fungal,Early Blight,256,256,3,1.0,RGB,JPEG,12.62,True,
datasets/raw/plantvillage/raw/color/Tomato___Early_blight/8f709c55-ee65-4bb0-9291-6d5d79033c3f___RS_Erly.B 9603.JPG,8f709c55-ee65-4bb0-9291-6d5d79033c3f___RS_Erly.B 9603.JPG,Tomato___Early_blight,tomato__fungal__early_blight,tomato,fungal,Early Blight,256,256,3,1.0,RGB,JPEG,14.43,True,
datasets/raw/plantvillage/raw/color/Tomato___Early_blight/7ea52c28-a4c6-4e12-a4d2-59fbb1c441d8___RS_Erly.B 7747.JPG,7ea52c28-a4c6-4e12-a4d2-59fbb1c441d8___RS_Erly.B 7747.JPG,Tomato___Early_blight,tomato__fungal__early_blight,tomato,fungal,Early Blight,256,256,3,1.0,RGB,JPEG,19.33,True,
datasets/raw/plantvillage/raw/color/Tomato___Early_blight/deed458f-ec5b-46c7-9658-c005cf90fc11___RS_Erly.B 7480.JPG,deed458f-ec5b-46c7-9658-c005cf90fc11___RS_Erly.B 7480.JPG,Tomato___Early_blight,tomato__fungal__early_blight,tomato,fungal,Early Blight,256,256,3,1.0,RGB,JPEG,15.04,True,
datasets/raw/plantvillage/raw/color/Tomato___Early_blight/518d8b79-c548-42e4-b78d-f2145eb1d6da___RS_Erly.B 7794.JPG,518d8b79-c548-42e4-b78d-f2145eb1d6da___RS_Erly.B 7794.JPG,Tomato___Early_blight,tomato__fungal__early_blight,tomato,fungal,Early Blight,256,256,3,1.0,RGB,JPEG,19.87,True,
datasets/raw/plantvillage/raw/color/Tomato___Early_blight/9d2bc87f-f309-41a4-a533-569456706e2b___RS_Erly.B 6367.JPG,9d2bc87f-f309-41a4-a533-569456706e2b___RS_Erly.B 6367.JPG,Tomato___Early_blight,tomato__fungal__early_blight,tomato,fungal,Early Blight,256,256,3,1.0,RGB,JPEG,13.31,True,
datasets/raw/plantvillage/raw/color/Tomato___Early_blight/01861c93-ea8b-4820-aaa8-cc6003b3e75b___RS_Erly.B 7855.JPG,01861c93-ea8b-4820-aaa8-cc6003b3e75b___RS_Erly.B 7855.JPG,Tomato___Early_blight,tomato__fungal__early_blight,tomato,fungal,Early Blight,256,256,3,1.0,RGB,JPEG,17.3,True,
datasets/raw/plantvillage/raw/color/Tomato___Early_blight/ac57ab70-6d8c-4065-8bab-3a88b5239aea___RS_Erly.B 7408.JPG,ac57ab70-6d8c-4065-8bab-3a88b5239aea___RS_Erly.B 7408.JPG,Tomato___Early_blight,tomato__fungal__early_blight,tomato,fungal,Early Blight,256,256,3,1.0,RGB,JPEG,14.0,True,
datasets/raw/plantvillage/raw/color/Tomato___Early_blight/18ec9a60-a4e3-4dd7-805f-fe9eaf526c2f___RS_Erly.B 8405.JPG,18ec9a60-a4e3-4dd7-805f-fe9eaf526c2f___RS_Erly.B 8405.JPG,Tomato___Early_blight,tomato__fungal__early_blight,tomato,fungal,Early Blight,256,256,3,1.0,RGB,JPEG,19.83,True,
datasets/raw/plantvillage/raw/color/Tomato___Early_blight/5fc7639c-d04d-40bc-bbd3-68bf11183ed9___RS_Erly.B 7745.JPG,5fc7639c-d04d-40bc-bbd3-68bf11183ed9___RS_Erly.B 7745.JPG,Tomato___Early_blight,tomato__fungal__early_blight,tomato,fungal,Early Blight,256,256,3,1.0,RGB,JPEG,14.59,True,
datasets/raw/plantvillage/raw/color/Tomato___Early_blight/c8412a1c-4e61-4a35-9538-c3d3a7c46cbe___RS_Erly.B 7383.JPG,c8412a1c-4e61-4a35-9538-c3d3a7c46cbe___RS_Erly.B 7383.JPG,Tomato___Early_blight,tomato__fungal__early_blight,tomato,fungal,Early Blight,256,256,3,1.0,RGB,JPEG,13.31,True,
datasets/raw/plantvillage/raw/color/Tomato___Early_blight/398d72f7-db26-4138-9364-eb506f9495f4___RS_Erly.B 9450.JPG,398d72f7-db26-4138-9364-eb506f9495f4___RS_Erly.B 9450.JPG,Tomato___Early_blight,tomato__fungal__early_blight,tomato,fungal,Early Blight,256,256,3,1.0,RGB,JPEG,16.54,True,
datasets/raw/plantvillage/raw/color/Tomato___Early_blight/df86b9f1-3871-4139-be7d-928bd3e6d642___RS_Erly.B 7497.JPG,df86b9f1-3871-4139-be7d-928bd3e6d642___RS_Erly.B 7497.JPG,Tomato___Early_blight,tomato__fungal__early_blight,tomato,fungal,Early Blight,256,256,3,1.0,RGB,JPEG,12.68,True,
datasets/raw/plantvillage/raw/color/Tomato___Early_blight/cab96269-77a2-47cd-bfdf-02ad2535293d___RS_Erly.B 8439.JPG,cab96269-77a2-47cd-bfdf-02ad2535293d___RS_Erly.B 8439.JPG,Tomato___Early_blight,tomato__fungal__early_blight,tomato,fungal,Early Blight,256,256,3,1.0,RGB,JPEG,18.26,True,
datasets/raw/plantvillage/raw/color/Tomato___Early_blight/4f6876e9-7226-49d5-aef8-cec3d8e6fbc9___RS_Erly.B 9452.JPG,4f6876e9-7226-49d5-aef8-cec3d8e6fbc9___RS_Erly.B 9452.JPG,Tomato___Early_blight,tomato__fungal__early_blight,tomato,fungal,Early Blight,256,256,3,1.0,RGB,JPEG,17.64,True,
datasets/raw/plantvillage/raw/color/Tomato___Early_blight/2606a4ae-7b2f-4fd6-a561-fc9dce2ffc02___RS_Erly.B 9570.JPG,2606a4ae-7b2f-4fd6-a561-fc9dce2ffc02___RS_Erly.B 9570.JPG,Tomato___Early_blight,tomato__fungal__early_blight,tomato,fungal,Early Blight,256,256,3,1.0,RGB,JPEG,13.14,True,
datasets/raw/plantvillage/raw/color/Tomato___Early_blight/1a8bd88f-309f-4392-b387-7cb423ef0ab6___RS_Erly.B 7366.JPG,1a8bd88f-309f-4392-b387-7cb423ef0ab6___RS_Erly.B 7366.JPG,Tomato___Early_blight,tomato__fungal__early_blight,tomato,fungal,Early Blight,256,256,3,1.0,RGB,JPEG,15.51,True,
datasets/raw/plantvillage/raw/color/Tomato___Early_blight/f6ddeb19-8aa3-40f5-8b60-b2f404f13407___RS_Erly.B 7705.JPG,f6ddeb19-8aa3-40f5-8b60-b2f404f13407___RS_Erly.B 7705.JPG,Tomato___Early_blight,tomato__fungal__early_blight,tomato,fungal,Early Blight,256,256,3,1.0,RGB,JPEG,16.95,True,
datasets/raw/plantvillage/raw/color/Tomato___Early_blight/9a2960cc-21cf-470c-990e-e315699c2029___RS_Erly.B 9467.JPG,9a2960cc-21cf-470c-990e-e315699c2029___RS_Erly.B 9467.JPG,Tomato___Early_blight,tomato__fungal__early_blight,tomato,fungal,Early Blight,256,256,3,1.0,RGB,JPEG,15.39,True,
datasets/raw/plantvillage/raw/color/Tomato___Early_blight/47465f0e-80ef-4641-b24b-7147dd82596d___RS_Erly.B 9473.JPG,47465f0e-80ef-4641-b24b-7147dd82596d___RS_Erly.B 9473.JPG,Tomato___Early_blight,tomato__fungal__early_blight,tomato,fungal,Early Blight,256,256,3,1.0,RGB,JPEG,16.05,True,
datasets/raw/plantvillage/raw/color/Tomato___Early_blight/a278a40a-bb25-4210-b646-2d232245851a___RS_Erly.B 7719.JPG,a278a40a-bb25-4210-b646-2d232245851a___RS_Erly.B 7719.JPG,Tomato___Early_blight,tomato__fungal__early_blight,tomato,fungal,Early Blight,256,256,3,1.0,RGB,JPEG,18.4,True,
datasets/raw/plantvillage/raw/color/Tomato___Early_blight/3754ec0a-13b7-40c5-9839-b7499b6c365b___RS_Erly.B 7449.JPG,3754ec0a-13b7-40c5-9839-b7499b6c365b___RS_Erly.B 7449.JPG,Tomato___Early_blight,tomato__fungal__early_blight,tomato,fungal,Early Blight,256,256,3,1.0,RGB,JPEG,13.89,True,
datasets/raw/plantvillage/raw/color/Tomato___Early_blight/8f6562ec-69b1-4d97-85be-844034c98c4d___RS_Erly.B 7569.JPG,8f6562ec-69b1-4d97-85be-844034c98c4d___RS_Erly.B 7569.JPG,Tomato___Early_blight,tomato__fungal__early_blight,tomato,fungal,Early Blight,256,256,3,1.0,RGB,JPEG,14.38,True,
datasets/raw/plantvillage/raw/color/Tomato___Early_blight/32ae9564-c205-4814-b579-1ebf0d732e7e___RS_Erly.B 9415.JPG,32ae9564-c205-4814-b579-1ebf0d732e7e___RS_Erly.B 9415.JPG,Tomato___Early_blight,tomato__fungal__early_blight,tomato,fungal,Early Blight,256,256,3,1.0,RGB,JPEG,14.0,True,
datasets/raw/plantvillage/raw/color/Tomato___Early_blight/3b3193c5-e717-4b40-b450-7ee5c6e22d1a___RS_Erly.B 9382.JPG,3b3193c5-e717-4b40-b450-7ee5c6e22d1a___RS_Erly.B 9382.JPG,Tomato___Early_blight,tomato__fungal__early_blight,tomato,fungal,Early Blight,256,256,3,1.0,RGB,JPEG,16.93,True,
datasets/raw/plantvillage/raw/color/Tomato___Early_blight/0fc8cb27-a10f-4587-a91d-4dbec9f839c7___RS_Erly.B 7715.JPG,0fc8cb27-a10f-4587-a91d-4dbec9f839c7___RS_Erly.B 7715.JPG,Tomato___Early_blight,tomato__fungal__early_blight,tomato,fungal,Early Blight,256,256,3,1.0,RGB,JPEG,19.71,True,
datasets/raw/plantvillage/raw/color/Tomato___Early_blight/c9fa82b3-776c-4a44-8309-a6faf88898e3___RS_Erly.B 7498.JPG,c9fa82b3-776c-4a44-8309-a6faf88898e3___RS_Erly.B 7498.JPG,Tomato___Early_blight,tomato__fungal__early_blight,tomato,fungal,Early Blight,256,256,3,1.0,RGB,JPEG,11.8,True,
datasets/raw/plantvillage/raw/color/Tomato___Early_blight/b7294a44-e1fd-4eab-97ac-ed6669c58d8f___RS_Erly.B 7514.JPG,b7294a44-e1fd-4eab-97ac-ed6669c58d8f___RS_Erly.B 7514.JPG,Tomato___Early_blight,tomato__fungal__early_blight,tomato,fungal,Early Blight,256,256,3,1.0,RGB,JPEG,11.52,True,
datasets/raw/plantvillage/raw/color/Tomato___Early_blight/13c87a78-0a62-4aff-b6f3-fcbf1a8323e6___RS_Erly.B 9612.JPG,13c87a78-0a62-4aff-b6f3-fcbf1a8323e6___RS_Erly.B 9612.JPG,Tomato___Early_blight,tomato__fungal__early_blight,tomato,fungal,Early Blight,256,256,3,1.0,RGB,JPEG,13.01,True,
datasets/raw/plantvillage/raw/color/Tomato___Early_blight/7bd63940-1890-4263-8c8c-e0c743bb51ce___RS_Erly.B 9487.JPG,7bd63940-1890-4263-8c8c-e0c743bb51ce___RS_Erly.B 9487.JPG,Tomato___Early_blight,tomato__fungal__early_blight,tomato,fungal,Early Blight,256,256,3,1.0,RGB,JPEG,16.99,True,
datasets/raw/plantvillage/raw/color/Tomato___Early_blight/dfa9f6bb-92ac-4b41-ac6c-fd2a7ddd093a___RS_Erly.B 8276.JPG,dfa9f6bb-92ac-4b41-ac6c-fd2a7ddd093a___RS_Erly.B 8276.JPG,Tomato___Early_blight,tomato__fungal__early_blight,tomato,fungal,Early Blight,256,256,3,1.0,RGB,JPEG,15.4,True,
datasets/raw/plantvillage/raw/color/Tomato___Early_blight/0378db62-5231-4eff-815d-c0deb0043e80___RS_Erly.B 7464.JPG,0378db62-5231-4eff-815d-c0deb0043e80___RS_Erly.B 7464.JPG,Tomato___Early_blight,tomato__fungal__early_blight,tomato,fungal,Early Blight,256,256,3,1.0,RGB,JPEG,13.29,True,
datasets/raw/plantvillage/raw/color/Tomato___Early_blight/65e02ee3-6760-4416-b1a5-9556bea43d0b___RS_Erly.B 7772.JPG,65e02ee3-6760-4416-b1a5-9556bea43d0b___RS_Erly.B 7772.JPG,Tomato___Early_blight,tomato__fungal__early_blight,tomato,fungal,Early Blight,256,256,3,1.0,RGB,JPEG,16.22,True,
datasets/raw/plantvillage/raw/color/Tomato___Early_blight/3ecc0dc0-87b2-4f7f-894a-8b9d17d7f25d___RS_Erly.B 7413.JPG,3ecc0dc0-87b2-4f7f-894a-8b9d17d7f25d___RS_Erly.B 7413.JPG,Tomato___Early_blight,tomato__fungal__early_blight,tomato,fungal,Early Blight,256,256,3,1.0,RGB,JPEG,15.48,True,
datasets/raw/plantvillage/raw/color/Tomato___Early_blight/d5690b72-b319-457e-a837-0e38915aab55___RS_Erly.B 7347.JPG,d5690b72-b319-457e-a837-0e38915aab55___RS_Erly.B 7347.JPG,Tomato___Early_blight,tomato__fungal__early_blight,tomato,fungal,Early Blight,256,256,3,1.0,RGB,JPEG,15.57,True,
datasets/raw/plantvillage/raw/color/Tomato___Early_blight/090af0e4-75f2-495a-8bca-a3370c6dd2a6___RS_Erly.B 9562.JPG,090af0e4-75f2-495a-8bca-a3370c6dd2a6___RS_Erly.B 9562.JPG,Tomato___Early_blight,tomato__fungal__early_blight,tomato,fungal,Early Blight,256,256,3,1.0,RGB,JPEG,13.34,True,
datasets/raw/plantvillage/raw/color/Tomato___Early_blight/89e0c6b5-8812-4a16-92eb-e63401b50051___RS_Erly.B 9589.JPG,89e0c6b5-8812-4a16-92eb-e63401b50051___RS_Erly.B 9589.JPG,Tomato___Early_blight,tomato__fungal__early_blight,tomato,fungal,Early Blight,256,256,3,1.0,RGB,JPEG,13.95,True,
datasets/raw/plantvillage/raw/color/Tomato___Early_blight/f9f35406-f925-4c34-a1f5-0f73563033a0___RS_Erly.B 7570.JPG,f9f35406-f925-4c34-a1f5-0f73563033a0___RS_Erly.B 7570.JPG,Tomato___Early_blight,tomato__fungal__early_blight,tomato,fungal,Early Blight,256,256,3,1.0,RGB,JPEG,13.55,True,
datasets/raw/plantvillage/raw/color/Tomato___Early_blight/b6611980-ad87-4121-a6d0-b648b946b432___RS_Erly.B 8426.JPG,b6611980-ad87-4121-a6d0-b648b946b432___RS_Erly.B 8426.JPG,Tomato___Early_blight,tomato__fungal__early_blight,tomato,fungal,Early Blight,256,256,3,1.0,RGB,JPEG,16.76,True,
datasets/raw/plantvillage/raw/color/Tomato___Early_blight/ef68398c-ec92-4e44-961a-5ec1a29d3c28___RS_Erly.B 9620.JPG,ef68398c-ec92-4e44-961a-5ec1a29d3c28___RS_Erly.B 9620.JPG,Tomato___Early_blight,tomato__fungal__early_blight,tomato,fungal,Early Blight,256,256,3,1.0,RGB,JPEG,12.74,True,
datasets/raw/plantvillage/raw/color/Tomato___Early_blight/22b8de0e-636d-4407-a270-ef3614c33227___RS_Erly.B 8257.JPG,22b8de0e-636d-4407-a270-ef3614c33227___RS_Erly.B 8257.JPG,Tomato___Early_blight,tomato__fungal__early_blight,tomato,fungal,Early Blight,256,256,3,1.0,RGB,JPEG,16.26,True,
datasets/raw/plantvillage/raw/color/Tomato___Early_blight/39da27eb-fde9-474b-bf0a-1374901ed82b___RS_Erly.B 7394.JPG,39da27eb-fde9-474b-bf0a-1374901ed82b___RS_Erly.B 7394.JPG,Tomato___Early_blight,tomato__fungal__early_blight,tomato,fungal,Early Blight,256,256,3,1.0,RGB,JPEG,13.99,True,
datasets/raw/plantvillage/raw/color/Tomato___Early_blight/91866d08-cbe2-4a9a-87fd-f2b969e5340a___RS_Erly.B 9588.JPG,91866d08-cbe2-4a9a-87fd-f2b969e5340a___RS_Erly.B 9588.JPG,Tomato___Early_blight,tomato__fungal__early_blight,tomato,fungal,Early Blight,256,256,3,1.0,RGB,JPEG,13.91,True,
datasets/raw/plantvillage/raw/color/Tomato___Early_blight/c10623b4-33fe-458c-9d8e-d9a74fb74a6a___RS_Erly.B 7450.JPG,c10623b4-33fe-458c-9d8e-d9a74fb74a6a___RS_Erly.B 7450.JPG,Tomato___Early_blight,tomato__fungal__early_blight,tomato,fungal,Early Blight,256,256,3,1.0,RGB,JPEG,13.15,True,
datasets/raw/plantvillage/raw/color/Tomato___Early_blight/0034a551-9512-44e5-ba6c-827f85ecc688___RS_Erly.B 9432.JPG,0034a551-9512-44e5-ba6c-827f85ecc688___RS_Erly.B 9432.JPG,Tomato___Early_blight,tomato__fungal__early_blight,tomato,fungal,Early Blight,256,256,3,1.0,RGB,JPEG,13.41,True,
datasets/raw/plantvillage/raw/color/Tomato___Early_blight/87725f1b-be8c-42b8-8eed-671b0c52276d___RS_Erly.B 7431.JPG,87725f1b-be8c-42b8-8eed-671b0c52276d___RS_Erly.B 7431.JPG,Tomato___Early_blight,tomato__fungal__early_blight,tomato,fungal,Early Blight,256,256,3,1.0,RGB,JPEG,14.85,True,
datasets/raw/plantvillage/raw/color/Tomato___Early_blight/77bd1b85-eaed-41f8-97b0-d6e91b6f953d___RS_Erly.B 8212.JPG,77bd1b85-eaed-41f8-97b0-d6e91b6f953d___RS_Erly.B 8212.JPG,Tomato___Early_blight,tomato__fungal__early_blight,tomato,fungal,Early Blight,256,256,3,1.0,RGB,JPEG,16.44,True,
datasets/raw/plantvillage/raw/color/Tomato___Early_blight/c684e255-de5d-4905-b934-962180be33cb___RS_Erly.B 7353.JPG,c684e255-de5d-4905-b934-962180be33cb___RS_Erly.B 7353.JPG,Tomato___Early_blight,tomato__fungal__early_blight,tomato,fungal,Early Blight,256,256,3,1.0,RGB,JPEG,15.7,True,
datasets/raw/plantvillage/raw/color/Tomato___Early_blight/22faea13-4b3e-4d87-b80c-379755a7b747___RS_Erly.B 7852.JPG,22faea13-4b3e-4d87-b80c-379755a7b747___RS_Erly.B 7852.JPG,Tomato___Early_blight,tomato__fungal__early_blight,tomato,fungal,Early Blight,256,256,3,1.0,RGB,JPEG,17.42,True,
datasets/raw/plantvillage/raw/color/Tomato___Early_blight/4eccde8f-4b47-4e5e-b0aa-9eaa67b20126___RS_Erly.B 8417.JPG,4eccde8f-4b47-4e5e-b0aa-9eaa67b20126___RS_Erly.B 8417.JPG,Tomato___Early_blight,tomato__fungal__early_blight,tomato,fungal,Early Blight,256,256,3,1.0,RGB,JPEG,17.61,True,
datasets/raw/plantvillage/raw/color/Tomato___Early_blight/e008f248-eaa3-4d65-a649-4ba7134f4c56___RS_Erly.B 9537.JPG,e008f248-eaa3-4d65-a649-4ba7134f4c56___RS_Erly.B 9537.JPG,Tomato___Early_blight,tomato__fungal__early_blight,tomato,fungal,Early Blight,256,256,3,1.0,RGB,JPEG,12.8,True,
datasets/raw/plantvillage/raw/color/Tomato___Early_blight/2d3d1221-2f62-43ad-8256-b560c1872934___RS_Erly.B 7465.JPG,2d3d1221-2f62-43ad-8256-b560c1872934___RS_Erly.B 7465.JPG,Tomato___Early_blight,tomato__fungal__early_blight,tomato,fungal,Early Blight,256,256,3,1.0,RGB,JPEG,12.09,True,
datasets/raw/plantvillage/raw/color/Tomato___Early_blight/a725f34d-c57c-4189-9ec8-6aeec7fb6a78___RS_Erly.B 6452.JPG,a725f34d-c57c-4189-9ec8-6aeec7fb6a78___RS_Erly.B 6452.JPG,Tomato___Early_blight,tomato__fungal__early_blight,tomato,fungal,Early Blight,256,256,3,1.0,RGB,JPEG,13.98,True,
datasets/raw/plantvillage/raw/color/Tomato___Early_blight/b60702b4-a7dd-4201-bfcc-4a13c7dcc44f___RS_Erly.B 7657.JPG,b60702b4-a7dd-4201-bfcc-4a13c7dcc44f___RS_Erly.B 7657.JPG,Tomato___Early_blight,tomato__fungal__early_blight,tomato,fungal,Early Blight,256,256,3,1.0,RGB,JPEG,15.16,True,
datasets/raw/plantvillage/raw/color/Tomato___Early_blight/4deeae7f-b339-4d5b-969c-b69ea27c1636___RS_Erly.B 7736.JPG,4deeae7f-b339-4d5b-969c-b69ea27c1636___RS_Erly.B 7736.JPG,Tomato___Early_blight,tomato__fungal__early_blight,tomato,fungal,Early Blight,256,256,3,1.0,RGB,JPEG,17.18,True,
datasets/raw/plantvillage/raw/color/Tomato___Early_blight/07324d80-17c5-4541-9702-62e9c744ac07___RS_Erly.B 7455.JPG,07324d80-17c5-4541-9702-62e9c744ac07___RS_Erly.B 7455.JPG,Tomato___Early_blight,tomato__fungal__early_blight,tomato,fungal,Early Blight,256,256,3,1.0,RGB,JPEG,11.79,True,
datasets/raw/plantvillage/raw/color/Tomato___Early_blight/987851e7-b309-4b26-94bc-628374aee931___RS_Erly.B 7530.JPG,987851e7-b309-4b26-94bc-628374aee931___RS_Erly.B 7530.JPG,Tomato___Early_blight,tomato__fungal__early_blight,tomato,fungal,Early Blight,256,256,3,1.0,RGB,JPEG,11.52,True,
datasets/raw/plantvillage/raw/color/Tomato___Early_blight/d5bddab9-06bd-488f-a844-97bd75c6b061___RS_Erly.B 6662.JPG,d5bddab9-06bd-488f-a844-97bd75c6b061___RS_Erly.B 6662.JPG,Tomato___Early_blight,tomato__fungal__early_blight,tomato,fungal,Early Blight,256,256,3,1.0,RGB,JPEG,18.58,True,
datasets/raw/plantvillage/raw/color/Tomato___Early_blight/aea7d3be-648a-4e1b-932a-b0058b085a7a___RS_Erly.B 9517.JPG,aea7d3be-648a-4e1b-932a-b0058b085a7a___RS_Erly.B 9517.JPG,Tomato___Early_blight,tomato__fungal__early_blight,tomato,fungal,Early Blight,256,256,3,1.0,RGB,JPEG,11.79,True,
datasets/raw/plantvillage/raw/color/Tomato___Early_blight/90ede7d6-c45b-4a97-8e77-9e8f66206418___RS_Erly.B 9581.JPG,90ede7d6-c45b-4a97-8e77-9e8f66206418___RS_Erly.B 9581.JPG,Tomato___Early_blight,tomato__fungal__early_blight,tomato,fungal,Early Blight,256,256,3,1.0,RGB,JPEG,14.29,True,
datasets/raw/plantvillage/raw/color/Tomato___Early_blight/a20bd77c-4ecf-473c-89aa-329b1719fbe1___RS_Erly.B 7639.JPG,a20bd77c-4ecf-473c-89aa-329b1719fbe1___RS_Erly.B 7639.JPG,Tomato___Early_blight,tomato__fungal__early_blight,tomato,fungal,Early Blight,256,256,3,1.0,RGB,JPEG,12.47,True,
datasets/raw/plantvillage/raw/color/Tomato___Early_blight/efe14014-c5b8-433b-a469-e10ca8d7c551___RS_Erly.B 7499.JPG,efe14014-c5b8-433b-a469-e10ca8d7c551___RS_Erly.B 7499.JPG,Tomato___Early_blight,tomato__fungal__early_blight,tomato,fungal,Early Blight,256,256,3,1.0,RGB,JPEG,12.91,True,
datasets/raw/plantvillage/raw/color/Tomato___Early_blight/392df5d9-0383-4ce9-a6fa-17d09cdc3c62___RS_Erly.B 9497.JPG,392df5d9-0383-4ce9-a6fa-17d09cdc3c62___RS_Erly.B 9497.JPG,Tomato___Early_blight,tomato__fungal__early_blight,tomato,fungal,Early Blight,256,256,3,1.0,RGB,JPEG,16.83,True,
datasets/raw/plantvillage/raw/color/Tomato___Early_blight/eaf0d111-089a-4808-a34c-dd40e3bb4db4___RS_Erly.B 8393.JPG,eaf0d111-089a-4808-a34c-dd40e3bb4db4___RS_Erly.B 8393.JPG,Tomato___Early_blight,tomato__fungal__early_blight,tomato,fungal,Early Blight,256,256,3,1.0,RGB,JPEG,18.56,True,
datasets/raw/plantvillage/raw/color/Tomato___Early_blight/f93578b3-4b98-4b13-95c3-495c656963f4___RS_Erly.B 8340.JPG,f93578b3-4b98-4b13-95c3-495c656963f4___RS_Erly.B 8340.JPG,Tomato___Early_blight,tomato__fungal__early_blight,tomato,fungal,Early Blight,256,256,3,1.0,RGB,JPEG,18.71,True,
datasets/raw/plantvillage/raw/color/Tomato___Early_blight/a87f4fa1-5d7b-42e9-81ed-127aa62ad1e6___RS_Erly.B 8258.JPG,a87f4fa1-5d7b-42e9-81ed-127aa62ad1e6___RS_Erly.B 8258.JPG,Tomato___Early_blight,tomato__fungal__early_blight,tomato,fungal,Early Blight,256,256,3,1.0,RGB,JPEG,20.4,True,
datasets/raw/plantvillage/raw/color/Tomato___Early_blight/4a063384-a4c0-4acc-a787-8236eb40a54e___RS_Erly.B 8281.JPG,4a063384-a4c0-4acc-a787-8236eb40a54e___RS_Erly.B 8281.JPG,Tomato___Early_blight,tomato__fungal__early_blight,tomato,fungal,Early Blight,256,256,3,1.0,RGB,JPEG,17.29,True,
datasets/raw/plantvillage/raw/color/Tomato___Early_blight/68d40fcc-8554-4973-9abc-27fc1928cc9c___RS_Erly.B 7595.JPG,68d40fcc-8554-4973-9abc-27fc1928cc9c___RS_Erly.B 7595.JPG,Tomato___Early_blight,tomato__fungal__early_blight,tomato,fungal,Early Blight,256,256,3,1.0,RGB,JPEG,9.42,True,
datasets/raw/plantvillage/raw/color/Tomato___Early_blight/2ffcdf9e-9cf5-492e-80f8-6f80cd0be7cb___RS_Erly.B 7421.JPG,2ffcdf9e-9cf5-492e-80f8-6f80cd0be7cb___RS_Erly.B 7421.JPG,Tomato___Early_blight,tomato__fungal__early_blight,tomato,fungal,Early Blight,256,256,3,1.0,RGB,JPEG,12.33,True,
datasets/raw/plantvillage/raw/color/Tomato___Early_blight/e330dc16-fdf9-4eee-8b09-88bfb5537180___RS_Erly.B 7601.JPG,e330dc16-fdf9-4eee-8b09-88bfb5537180___RS_Erly.B 7601.JPG,Tomato___Early_blight,tomato__fungal__early_blight,tomato,fungal,Early Blight,256,256,3,1.0,RGB,JPEG,10.41,True,
datasets/raw/plantvillage/raw/color/Tomato___Early_blight/f88be630-f853-48f8-b546-a2f7966368a2___RS_Erly.B 7418.JPG,f88be630-f853-48f8-b546-a2f7966368a2___RS_Erly.B 7418.JPG,Tomato___Early_blight,tomato__fungal__early_blight,tomato,fungal,Early Blight,256,256,3,1.0,RGB,JPEG,10.57,True,
datasets/raw/plantvillage/raw/color/Tomato___Early_blight/bcae6e76-f374-446e-b5c3-a7d18f1444f6___RS_Erly.B 7643.JPG,bcae6e76-f374-446e-b5c3-a7d18f1444f6___RS_Erly.B 7643.JPG,Tomato___Early_blight,tomato__fungal__early_blight,tomato,fungal,Early Blight,256,256,3,1.0,RGB,JPEG,12.65,True,
datasets/raw/plantvillage/raw/color/Tomato___Early_blight/1bff3ab2-9e99-4d4b-ad0e-acd943324050___RS_Erly.B 6460.JPG,1bff3ab2-9e99-4d4b-ad0e-acd943324050___RS_Erly.B 6460.JPG,Tomato___Early_blight,tomato__fungal__early_blight,tomato,fungal,Early Blight,256,256,3,1.0,RGB,JPEG,12.6,True,
datasets/raw/plantvillage/raw/color/Tomato___Early_blight/1f4c9f8a-5672-4e47-84dd-55f85f953174___RS_Erly.B 7582.JPG,1f4c9f8a-5672-4e47-84dd-55f85f953174___RS_Erly.B 7582.JPG,Tomato___Early_blight,tomato__fungal__early_blight,tomato,fungal,Early Blight,256,256,3,1.0,RGB,JPEG,12.5,True,
datasets/raw/plantvillage/raw/color/Tomato___Early_blight/4d88d7a6-b49c-4927-81de-60b6b807c839___RS_Erly.B 7655.JPG,4d88d7a6-b49c-4927-81de-60b6b807c839___RS_Erly.B 7655.JPG,Tomato___Early_blight,tomato__fungal__early_blight,tomato,fungal,Early Blight,256,256,3,1.0,RGB,JPEG,9.36,True,
datasets/raw/plantvillage/raw/color/Tomato___Early_blight/f40b2786-1a17-46e6-b2cb-4ac1beb386fa___RS_Erly.B 6483.JPG,f40b2786-1a17-46e6-b2cb-4ac1beb386fa___RS_Erly.B 6483.JPG,Tomato___Early_blight,tomato__fungal__early_blight,tomato,fungal,Early Blight,256,256,3,1.0,RGB,JPEG,12.65,True,
datasets/raw/plantvillage/raw/color/Tomato___Early_blight/9664a85d-6c90-46d7-98e6-cbf1b99cc53e___RS_Erly.B 7503.JPG,9664a85d-6c90-46d7-98e6-cbf1b99cc53e___RS_Erly.B 7503.JPG,Tomato___Early_blight,tomato__fungal__early_blight,tomato,fungal,Early Blight,256,256,3,1.0,RGB,JPEG,11.76,True,
datasets/raw/plantvillage/raw/color/Tomato___Early_blight/75128610-8633-4000-8f74-17b6cff222d7___RS_Erly.B 6341.JPG,75128610-8633-4000-8f74-17b6cff222d7___RS_Erly.B 6341.JPG,Tomato___Early_blight,tomato__fungal__early_blight,tomato,fungal,Early Blight,256,256,3,1.0,RGB,JPEG,12.93,True,
datasets/raw/plantvillage/raw/color/Tomato___Early_blight/8039671d-c264-49aa-bfbc-81fabe24b007___RS_Erly.B 9397.JPG,8039671d-c264-49aa-bfbc-81fabe24b007___RS_Erly.B 9397.JPG,Tomato___Early_blight,tomato__fungal__early_blight,tomato,fungal,Early Blight,256,256,3,1.0,RGB,JPEG,16.0,True,
datasets/raw/plantvillage/raw/color/Tomato___Early_blight/9407ce87-44ce-4c7f-89ae-1e497b44ae30___RS_Erly.B 9381.JPG,9407ce87-44ce-4c7f-89ae-1e497b44ae30___RS_Erly.B 9381.JPG,Tomato___Early_blight,tomato__fungal__early_blight,tomato,fungal,Early Blight,256,256,3,1.0,RGB,JPEG,16.02,True,
datasets/raw/plantvillage/raw/color/Tomato___Early_blight/e87f8d6a-9728-4d12-b6b3-e07c77db939b___RS_Erly.B 9576.JPG,e87f8d6a-9728-4d12-b6b3-e07c77db939b___RS_Erly.B 9576.JPG,Tomato___Early_blight,tomato__fungal__early_blight,tomato,fungal,Early Blight,256,256,3,1.0,RGB,JPEG,13.75,True,
datasets/raw/plantvillage/raw/color/Tomato___Early_blight/8c757ec5-a977-412f-bf8e-208fefc79063___RS_Erly.B 9504.JPG,8c757ec5-a977-412f-bf8e-208fefc79063___RS_Erly.B 9504.JPG,Tomato___Early_blight,tomato__fungal__early_blight,tomato,fungal,Early Blight,256,256,3,1.0,RGB,JPEG,16.66,True,
datasets/raw/plantvillage/raw/color/Tomato___Early_blight/bab7dc71-f5d2-4b07-a582-11a13f785b3d___RS_Erly.B 7764.JPG,bab7dc71-f5d2-4b07-a582-11a13f785b3d___RS_Erly.B 7764.JPG,Tomato___Early_blight,tomato__fungal__early_blight,tomato,fungal,Early Blight,256,256,3,1.0,RGB,JPEG,16.0,True,
datasets/raw/plantvillage/raw/color/Tomato___Early_blight/21f9a0a5-b145-40e7-8884-df2bb52eb592___RS_Erly.B 7391.JPG,21f9a0a5-b145-40e7-8884-df2bb52eb592___RS_Erly.B 7391.JPG,Tomato___Early_blight,tomato__fungal__early_blight,tomato,fungal,Early Blight,256,256,3,1.0,RGB,JPEG,15.94,True,
datasets/raw/plantvillage/raw/color/Tomato___Early_blight/cf8c6e28-201c-4c8e-994f-8dcf98362e64___RS_Erly.B 7651.JPG,cf8c6e28-201c-4c8e-994f-8dcf98362e64___RS_Erly.B 7651.JPG,Tomato___Early_blight,tomato__fungal__early_blight,tomato,fungal,Early Blight,256,256,3,1.0,RGB,JPEG,12.6,True,
datasets/raw/plantvillage/raw/color/Tomato___Early_blight/65bcbda1-eee5-4bab-ab07-128c2a2f8ed4___RS_Erly.B 7461.JPG,65bcbda1-eee5-4bab-ab07-128c2a2f8ed4___RS_Erly.B 7461.JPG,Tomato___Early_blight,tomato__fungal__early_blight,tomato,fungal,Early Blight,256,256,3,1.0,RGB,JPEG,11.62,True,
datasets/raw/plantvillage/raw/color/Tomato___Early_blight/5a62e38f-8042-4ca8-8df6-2bdeed7e9a7b___RS_Erly.B 9493.JPG,5a62e38f-8042-4ca8-8df6-2bdeed7e9a7b___RS_Erly.B 9493.JPG,Tomato___Early_blight,tomato__fungal__early_blight,tomato,fungal,Early Blight,256,256,3,1.0,RGB,JPEG,17.21,True,
datasets/raw/plantvillage/raw/color/Tomato___Early_blight/a7aac68f-92a8-42dd-ad5b-662c172fa594___RS_Erly.B 7579.JPG,a7aac68f-92a8-42dd-ad5b-662c172fa594___RS_Erly.B 7579.JPG,Tomato___Early_blight,tomato__fungal__early_blight,tomato,fungal,Early Blight,256,256,3,1.0,RGB,JPEG,8.92,True,
datasets/raw/plantvillage/raw/color/Tomato___Early_blight/203d84bc-4acc-4cad-b4f9-f659ae641876___RS_Erly.B 7615.JPG,203d84bc-4acc-4cad-b4f9-f659ae641876___RS_Erly.B 7615.JPG,Tomato___Early_blight,tomato__fungal__early_blight,tomato,fungal,Early Blight,256,256,3,1.0,RGB,JPEG,11.06,True,
datasets/raw/plantvillage/raw/color/Tomato___Early_blight/1bdb9ab4-1a7a-449a-b848-c446d7615d42___RS_Erly.B 8443.JPG,1bdb9ab4-1a7a-449a-b848-c446d7615d42___RS_Erly.B 8443.JPG,Tomato___Early_blight,tomato__fungal__early_blight,tomato,fungal,Early Blight,256,256,3,1.0,RGB,JPEG,16.84,True,
datasets/raw/plantvillage/raw/color/Tomato___Early_blight/e63371a7-2fb1-4446-9fb2-6d679485d2b0___RS_Erly.B 8415.JPG,e63371a7-2fb1-4446-9fb2-6d679485d2b0___RS_Erly.B 8415.JPG,Tomato___Early_blight,tomato__fungal__early_blight,tomato,fungal,Early Blight,256,256,3,1.0,RGB,JPEG,18.98,True,
datasets/raw/plantvillage/raw/color/Tomato___Early_blight/9cd2e960-3941-4b60-84fb-0ed227c26ed7___RS_Erly.B 7839.JPG,9cd2e960-3941-4b60-84fb-0ed227c26ed7___RS_Erly.B 7839.JPG,Tomato___Early_blight,tomato__fungal__early_blight,tomato,fungal,Early Blight,256,256,3,1.0,RGB,JPEG,13.91,True,
datasets/raw/plantvillage/raw/color/Tomato___Early_blight/f7357222-4e77-4c46-a0ff-a17e165a70ff___RS_Erly.B 9619.JPG,f7357222-4e77-4c46-a0ff-a17e165a70ff___RS_Erly.B 9619.JPG,Tomato___Early_blight,tomato__fungal__early_blight,tomato,fungal,Early Blight,256,256,3,1.0,RGB,JPEG,14.33,True,
datasets/raw/plantvillage/raw/color/Tomato___Early_blight/4d8cce21-a64f-4953-8c56-218f1611ed29___RS_Erly.B 7372.JPG,4d8cce21-a64f-4953-8c56-218f1611ed29___RS_Erly.B 7372.JPG,Tomato___Early_blight,tomato__fungal__early_blight,tomato,fungal,Early Blight,256,256,3,1.0,RGB,JPEG,14.31,True,
datasets/raw/plantvillage/raw/color/Tomato___Early_blight/52232f20-1d2d-4545-9a5c-76ed0f608bd2___RS_Erly.B 6445.JPG,52232f20-1d2d-4545-9a5c-76ed0f608bd2___RS_Erly.B 6445.JPG,Tomato___Early_blight,tomato__fungal__early_blight,tomato,fungal,Early Blight,256,256,3,1.0,RGB,JPEG,12.79,True,
datasets/raw/plantvillage/raw/color/Tomato___Early_blight/ca408b6b-bc8b-45a0-a04e-f0341169524c___RS_Erly.B 7640.JPG,ca408b6b-bc8b-45a0-a04e-f0341169524c___RS_Erly.B 7640.JPG,Tomato___Early_blight,tomato__fungal__early_blight,tomato,fungal,Early Blight,256,256,3,1.0,RGB,JPEG,10.3,True,
datasets/raw/plantvillage/raw/color/Tomato___Early_blight/1b4a2ad5-057d-4fac-9188-648edbe49751___RS_Erly.B 7767.JPG,1b4a2ad5-057d-4fac-9188-648edbe49751___RS_Erly.B 7767.JPG,Tomato___Early_blight,tomato__fungal__early_blight,tomato,fungal,Early Blight,256,256,3,1.0,RGB,JPEG,17.72,True,
datasets/raw/plantvillage/raw/color/Tomato___Early_blight/90c69e4c-c526-4f72-b0b0-4127fc6acb0a___RS_Erly.B 7782.JPG,90c69e4c-c526-4f72-b0b0-4127fc6acb0a___RS_Erly.B 7782.JPG,Tomato___Early_blight,tomato__fungal__early_blight,tomato,fungal,Early Blight,256,256,3,1.0,RGB,JPEG,20.56,True,
datasets/raw/plantvillage/raw/color/Tomato___Early_blight/1ba88993-c3f8-462d-bd1b-e10819b9c96f___RS_Erly.B 8396.JPG,1ba88993-c3f8-462d-bd1b-e10819b9c96f___RS_Erly.B 8396.JPG,Tomato___Early_blight,tomato__fungal__early_blight,tomato,fungal,Early Blight,256,256,3,1.0,RGB,JPEG,17.88,True,
datasets/raw/plantvillage/raw/color/Tomato___Early_blight/0cd1ebaf-3975-4749-b625-50b7b0751c36___RS_Erly.B 7508.JPG,0cd1ebaf-3975-4749-b625-50b7b0751c36___RS_Erly.B 7508.JPG,Tomato___Early_blight,tomato__fungal__early_blight,tomato,fungal,Early Blight,256,256,3,1.0,RGB,JPEG,14.75,True,
datasets/raw/plantvillage/raw/color/Tomato___Early_blight/c63ff9c7-0422-4a71-8727-7c2581fdee6e___RS_Erly.B 9406.JPG,c63ff9c7-0422-4a71-8727-7c2581fdee6e___RS_Erly.B 9406.JPG,Tomato___Early_blight,tomato__fungal__early_blight,tomato,fungal,Early Blight,256,256,3,1.0,RGB,JPEG,17.33,True,
datasets/raw/plantvillage/raw/color/Tomato___Early_blight/3e9af11d-b43d-4bfd-9cdf-1b0d847d3bf6___RS_Erly.B 7739.JPG,3e9af11d-b43d-4bfd-9cdf-1b0d847d3bf6___RS_Erly.B 7739.JPG,Tomato___Early_blight,tomato__fungal__early_blight,tomato,fungal,Early Blight,256,256,3,1.0,RGB,JPEG,17.51,True,
datasets/raw/plantvillage/raw/color/Tomato___Early_blight/29e36e1e-0857-4985-8d33-505290dff591___RS_Erly.B 6343.JPG,29e36e1e-0857-4985-8d33-505290dff591___RS_Erly.B 6343.JPG,Tomato___Early_blight,tomato__fungal__early_blight,tomato,fungal,Early Blight,256,256,3,1.0,RGB,JPEG,12.56,True,
datasets/raw/plantvillage/raw/color/Tomato___Early_blight/1c9e0f1a-7314-449c-9482-9059684ac82d___RS_Erly.B 7840.JPG,1c9e0f1a-7314-449c-9482-9059684ac82d___RS_Erly.B 7840.JPG,Tomato___Early_blight,tomato__fungal__early_blight,tomato,fungal,Early Blight,256,256,3,1.0,RGB,JPEG,12.94,True,
datasets/raw/plantvillage/raw/color/Tomato___Early_blight/22b653c4-9e15-4081-8ece-9b5950a94120___RS_Erly.B 7814.JPG,22b653c4-9e15-4081-8ece-9b5950a94120___RS_Erly.B 7814.JPG,Tomato___Early_blight,tomato__fungal__early_blight,tomato,fungal,Early Blight,256,256,3,1.0,RGB,JPEG,21.5,True,
datasets/raw/plantvillage/raw/color/Tomato___Early_blight/abb2b25f-a1a8-49c7-8bc9-a66dc224481d___RS_Erly.B 9573.JPG,abb2b25f-a1a8-49c7-8bc9-a66dc224481d___RS_Erly.B 9573.JPG,Tomato___Early_blight,tomato__fungal__early_blight,tomato,fungal,Early Blight,256,256,3,1.0,RGB,JPEG,14.47,True,
datasets/raw/plantvillage/raw/color/Tomato___Early_blight/cf2919ca-2b62-4f23-8a55-5dfa953db83c___RS_Erly.B 7352.JPG,cf2919ca-2b62-4f23-8a55-5dfa953db83c___RS_Erly.B 7352.JPG,Tomato___Early_blight,tomato__fungal__early_blight,tomato,fungal,Early Blight,256,256,3,1.0,RGB,JPEG,14.96,True,
datasets/raw/plantvillage/raw/color/Tomato___Early_blight/fcf8557f-890e-441b-9dc1-c8854f694f2e___RS_Erly.B 9505.JPG,fcf8557f-890e-441b-9dc1-c8854f694f2e___RS_Erly.B 9505.JPG,Tomato___Early_blight,tomato__fungal__early_blight,tomato,fungal,Early Blight,256,256,3,1.0,RGB,JPEG,17.08,True,
datasets/raw/plantvillage/raw/color/Tomato___Early_blight/bfbf7eb4-8a12-4595-96f7-dcec497d3917___RS_Erly.B 7682.JPG,bfbf7eb4-8a12-4595-96f7-dcec497d3917___RS_Erly.B 7682.JPG,Tomato___Early_blight,tomato__fungal__early_blight,tomato,fungal,Early Blight,256,256,3,1.0,RGB,JPEG,14.84,True,
datasets/raw/plantvillage/raw/color/Tomato___Early_blight/fb3352cc-9189-4214-8b94-a60c6a392c96___RS_Erly.B 9600.JPG,fb3352cc-9189-4214-8b94-a60c6a392c96___RS_Erly.B 9600.JPG,Tomato___Early_blight,tomato__fungal__early_blight,tomato,fungal,Early Blight,256,256,3,1.0,RGB,JPEG,14.03,True,
datasets/raw/plantvillage/raw/color/Tomato___Early_blight/cd2d8a7b-2389-4a2c-8647-b986092fa506___RS_Erly.B 8377.JPG,cd2d8a7b-2389-4a2c-8647-b986092fa506___RS_Erly.B 8377.JPG,Tomato___Early_blight,tomato__fungal__early_blight,tomato,fungal,Early Blight,256,256,3,1.0,RGB,JPEG,19.43,True,
datasets/raw/plantvillage/raw/color/Tomato___Early_blight/96aa2fd2-d8dc-4650-9b56-7b0f25f27edf___RS_Erly.B 7821.JPG,96aa2fd2-d8dc-4650-9b56-7b0f25f27edf___RS_Erly.B 7821.JPG,Tomato___Early_blight,tomato__fungal__early_blight,tomato,fungal,Early Blight,256,256,3,1.0,RGB,JPEG,21.37,True,
datasets/raw/plantvillage/raw/color/Tomato___Early_blight/a86f36c6-2089-4367-ba3e-5b7c8b3c0084___RS_Erly.B 7492.JPG,a86f36c6-2089-4367-ba3e-5b7c8b3c0084___RS_Erly.B 7492.JPG,Tomato___Early_blight,tomato__fungal__early_blight,tomato,fungal,Early Blight,256,256,3,1.0,RGB,JPEG,15.94,True,
datasets/raw/plantvillage/raw/color/Tomato___Early_blight/1c71757d-d351-4016-b5bb-06a63d0f2e24___RS_Erly.B 6388.JPG,1c71757d-d351-4016-b5bb-06a63d0f2e24___RS_Erly.B 6388.JPG,Tomato___Early_blight,tomato__fungal__early_blight,tomato,fungal,Early Blight,256,256,3,1.0,RGB,JPEG,12.25,True,
datasets/raw/plantvillage/raw/color/Tomato___Early_blight/055ae8d8-09e1-4b27-b385-9ff8a3e0eaae___RS_Erly.B 8247.JPG,055ae8d8-09e1-4b27-b385-9ff8a3e0eaae___RS_Erly.B 8247.JPG,Tomato___Early_blight,tomato__fungal__early_blight,tomato,fungal,Early Blight,256,256,3,1.0,RGB,JPEG,16.72,True,
datasets/raw/plantvillage/raw/color/Tomato___Early_blight/18815a60-8297-46e0-922f-e6a0fea818ef___RS_Erly.B 7808.JPG,18815a60-8297-46e0-922f-e6a0fea818ef___RS_Erly.B 7808.JPG,Tomato___Early_blight,tomato__fungal__early_blight,tomato,fungal,Early Blight,256,256,3,1.0,RGB,JPEG,18.32,True,
datasets/raw/plantvillage/raw/color/Tomato___Early_blight/197fa869-c124-436e-b3cd-bced95f52a8e___RS_Erly.B 7834.JPG,197fa869-c124-436e-b3cd-bced95f52a8e___RS_Erly.B 7834.JPG,Tomato___Early_blight,tomato__fungal__early_blight,tomato,fungal,Early Blight,256,256,3,1.0,RGB,JPEG,19.19,True,
datasets/raw/plantvillage/raw/color/Tomato___Early_blight/669eda4d-aa2e-4d84-9146-c96b047eb70e___RS_Erly.B 6369.JPG,669eda4d-aa2e-4d84-9146-c96b047eb70e___RS_Erly.B 6369.JPG,Tomato___Early_blight,tomato__fungal__early_blight,tomato,fungal,Early Blight,256,256,3,1.0,RGB,JPEG,12.48,True,
datasets/raw/plantvillage/raw/color/Tomato___Early_blight/0f03a09c-aa48-4d51-95e1-752c466c3742___RS_Erly.B 6413.JPG,0f03a09c-aa48-4d51-95e1-752c466c3742___RS_Erly.B 6413.JPG,Tomato___Early_blight,tomato__fungal__early_blight,tomato,fungal,Early Blight,256,256,3,1.0,RGB,JPEG,12.15,True,
datasets/raw/plantvillage/raw/color/Tomato___Early_blight/66779f6e-2eb3-4bd5-82c1-e00bab5b3b9b___RS_Erly.B 7374.JPG,66779f6e-2eb3-4bd5-82c1-e00bab5b3b9b___RS_Erly.B 7374.JPG,Tomato___Early_blight,tomato__fungal__early_blight,tomato,fungal,Early Blight,256,256,3,1.0,RGB,JPEG,15.33,True,
datasets/raw/plantvillage/raw/color/Tomato___Early_blight/dc64e0f0-9f55-4341-b256-649bebd6ca75___RS_Erly.B 7785.JPG,dc64e0f0-9f55-4341-b256-649bebd6ca75___RS_Erly.B 7785.JPG,Tomato___Early_blight,tomato__fungal__early_blight,tomato,fungal,Early Blight,256,256,3,1.0,RGB,JPEG,17.73,True,
datasets/raw/plantvillage/raw/color/Tomato___Early_blight/9b0106a7-eb90-4bb2-beec-6c9eb2d90d4b___RS_Erly.B 7424.JPG,9b0106a7-eb90-4bb2-beec-6c9eb2d90d4b___RS_Erly.B 7424.JPG,Tomato___Early_blight,tomato__fungal__early_blight,tomato,fungal,Early Blight,256,256,3,1.0,RGB,JPEG,18.2,True,
datasets/raw/plantvillage/raw/color/Tomato___Early_blight/64ef53fa-26cc-4734-8a94-6f83a108817f___RS_Erly.B 6348.JPG,64ef53fa-26cc-4734-8a94-6f83a108817f___RS_Erly.B 6348.JPG,Tomato___Early_blight,tomato__fungal__early_blight,tomato,fungal,Early Blight,256,256,3,1.0,RGB,JPEG,10.31,True,
datasets/raw/plantvillage/raw/color/Tomato___Early_blight/f5ec4428-6e58-4bc6-9ba2-3a6f5b4f374e___RS_Erly.B 6365.JPG,f5ec4428-6e58-4bc6-9ba2-3a6f5b4f374e___RS_Erly.B 6365.JPG,Tomato___Early_blight,tomato__fungal__early_blight,tomato,fungal,Early Blight,256,256,3,1.0,RGB,JPEG,13.22,True,
datasets/raw/plantvillage/raw/color/Tomato___Early_blight/4e3f49fc-2ff8-4d00-979d-3c15f4d90db8___RS_Erly.B 7708.JPG,4e3f49fc-2ff8-4d00-979d-3c15f4d90db8___RS_Erly.B 7708.JPG,Tomato___Early_blight,tomato__fungal__early_blight,tomato,fungal,Early Blight,256,256,3,1.0,RGB,JPEG,11.2,True,
datasets/raw/plantvillage/raw/color/Tomato___Early_blight/6c124f22-619b-44fc-a3d1-231286d4bfda___RS_Erly.B 6403.JPG,6c124f22-619b-44fc-a3d1-231286d4bfda___RS_Erly.B 6403.JPG,Tomato___Early_blight,tomato__fungal__early_blight,tomato,fungal,Early Blight,256,256,3,1.0,RGB,JPEG,14.7,True,
datasets/raw/plantvillage/raw/color/Tomato___Early_blight/893b7469-eb50-4567-9292-dc8f7610c311___RS_Erly.B 6442.JPG,893b7469-eb50-4567-9292-dc8f7610c311___RS_Erly.B 6442.JPG,Tomato___Early_blight,tomato__fungal__early_blight,tomato,fungal,Early Blight,256,256,3,1.0,RGB,JPEG,11.77,True,
datasets/raw/plantvillage/raw/color/Tomato___Early_blight/b037f266-a24e-4f2c-9115-cf2eadd17293___RS_Erly.B 8214.JPG,b037f266-a24e-4f2c-9115-cf2eadd17293___RS_Erly.B 8214.JPG,Tomato___Early_blight,tomato__fungal__early_blight,tomato,fungal,Early Blight,256,256,3,1.0,RGB,JPEG,17.48,True,
datasets/raw/plantvillage/raw/color/Tomato___Early_blight/33cd99f1-1f8a-497b-b4fc-60ff78af4b8a___RS_Erly.B 8378.JPG,33cd99f1-1f8a-497b-b4fc-60ff78af4b8a___RS_Erly.B 8378.JPG,Tomato___Early_blight,tomato__fungal__early_blight,tomato,fungal,Early Blight,256,256,3,1.0,RGB,JPEG,18.72,True,
datasets/raw/plantvillage/raw/color/Tomato___Early_blight/3c5b8470-8596-44bf-baa3-164a03e1c818___RS_Erly.B 9611.JPG,3c5b8470-8596-44bf-baa3-164a03e1c818___RS_Erly.B 9611.JPG,Tomato___Early_blight,tomato__fungal__early_blight,tomato,fungal,Early Blight,256,256,3,1.0,RGB,JPEG,13.11,True,
datasets/raw/plantvillage/raw/color/Tomato___Early_blight/b6bdfe3b-7cb9-48e1-86b2-4ccaf3770af1___RS_Erly.B 9477.JPG,b6bdfe3b-7cb9-48e1-86b2-4ccaf3770af1___RS_Erly.B 9477.JPG,Tomato___Early_blight,tomato__fungal__early_blight,tomato,fungal,Early Blight,256,256,3,1.0,RGB,JPEG,16.63,True,
datasets/raw/plantvillage/raw/color/Tomato___Early_blight/8a1d3598-cd1d-4978-9e18-b5e205108540___RS_Erly.B 8315.JPG,8a1d3598-cd1d-4978-9e18-b5e205108540___RS_Erly.B 8315.JPG,Tomato___Early_blight,tomato__fungal__early_blight,tomato,fungal,Early Blight,256,256,3,1.0,RGB,JPEG,16.73,True,
datasets/raw/plantvillage/raw/color/Tomato___Early_blight/f63f3650-9f84-45f9-898b-a6adef0294a3___RS_Erly.B 8419.JPG,f63f3650-9f84-45f9-898b-a6adef0294a3___RS_Erly.B 8419.JPG,Tomato___Early_blight,tomato__fungal__early_blight,tomato,fungal,Early Blight,256,256,3,1.0,RGB,JPEG,17.53,True,
datasets/raw/plantvillage/raw/color/Tomato___Early_blight/90fd6e55-0c2c-4c8e-8742-5a87bc669633___RS_Erly.B 7356.JPG,90fd6e55-0c2c-4c8e-8742-5a87bc669633___RS_Erly.B 7356.JPG,Tomato___Early_blight,tomato__fungal__early_blight,tomato,fungal,Early Blight,256,256,3,1.0,RGB,JPEG,15.41,True,
datasets/raw/plantvillage/raw/color/Tomato___Early_blight/b7ca5e36-608f-4441-9549-88b011e7088a___RS_Erly.B 7753.JPG,b7ca5e36-608f-4441-9549-88b011e7088a___RS_Erly.B 7753.JPG,Tomato___Early_blight,tomato__fungal__early_blight,tomato,fungal,Early Blight,256,256,3,1.0,RGB,JPEG,17.3,True,
datasets/raw/plantvillage/raw/color/Tomato___Early_blight/d0b75b16-bdf9-4e9d-bac9-47bf98c6258a___RS_Erly.B 6416.JPG,d0b75b16-bdf9-4e9d-bac9-47bf98c6258a___RS_Erly.B 6416.JPG,Tomato___Early_blight,tomato__fungal__early_blight,tomato,fungal,Early Blight,256,256,3,1.0,RGB,JPEG,13.0,True,
datasets/raw/plantvillage/raw/color/Tomato___Early_blight/8405be22-ecbb-4cec-a87d-e0d454b9926d___RS_Erly.B 7847.JPG,8405be22-ecbb-4cec-a87d-e0d454b9926d___RS_Erly.B 7847.JPG,Tomato___Early_blight,tomato__fungal__early_blight,tomato,fungal,Early Blight,256,256,3,1.0,RGB,JPEG,17.31,True,
datasets/raw/plantvillage/raw/color/Tomato___Early_blight/c8dd6713-727e-4811-b951-e70e44d0c483___RS_Erly.B 7817.JPG,c8dd6713-727e-4811-b951-e70e44d0c483___RS_Erly.B 7817.JPG,Tomato___Early_blight,tomato__fungal__early_blight,tomato,fungal,Early Blight,256,256,3,1.0,RGB,JPEG,11.9,True,
datasets/raw/plantvillage/raw/color/Tomato___Early_blight/de57a88b-7170-4eca-93f6-330df50fa8b5___RS_Erly.B 9541.JPG,de57a88b-7170-4eca-93f6-330df50fa8b5___RS_Erly.B 9541.JPG,Tomato___Early_blight,tomato__fungal__early_blight,tomato,fungal,Early Blight,256,256,3,1.0,RGB,JPEG,10.35,True,
datasets/raw/plantvillage/raw/color/Tomato___Early_blight/baea464c-e54b-4e22-8bbc-8047d19ed0cf___RS_Erly.B 8323.JPG,baea464c-e54b-4e22-8bbc-8047d19ed0cf___RS_Erly.B 8323.JPG,Tomato___Early_blight,tomato__fungal__early_blight,tomato,fungal,Early Blight,256,256,3,1.0,RGB,JPEG,17.77,True,
datasets/raw/plantvillage/raw/color/Tomato___Early_blight/c73fd35a-bc55-46c3-baf3-a943a6e396c5___RS_Erly.B 9563.JPG,c73fd35a-bc55-46c3-baf3-a943a6e396c5___RS_Erly.B 9563.JPG,Tomato___Early_blight,tomato__fungal__early_blight,tomato,fungal,Early Blight,256,256,3,1.0,RGB,JPEG,11.7,True,
datasets/raw/plantvillage/raw/color/Tomato___Early_blight/7a259d3d-cca4-4041-88ec-d3140cd96f25___RS_Erly.B 7415.JPG,7a259d3d-cca4-4041-88ec-d3140cd96f25___RS_Erly.B 7415.JPG,Tomato___Early_blight,tomato__fungal__early_blight,tomato,fungal,Early Blight,256,256,3,1.0,RGB,JPEG,13.65,True,
datasets/raw/plantvillage/raw/color/Tomato___Early_blight/3a7c19c6-a86d-4127-b00e-600cb0244ac4___RS_Erly.B 6415.JPG,3a7c19c6-a86d-4127-b00e-600cb0244ac4___RS_Erly.B 6415.JPG,Tomato___Early_blight,tomato__fungal__early_blight,tomato,fungal,Early Blight,256,256,3,1.0,RGB,JPEG,13.25,True,
datasets/raw/plantvillage/raw/color/Tomato___Early_blight/2763c9bc-ecc6-4f1a-86a7-ef8ffa370420___RS_Erly.B 8422.JPG,2763c9bc-ecc6-4f1a-86a7-ef8ffa370420___RS_Erly.B 8422.JPG,Tomato___Early_blight,tomato__fungal__early_blight,tomato,fungal,Early Blight,256,256,3,1.0,RGB,JPEG,17.07,True,
datasets/raw/plantvillage/raw/color/Tomato___Early_blight/72e0c27a-891e-4864-a473-c44d578ad2ed___RS_Erly.B 7622.JPG,72e0c27a-891e-4864-a473-c44d578ad2ed___RS_Erly.B 7622.JPG,Tomato___Early_blight,tomato__fungal__early_blight,tomato,fungal,Early Blight,256,256,3,1.0,RGB,JPEG,12.51,True,
datasets/raw/plantvillage/raw/color/Tomato___Early_blight/c5b268b2-80e3-45b2-8ba8-2412df3d6444___RS_Erly.B 7364.JPG,c5b268b2-80e3-45b2-8ba8-2412df3d6444___RS_Erly.B 7364.JPG,Tomato___Early_blight,tomato__fungal__early_blight,tomato,fungal,Early Blight,256,256,3,1.0,RGB,JPEG,12.38,True,
datasets/raw/plantvillage/raw/color/Tomato___Early_blight/4a352896-5a0f-4e42-aba1-f06045d5b531___RS_Erly.B 7765.JPG,4a352896-5a0f-4e42-aba1-f06045d5b531___RS_Erly.B 7765.JPG,Tomato___Early_blight,tomato__fungal__early_blight,tomato,fungal,Early Blight,256,256,3,1.0,RGB,JPEG,12.32,True,
datasets/raw/plantvillage/raw/color/Tomato___Early_blight/7fe26a53-b4d8-4069-bb0a-1c6d19cbc4e1___RS_Erly.B 7810.JPG,7fe26a53-b4d8-4069-bb0a-1c6d19cbc4e1___RS_Erly.B 7810.JPG,Tomato___Early_blight,tomato__fungal__early_blight,tomato,fungal,Early Blight,256,256,3,1.0,RGB,JPEG,22.31,True,
datasets/raw/plantvillage/raw/color/Tomato___Early_blight/f188144b-d52c-40c5-a06f-07d5796f9ab0___RS_Erly.B 9553.JPG,f188144b-d52c-40c5-a06f-07d5796f9ab0___RS_Erly.B 9553.JPG,Tomato___Early_blight,tomato__fungal__early_blight,tomato,fungal,Early Blight,256,256,3,1.0,RGB,JPEG,13.1,True,
datasets/raw/plantvillage/raw/color/Tomato___Early_blight/8d4ae220-8a79-4ca0-886c-92e90fc7efb2___RS_Erly.B 7625.JPG,8d4ae220-8a79-4ca0-886c-92e90fc7efb2___RS_Erly.B 7625.JPG,Tomato___Early_blight,tomato__fungal__early_blight,tomato,fungal,Early Blight,256,256,3,1.0,RGB,JPEG,15.1,True,
datasets/raw/plantvillage/raw/color/Tomato___Early_blight/e81dfd96-227c-41a7-8cf8-dbc14f2e4b33___RS_Erly.B 7407.JPG,e81dfd96-227c-41a7-8cf8-dbc14f2e4b33___RS_Erly.B 7407.JPG,Tomato___Early_blight,tomato__fungal__early_blight,tomato,fungal,Early Blight,256,256,3,1.0,RGB,JPEG,12.63,True,
datasets/raw/plantvillage/raw/color/Tomato___Early_blight/0abc57ec-7f3b-482a-8579-21f3b2fb780b___RS_Erly.B 7609.JPG,0abc57ec-7f3b-482a-8579-21f3b2fb780b___RS_Erly.B 7609.JPG,Tomato___Early_blight,tomato__fungal__early_blight,tomato,fungal,Early Blight,256,256,3,1.0,RGB,JPEG,14.62,True,
datasets/raw/plantvillage/raw/color/Tomato___Early_blight/d0efac0c-12e0-4481-bf88-a99d9407b31b___RS_Erly.B 6466.JPG,d0efac0c-12e0-4481-bf88-a99d9407b31b___RS_Erly.B 6466.JPG,Tomato___Early_blight,tomato__fungal__early_blight,tomato,fungal,Early Blight,256,256,3,1.0,RGB,JPEG,13.53,True,
datasets/raw/plantvillage/raw/color/Tomato___Early_blight/b4cfa208-cee0-4383-b0e2-6988814fbb9a___RS_Erly.B 7645.JPG,b4cfa208-cee0-4383-b0e2-6988814fbb9a___RS_Erly.B 7645.JPG,Tomato___Early_blight,tomato__fungal__early_blight,tomato,fungal,Early Blight,256,256,3,1.0,RGB,JPEG,9.72,True,
datasets/raw/plantvillage/raw/color/Tomato___Early_blight/d368153c-6779-4a7e-a82d-9ae10dd36bb2___RS_Erly.B 7678.JPG,d368153c-6779-4a7e-a82d-9ae10dd36bb2___RS_Erly.B 7678.JPG,Tomato___Early_blight,tomato__fungal__early_blight,tomato,fungal,Early Blight,256,256,3,1.0,RGB,JPEG,17.68,True,
datasets/raw/plantvillage/raw/color/Tomato___Early_blight/bef16984-17c5-4796-9496-85808dfa3a56___RS_Erly.B 9405.JPG,bef16984-17c5-4796-9496-85808dfa3a56___RS_Erly.B 9405.JPG,Tomato___Early_blight,tomato__fungal__early_blight,tomato,fungal,Early Blight,256,256,3,1.0,RGB,JPEG,15.48,True,
datasets/raw/plantvillage/raw/color/Tomato___Early_blight/a52492e3-7916-4a13-a175-6a6c0dd3440a___RS_Erly.B 7613.JPG,a52492e3-7916-4a13-a175-6a6c0dd3440a___RS_Erly.B 7613.JPG,Tomato___Early_blight,tomato__fungal__early_blight,tomato,fungal,Early Blight,256,256,3,1.0,RGB,JPEG,14.37,True,
datasets/raw/plantvillage/raw/color/Tomato___Early_blight/9f98d981-b130-4238-aa34-21b0edfc1eaf___RS_Erly.B 7806.JPG,9f98d981-b130-4238-aa34-21b0edfc1eaf___RS_Erly.B 7806.JPG,Tomato___Early_blight,tomato__fungal__early_blight,tomato,fungal,Early Blight,256,256,3,1.0,RGB,JPEG,21.66,True,
datasets/raw/plantvillage/raw/color/Tomato___Early_blight/297feea8-4707-4d39-a6af-b1c0e3403935___RS_Erly.B 7816.JPG,297feea8-4707-4d39-a6af-b1c0e3403935___RS_Erly.B 7816.JPG,Tomato___Early_blight,tomato__fungal__early_blight,tomato,fungal,Early Blight,256,256,3,1.0,RGB,JPEG,14.38,True,
datasets/raw/plantvillage/raw/color/Tomato___Early_blight/9b617d8b-b252-4a29-9af5-10ea563eb785___RS_Erly.B 7707.JPG,9b617d8b-b252-4a29-9af5-10ea563eb785___RS_Erly.B 7707.JPG,Tomato___Early_blight,tomato__fungal__early_blight,tomato,fungal,Early Blight,256,256,3,1.0,RGB,JPEG,18.32,True,
datasets/raw/plantvillage/raw/color/Tomato___Early_blight/65568918-2d9c-4f0c-aa9d-3f4fa8b9a60c___RS_Erly.B 7354.JPG,65568918-2d9c-4f0c-aa9d-3f4fa8b9a60c___RS_Erly.B 7354.JPG,Tomato___Early_blight,tomato__fungal__early_blight,tomato,fungal,Early Blight,256,256,3,1.0,RGB,JPEG,12.41,True,
datasets/raw/plantvillage/raw/color/Tomato___Early_blight/b559ff8f-efd7-4897-8596-69447c2e6b89___RS_Erly.B 6409.JPG,b559ff8f-efd7-4897-8596-69447c2e6b89___RS_Erly.B 6409.JPG,Tomato___Early_blight,tomato__fungal__early_blight,tomato,fungal,Early Blight,256,256,3,1.0,RGB,JPEG,12.76,True,
datasets/raw/plantvillage/raw/color/Tomato___Early_blight/b86c17e0-d24a-4edf-a67f-c16c421d36ae___RS_Erly.B 7746.JPG,b86c17e0-d24a-4edf-a67f-c16c421d36ae___RS_Erly.B 7746.JPG,Tomato___Early_blight,tomato__fungal__early_blight,tomato,fungal,Early Blight,256,256,3,1.0,RGB,JPEG,23.52,True,
datasets/raw/plantvillage/raw/color/Tomato___Early_blight/28d9f1bd-ee80-46e1-b89c-5a855f0c8400___RS_Erly.B 7818.JPG,28d9f1bd-ee80-46e1-b89c-5a855f0c8400___RS_Erly.B 7818.JPG,Tomato___Early_blight,tomato__fungal__early_blight,tomato,fungal,Early Blight,256,256,3,1.0,RGB,JPEG,21.07,True,
datasets/raw/plantvillage/raw/color/Tomato___Early_blight/d4f5f0b5-3706-437f-826c-6328d479cba6___RS_Erly.B 9516.JPG,d4f5f0b5-3706-437f-826c-6328d479cba6___RS_Erly.B 9516.JPG,Tomato___Early_blight,tomato__fungal__early_blight,tomato,fungal,Early Blight,256,256,3,1.0,RGB,JPEG,11.95,True,
datasets/raw/plantvillage/raw/color/Tomato___Early_blight/dc474f67-5e4c-4c60-b1fd-aaafea2bc34c___RS_Erly.B 9519.JPG,dc474f67-5e4c-4c60-b1fd-aaafea2bc34c___RS_Erly.B 9519.JPG,Tomato___Early_blight,tomato__fungal__early_blight,tomato,fungal,Early Blight,256,256,3,1.0,RGB,JPEG,11.79,True,
datasets/raw/plantvillage/raw/color/Tomato___Early_blight/00c5c908-fc25-4710-a109-db143da23112___RS_Erly.B 7778.JPG,00c5c908-fc25-4710-a109-db143da23112___RS_Erly.B 7778.JPG,Tomato___Early_blight,tomato__fungal__early_blight,tomato,fungal,Early Blight,256,256,3,1.0,RGB,JPEG,22.16,True,
datasets/raw/plantvillage/raw/color/Tomato___Early_blight/583a02eb-f2f2-4a62-8455-f77e08fc19c4___RS_Erly.B 8266.JPG,583a02eb-f2f2-4a62-8455-f77e08fc19c4___RS_Erly.B 8266.JPG,Tomato___Early_blight,tomato__fungal__early_blight,tomato,fungal,Early Blight,256,256,3,1.0,RGB,JPEG,16.44,True,
datasets/raw/plantvillage/raw/color/Tomato___Early_blight/a40e0118-57f7-4a3c-92f5-07e968449dd0___RS_Erly.B 9536.JPG,a40e0118-57f7-4a3c-92f5-07e968449dd0___RS_Erly.B 9536.JPG,Tomato___Early_blight,tomato__fungal__early_blight,tomato,fungal,Early Blight,256,256,3,1.0,RGB,JPEG,12.71,True,
datasets/raw/plantvillage/raw/color/Tomato___Early_blight/240300f1-a601-4363-84e8-670af8a124a1___RS_Erly.B 7762.JPG,240300f1-a601-4363-84e8-670af8a124a1___RS_Erly.B 7762.JPG,Tomato___Early_blight,tomato__fungal__early_blight,tomato,fungal,Early Blight,256,256,3,1.0,RGB,JPEG,19.5,True,
datasets/raw/plantvillage/raw/color/Tomato___Early_blight/d3b3f060-60d3-4b72-8797-8406fcf2815f___RS_Erly.B 7607.JPG,d3b3f060-60d3-4b72-8797-8406fcf2815f___RS_Erly.B 7607.JPG,Tomato___Early_blight,tomato__fungal__early_blight,tomato,fungal,Early Blight,256,256,3,1.0,RGB,JPEG,12.38,True,
datasets/raw/plantvillage/raw/color/Tomato___Early_blight/e2e0a1a0-4f52-4320-ac24-69fa7f0fd033___RS_Erly.B 9596.JPG,e2e0a1a0-4f52-4320-ac24-69fa7f0fd033___RS_Erly.B 9596.JPG,Tomato___Early_blight,tomato__fungal__early_blight,tomato,fungal,Early Blight,256,256,3,1.0,RGB,JPEG,12.83,True,
datasets/raw/plantvillage/raw/color/Tomato___Early_blight/17d051ce-efe1-486e-b5ed-b71b1317a9f0___RS_Erly.B 9614.JPG,17d051ce-efe1-486e-b5ed-b71b1317a9f0___RS_Erly.B 9614.JPG,Tomato___Early_blight,tomato__fungal__early_blight,tomato,fungal,Early Blight,256,256,3,1.0,RGB,JPEG,12.95,True,
datasets/raw/plantvillage/raw/color/Tomato___Early_blight/0ae44a6c-1213-4312-a11b-c7c5d4e585d0___RS_Erly.B 9442.JPG,0ae44a6c-1213-4312-a11b-c7c5d4e585d0___RS_Erly.B 9442.JPG,Tomato___Early_blight,tomato__fungal__early_blight,tomato,fungal,Early Blight,256,256,3,1.0,RGB,JPEG,14.0,True,
datasets/raw/plantvillage/raw/color/Tomato___Early_blight/f870ea24-aac9-41cd-92a3-72f87d395c33___RS_Erly.B 7598.JPG,f870ea24-aac9-41cd-92a3-72f87d395c33___RS_Erly.B 7598.JPG,Tomato___Early_blight,tomato__fungal__early_blight,tomato,fungal,Early Blight,256,256,3,1.0,RGB,JPEG,9.15,True,
datasets/raw/plantvillage/raw/color/Tomato___Early_blight/1829d517-53ae-48a9-b721-5043dd10d0d2___RS_Erly.B 9518.JPG,1829d517-53ae-48a9-b721-5043dd10d0d2___RS_Erly.B 9518.JPG,Tomato___Early_blight,tomato__fungal__early_blight,tomato,fungal,Early Blight,256,256,3,1.0,RGB,JPEG,9.41,True,
datasets/raw/plantvillage/raw/color/Tomato___Early_blight/3d8e1f90-be34-4da7-b124-a98eddb346d1___RS_Erly.B 7414.JPG,3d8e1f90-be34-4da7-b124-a98eddb346d1___RS_Erly.B 7414.JPG,Tomato___Early_blight,tomato__fungal__early_blight,tomato,fungal,Early Blight,256,256,3,1.0,RGB,JPEG,11.79,True,
datasets/raw/plantvillage/raw/color/Tomato___Early_blight/0b494c44-8cd0-4491-bdfd-8a354209c3ae___RS_Erly.B 9561.JPG,0b494c44-8cd0-4491-bdfd-8a354209c3ae___RS_Erly.B 9561.JPG,Tomato___Early_blight,tomato__fungal__early_blight,tomato,fungal,Early Blight,256,256,3,1.0,RGB,JPEG,11.6,True,
datasets/raw/plantvillage/raw/color/Tomato___Early_blight/48dd3efc-400d-4b81-a569-13a51083df58___RS_Erly.B 7718.JPG,48dd3efc-400d-4b81-a569-13a51083df58___RS_Erly.B 7718.JPG,Tomato___Early_blight,tomato__fungal__early_blight,tomato,fungal,Early Blight,256,256,3,1.0,RGB,JPEG,23.06,True,
datasets/raw/plantvillage/raw/color/Tomato___Early_blight/0efaac13-1988-48db-aec3-f31df3045b95___RS_Erly.B 8342.JPG,0efaac13-1988-48db-aec3-f31df3045b95___RS_Erly.B 8342.JPG,Tomato___Early_blight,tomato__fungal__early_blight,tomato,fungal,Early Blight,256,256,3,1.0,RGB,JPEG,18.72,True,
datasets/raw/plantvillage/raw/color/Tomato___Early_blight/65590648-dcda-4455-b1ca-9311e4e6d0af___RS_Erly.B 7659.JPG,65590648-dcda-4455-b1ca-9311e4e6d0af___RS_Erly.B 7659.JPG,Tomato___Early_blight,tomato__fungal__early_blight,tomato,fungal,Early Blight,256,256,3,1.0,RGB,JPEG,12.87,True,
datasets/raw/plantvillage/raw/color/Tomato___Early_blight/e803b217-d9a9-4b0d-9ea1-679145625159___RS_Erly.B 9571.JPG,e803b217-d9a9-4b0d-9ea1-679145625159___RS_Erly.B 9571.JPG,Tomato___Early_blight,tomato__fungal__early_blight,tomato,fungal,Early Blight,256,256,3,1.0,RGB,JPEG,14.01,True,
datasets/raw/plantvillage/raw/color/Tomato___Early_blight/a007bf16-ab14-4d3c-99b1-0710882cbb17___RS_Erly.B 9388.JPG,a007bf16-ab14-4d3c-99b1-0710882cbb17___RS_Erly.B 9388.JPG,Tomato___Early_blight,tomato__fungal__early_blight,tomato,fungal,Early Blight,256,256,3,1.0,RGB,JPEG,17.13,True,
datasets/raw/plantvillage/raw/color/Tomato___Early_blight/12c1c25b-6809-45d8-9a20-969de7860b5d___RS_Erly.B 6372.JPG,12c1c25b-6809-45d8-9a20-969de7860b5d___RS_Erly.B 6372.JPG,Tomato___Early_blight,tomato__fungal__early_blight,tomato,fungal,Early Blight,256,256,3,1.0,RGB,JPEG,11.72,True,
datasets/raw/plantvillage/raw/color/Tomato___Early_blight/a67b9ba1-99ff-4826-8f7b-1b89ca61980e___RS_Erly.B 7597.JPG,a67b9ba1-99ff-4826-8f7b-1b89ca61980e___RS_Erly.B 7597.JPG,Tomato___Early_blight,tomato__fungal__early_blight,tomato,fungal,Early Blight,256,256,3,1.0,RGB,JPEG,9.09,True,
datasets/raw/plantvillage/raw/color/Tomato___Early_blight/df9e0c7e-59cb-4a87-abbd-66f0f78e5130___RS_Erly.B 8275.JPG,df9e0c7e-59cb-4a87-abbd-66f0f78e5130___RS_Erly.B 8275.JPG,Tomato___Early_blight,tomato__fungal__early_blight,tomato,fungal,Early Blight,256,256,3,1.0,RGB,JPEG,17.05,True,
datasets/raw/plantvillage/raw/color/Tomato___Early_blight/26b721c9-94fd-4e19-bb7e-521238eb8a1b___RS_Erly.B 9380.JPG,26b721c9-94fd-4e19-bb7e-521238eb8a1b___RS_Erly.B 9380.JPG,Tomato___Early_blight,tomato__fungal__early_blight,tomato,fungal,Early Blight,256,256,3,1.0,RGB,JPEG,15.49,True,
datasets/raw/plantvillage/raw/color/Tomato___Early_blight/99cfe9bb-77a1-4bd6-9c48-58fffac2a133___RS_Erly.B 7387.JPG,99cfe9bb-77a1-4bd6-9c48-58fffac2a133___RS_Erly.B 7387.JPG,Tomato___Early_blight,tomato__fungal__early_blight,tomato,fungal,Early Blight,256,256,3,1.0,RGB,JPEG,14.84,True,
datasets/raw/plantvillage/raw/color/Tomato___Early_blight/5d89c2ab-31d9-4f0a-bd00-2c2475b2a037___RS_Erly.B 9377.JPG,5d89c2ab-31d9-4f0a-bd00-2c2475b2a037___RS_Erly.B 9377.JPG,Tomato___Early_blight,tomato__fungal__early_blight,tomato,fungal,Early Blight,256,256,3,1.0,RGB,JPEG,16.55,True,
datasets/raw/plantvillage/raw/color/Tomato___Early_blight/7c691a49-8a56-49d2-856f-6c20c34e257b___RS_Erly.B 9586.JPG,7c691a49-8a56-49d2-856f-6c20c34e257b___RS_Erly.B 9586.JPG,Tomato___Early_blight,tomato__fungal__early_blight,tomato,fungal,Early Blight,256,256,3,1.0,RGB,JPEG,14.86,True,
datasets/raw/plantvillage/raw/color/Tomato___Early_blight/0e03c87e-b43f-4cfe-a837-71306c68f4c0___RS_Erly.B 7733.JPG,0e03c87e-b43f-4cfe-a837-71306c68f4c0___RS_Erly.B 7733.JPG,Tomato___Early_blight,tomato__fungal__early_blight,tomato,fungal,Early Blight,256,256,3,1.0,RGB,JPEG,16.23,True,
datasets/raw/plantvillage/raw/color/Tomato___Early_blight/5c498e4e-e9b8-4380-828e-53dfd9beb683___RS_Erly.B 7788.JPG,5c498e4e-e9b8-4380-828e-53dfd9beb683___RS_Erly.B 7788.JPG,Tomato___Early_blight,tomato__fungal__early_blight,tomato,fungal,Early Blight,256,256,3,1.0,RGB,JPEG,15.35,True,
datasets/raw/plantvillage/raw/color/Tomato___Early_blight/3a8ed6b0-1566-4ab1-b0e2-6a670dfca65a___RS_Erly.B 7653.JPG,3a8ed6b0-1566-4ab1-b0e2-6a670dfca65a___RS_Erly.B 7653.JPG,Tomato___Early_blight,tomato__fungal__early_blight,tomato,fungal,Early Blight,256,256,3,1.0,RGB,JPEG,17.93,True,
datasets/raw/plantvillage/raw/color/Tomato___Early_blight/47c05777-ef2f-4baf-8f1a-61ab067a4627___RS_Erly.B 7350.JPG,47c05777-ef2f-4baf-8f1a-61ab067a4627___RS_Erly.B 7350.JPG,Tomato___Early_blight,tomato__fungal__early_blight,tomato,fungal,Early Blight,256,256,3,1.0,RGB,JPEG,13.13,True,
datasets/raw/plantvillage/raw/color/Tomato___Early_blight/b165d0d3-726d-4913-8b92-3f14e1b99410___RS_Erly.B 6377.JPG,b165d0d3-726d-4913-8b92-3f14e1b99410___RS_Erly.B 6377.JPG,Tomato___Early_blight,tomato__fungal__early_blight,tomato,fungal,Early Blight,256,256,3,1.0,RGB,JPEG,11.3,True,
datasets/raw/plantvillage/raw/color/Tomato___Early_blight/74354e66-6888-4fac-8984-b8f887df2d86___RS_Erly.B 7578.JPG,74354e66-6888-4fac-8984-b8f887df2d86___RS_Erly.B 7578.JPG,Tomato___Early_blight,tomato__fungal__early_blight,tomato,fungal,Early Blight,256,256,3,1.0,RGB,JPEG,14.55,True,
datasets/raw/plantvillage/raw/color/Tomato___Early_blight/47e03272-d314-4928-bf7c-eda3ba6e7371___RS_Erly.B 7380.JPG,47e03272-d314-4928-bf7c-eda3ba6e7371___RS_Erly.B 7380.JPG,Tomato___Early_blight,tomato__fungal__early_blight,tomato,fungal,Early Blight,256,256,3,1.0,RGB,JPEG,15.13,True,
datasets/raw/plantvillage/raw/color/Tomato___Early_blight/e2edea17-f5cf-4496-8cce-7e421375c452___RS_Erly.B 7666.JPG,e2edea17-f5cf-4496-8cce-7e421375c452___RS_Erly.B 7666.JPG,Tomato___Early_blight,tomato__fungal__early_blight,tomato,fungal,Early Blight,256,256,3,1.0,RGB,JPEG,7.55,True,
datasets/raw/plantvillage/raw/color/Tomato___Early_blight/a3d07302-420d-4b4e-94f2-6694ef9d2088___RS_Erly.B 7652.JPG,a3d07302-420d-4b4e-94f2-6694ef9d2088___RS_Erly.B 7652.JPG,Tomato___Early_blight,tomato__fungal__early_blight,tomato,fungal,Early Blight,256,256,3,1.0,RGB,JPEG,10.41,True,
datasets/raw/plantvillage/raw/color/Tomato___Early_blight/73bbd57a-8733-4b2a-a38d-f304ea890c62___RS_Erly.B 9548.JPG,73bbd57a-8733-4b2a-a38d-f304ea890c62___RS_Erly.B 9548.JPG,Tomato___Early_blight,tomato__fungal__early_blight,tomato,fungal,Early Blight,256,256,3,1.0,RGB,JPEG,12.53,True,
datasets/raw/plantvillage/raw/color/Tomato___Early_blight/b24b9d32-857b-45ef-be89-552232fadfb2___RS_Erly.B 7763.JPG,b24b9d32-857b-45ef-be89-552232fadfb2___RS_Erly.B 7763.JPG,Tomato___Early_blight,tomato__fungal__early_blight,tomato,fungal,Early Blight,256,256,3,1.0,RGB,JPEG,14.31,True,
datasets/raw/plantvillage/raw/color/Tomato___Early_blight/4b8821ef-8364-4a04-9549-58d58ffe0411___RS_Erly.B 7704.JPG,4b8821ef-8364-4a04-9549-58d58ffe0411___RS_Erly.B 7704.JPG,Tomato___Early_blight,tomato__fungal__early_blight,tomato,fungal,Early Blight,256,256,3,1.0,RGB,JPEG,15.98,True,
datasets/raw/plantvillage/raw/color/Tomato___Early_blight/b7b39e7d-16ca-4b55-9b3a-9bd68b746055___RS_Erly.B 7386.JPG,b7b39e7d-16ca-4b55-9b3a-9bd68b746055___RS_Erly.B 7386.JPG,Tomato___Early_blight,tomato__fungal__early_blight,tomato,fungal,Early Blight,256,256,3,1.0,RGB,JPEG,12.94,True,
datasets/raw/plantvillage/raw/color/Tomato___Early_blight/96418ba8-a05f-4dea-9f8c-d4310ee564be___RS_Erly.B 7620.JPG,96418ba8-a05f-4dea-9f8c-d4310ee564be___RS_Erly.B 7620.JPG,Tomato___Early_blight,tomato__fungal__early_blight,tomato,fungal,Early Blight,256,256,3,1.0,RGB,JPEG,11.94,True,
datasets/raw/plantvillage/raw/color/Tomato___Early_blight/5b86ab6a-3823-4886-85fd-02190898563c___RS_Erly.B 8452.JPG,5b86ab6a-3823-4886-85fd-02190898563c___RS_Erly.B 8452.JPG,Tomato___Early_blight,tomato__fungal__early_blight,tomato,fungal,Early Blight,256,256,3,1.0,RGB,JPEG,17.04,True,
datasets/raw/plantvillage/raw/color/Tomato___Early_blight/21ffaf6b-7ad0-45bf-bd7e-7d697413ebbd___RS_Erly.B 9500.JPG,21ffaf6b-7ad0-45bf-bd7e-7d697413ebbd___RS_Erly.B 9500.JPG,Tomato___Early_blight,tomato__fungal__early_blight,tomato,fungal,Early Blight,256,256,3,1.0,RGB,JPEG,15.37,True,
datasets/raw/plantvillage/raw/color/Tomato___Early_blight/0bed4d68-b82c-4e96-bbfe-e0fc10df01aa___RS_Erly.B 8301.JPG,0bed4d68-b82c-4e96-bbfe-e0fc10df01aa___RS_Erly.B 8301.JPG,Tomato___Early_blight,tomato__fungal__early_blight,tomato,fungal,Early Blight,256,256,3,1.0,RGB,JPEG,15.74,True,
datasets/raw/plantvillage/raw/color/Tomato___Early_blight/cd76ee4d-d516-4189-b40b-12959dc02f91___RS_Erly.B 7798.JPG,cd76ee4d-d516-4189-b40b-12959dc02f91___RS_Erly.B 7798.JPG,Tomato___Early_blight,tomato__fungal__early_blight,tomato,fungal,Early Blight,256,256,3,1.0,RGB,JPEG,22.93,True,
datasets/raw/plantvillage/raw/color/Tomato___Early_blight/a54e9f9d-e56b-4097-83c2-b137f9111edf___RS_Erly.B 9411.JPG,a54e9f9d-e56b-4097-83c2-b137f9111edf___RS_Erly.B 9411.JPG,Tomato___Early_blight,tomato__fungal__early_blight,tomato,fungal,Early Blight,256,256,3,1.0,RGB,JPEG,14.99,True,
datasets/raw/plantvillage/raw/color/Tomato___Early_blight/9eaef8d7-dd22-449e-b837-d01a7eb4afe6___RS_Erly.B 7686.JPG,9eaef8d7-dd22-449e-b837-d01a7eb4afe6___RS_Erly.B 7686.JPG,Tomato___Early_blight,tomato__fungal__early_blight,tomato,fungal,Early Blight,256,256,3,1.0,RGB,JPEG,16.4,True,
datasets/raw/plantvillage/raw/color/Tomato___Early_blight/a48e8b60-3636-4f7e-8ce2-d6625d866720___RS_Erly.B 7458.JPG,a48e8b60-3636-4f7e-8ce2-d6625d866720___RS_Erly.B 7458.JPG,Tomato___Early_blight,tomato__fungal__early_blight,tomato,fungal,Early Blight,256,256,3,1.0,RGB,JPEG,12.72,True,
datasets/raw/plantvillage/raw/color/Tomato___Early_blight/8b2de2f4-1f12-46a7-ae3c-85fe9bd6ab6e___RS_Erly.B 7574.JPG,8b2de2f4-1f12-46a7-ae3c-85fe9bd6ab6e___RS_Erly.B 7574.JPG,Tomato___Early_blight,tomato__fungal__early_blight,tomato,fungal,Early Blight,256,256,3,1.0,RGB,JPEG,14.82,True,
datasets/raw/plantvillage/raw/color/Tomato___Early_blight/a8e1a7a4-d45d-4072-9c25-6f7685f8f08b___RS_Erly.B 9387.JPG,a8e1a7a4-d45d-4072-9c25-6f7685f8f08b___RS_Erly.B 9387.JPG,Tomato___Early_blight,tomato__fungal__early_blight,tomato,fungal,Early Blight,256,256,3,1.0,RGB,JPEG,15.83,True,
datasets/raw/plantvillage/raw/color/Tomato___Early_blight/5d998134-578b-481e-9b88-df0134eb567b___RS_Erly.B 7626.JPG,5d998134-578b-481e-9b88-df0134eb567b___RS_Erly.B 7626.JPG,Tomato___Early_blight,tomato__fungal__early_blight,tomato,fungal,Early Blight,256,256,3,1.0,RGB,JPEG,10.26,True,
datasets/raw/plantvillage/raw/color/Tomato___Early_blight/21ad39db-c205-4220-a7e6-566042e70007___RS_Erly.B 7633.JPG,21ad39db-c205-4220-a7e6-566042e70007___RS_Erly.B 7633.JPG,Tomato___Early_blight,tomato__fungal__early_blight,tomato,fungal,Early Blight,256,256,3,1.0,RGB,JPEG,13.49,True,
datasets/raw/plantvillage/raw/color/Tomato___Early_blight/acc5fb41-7b03-44c2-8167-47346b97791a___RS_Erly.B 8320.JPG,acc5fb41-7b03-44c2-8167-47346b97791a___RS_Erly.B 8320.JPG,Tomato___Early_blight,tomato__fungal__early_blight,tomato,fungal,Early Blight,256,256,3,1.0,RGB,JPEG,14.94,True,
datasets/raw/plantvillage/raw/color/Tomato___Early_blight/c410d512-4708-49dd-ba8f-efce2796a3f5___RS_Erly.B 7602.JPG,c410d512-4708-49dd-ba8f-efce2796a3f5___RS_Erly.B 7602.JPG,Tomato___Early_blight,tomato__fungal__early_blight,tomato,fungal,Early Blight,256,256,3,1.0,RGB,JPEG,13.17,True,
datasets/raw/plantvillage/raw/color/Tomato___Early_blight/c87a666a-07bb-44cc-952a-33d69f075e14___RS_Erly.B 7631.JPG,c87a666a-07bb-44cc-952a-33d69f075e14___RS_Erly.B 7631.JPG,Tomato___Early_blight,tomato__fungal__early_blight,tomato,fungal,Early Blight,256,256,3,1.0,RGB,JPEG,11.85,True,
datasets/raw/plantvillage/raw/color/Tomato___Early_blight/603c6233-8cc0-4bb7-97f3-0e5db1614c63___RS_Erly.B 9398.JPG,603c6233-8cc0-4bb7-97f3-0e5db1614c63___RS_Erly.B 9398.JPG,Tomato___Early_blight,tomato__fungal__early_blight,tomato,fungal,Early Blight,256,256,3,1.0,RGB,JPEG,17.46,True,
datasets/raw/plantvillage/raw/color/Tomato___Early_blight/d4a47a64-0c10-4a43-8712-4eee11c8cf1b___RS_Erly.B 9524.JPG,d4a47a64-0c10-4a43-8712-4eee11c8cf1b___RS_Erly.B 9524.JPG,Tomato___Early_blight,tomato__fungal__early_blight,tomato,fungal,Early Blight,256,256,3,1.0,RGB,JPEG,12.01,True,
datasets/raw/plantvillage/raw/color/Tomato___Early_blight/40b67c0a-5dd8-435c-80ed-764593d2147a___RS_Erly.B 7577.JPG,40b67c0a-5dd8-435c-80ed-764593d2147a___RS_Erly.B 7577.JPG,Tomato___Early_blight,tomato__fungal__early_blight,tomato,fungal,Early Blight,256,256,3,1.0,RGB,JPEG,17.49,True,
datasets/raw/plantvillage/raw/color/Tomato___Early_blight/68f9f67d-e84a-4551-871c-7b56aab9defc___RS_Erly.B 7693.JPG,68f9f67d-e84a-4551-871c-7b56aab9defc___RS_Erly.B 7693.JPG,Tomato___Early_blight,tomato__fungal__early_blight,tomato,fungal,Early Blight,256,256,3,1.0,RGB,JPEG,22.64,True,
datasets/raw/plantvillage/raw/color/Tomato___Early_blight/06d6d114-8d26-43eb-b79f-44218bbfa0d1___RS_Erly.B 9441.JPG,06d6d114-8d26-43eb-b79f-44218bbfa0d1___RS_Erly.B 9441.JPG,Tomato___Early_blight,tomato__fungal__early_blight,tomato,fungal,Early Blight,256,256,3,1.0,RGB,JPEG,16.23,True,
datasets/raw/plantvillage/raw/color/Tomato___Early_blight/f0eb00dc-22da-4c8b-b86d-72157ea9e71d___RS_Erly.B 9610.JPG,f0eb00dc-22da-4c8b-b86d-72157ea9e71d___RS_Erly.B 9610.JPG,Tomato___Early_blight,tomato__fungal__early_blight,tomato,fungal,Early Blight,256,256,3,1.0,RGB,JPEG,13.14,True,
datasets/raw/plantvillage/raw/color/Tomato___Early_blight/65bc0e3e-39a0-4fde-a9b3-65d2dd7dd63e___RS_Erly.B 7485.JPG,65bc0e3e-39a0-4fde-a9b3-65d2dd7dd63e___RS_Erly.B 7485.JPG,Tomato___Early_blight,tomato__fungal__early_blight,tomato,fungal,Early Blight,256,256,3,1.0,RGB,JPEG,13.67,True,
datasets/raw/plantvillage/raw/color/Tomato___Early_blight/7984dac1-acc8-466a-bbee-7377ea702462___RS_Erly.B 8386.JPG,7984dac1-acc8-466a-bbee-7377ea702462___RS_Erly.B 8386.JPG,Tomato___Early_blight,tomato__fungal__early_blight,tomato,fungal,Early Blight,256,256,3,1.0,RGB,JPEG,18.62,True,
datasets/raw/plantvillage/raw/color/Tomato___Early_blight/a5b33d5a-99bc-43b9-b408-aaf9535189e0___RS_Erly.B 8372.JPG,a5b33d5a-99bc-43b9-b408-aaf9535189e0___RS_Erly.B 8372.JPG,Tomato___Early_blight,tomato__fungal__early_blight,tomato,fungal,Early Blight,256,256,3,1.0,RGB,JPEG,17.96,True,
datasets/raw/plantvillage/raw/color/Tomato___Early_blight/25281e43-2651-423f-8e7e-d354185ccd28___RS_Erly.B 7809.JPG,25281e43-2651-423f-8e7e-d354185ccd28___RS_Erly.B 7809.JPG,Tomato___Early_blight,tomato__fungal__early_blight,tomato,fungal,Early Blight,256,256,3,1.0,RGB,JPEG,17.67,True,
datasets/raw/plantvillage/raw/color/Tomato___Early_blight/257ffdcb-bd8b-4d18-98cc-e63a118155ea___RS_Erly.B 9520.JPG,257ffdcb-bd8b-4d18-98cc-e63a118155ea___RS_Erly.B 9520.JPG,Tomato___Early_blight,tomato__fungal__early_blight,tomato,fungal,Early Blight,256,256,3,1.0,RGB,JPEG,11.5,True,
datasets/raw/plantvillage/raw/color/Tomato___Early_blight/5bb67c87-9449-4365-aad2-0763164a608b___RS_Erly.B 7460.JPG,5bb67c87-9449-4365-aad2-0763164a608b___RS_Erly.B 7460.JPG,Tomato___Early_blight,tomato__fungal__early_blight,tomato,fungal,Early Blight,256,256,3,1.0,RGB,JPEG,14.23,True,
datasets/raw/plantvillage/raw/color/Tomato___Early_blight/5a0ff573-924f-48c8-a3ef-ed82995ed145___RS_Erly.B 6478.JPG,5a0ff573-924f-48c8-a3ef-ed82995ed145___RS_Erly.B 6478.JPG,Tomato___Early_blight,tomato__fungal__early_blight,tomato,fungal,Early Blight,256,256,3,1.0,RGB,JPEG,13.1,True,
datasets/raw/plantvillage/raw/color/Tomato___Early_blight/a7a4d12c-61bf-401d-ab88-0572c4dec56d___RS_Erly.B 9464.JPG,a7a4d12c-61bf-401d-ab88-0572c4dec56d___RS_Erly.B 9464.JPG,Tomato___Early_blight,tomato__fungal__early_blight,tomato,fungal,Early Blight,256,256,3,1.0,RGB,JPEG,14.17,True,
datasets/raw/plantvillage/raw/color/Tomato___Early_blight/8f9b3d86-42dd-4932-b638-8376529afcaa___RS_Erly.B 9575.JPG,8f9b3d86-42dd-4932-b638-8376529afcaa___RS_Erly.B 9575.JPG,Tomato___Early_blight,tomato__fungal__early_blight,tomato,fungal,Early Blight,256,256,3,1.0,RGB,JPEG,14.2,True,
datasets/raw/plantvillage/raw/color/Tomato___Early_blight/e5266d06-0ba7-49c6-9bc6-c8351b56fc88___RS_Erly.B 8294.JPG,e5266d06-0ba7-49c6-9bc6-c8351b56fc88___RS_Erly.B 8294.JPG,Tomato___Early_blight,tomato__fungal__early_blight,tomato,fungal,Early Blight,256,256,3,1.0,RGB,JPEG,16.07,True,
datasets/raw/plantvillage/raw/color/Tomato___Early_blight/6fbefe16-4635-4a03-b245-65594ded39cf___RS_Erly.B 7654.JPG,6fbefe16-4635-4a03-b245-65594ded39cf___RS_Erly.B 7654.JPG,Tomato___Early_blight,tomato__fungal__early_blight,tomato,fungal,Early Blight,256,256,3,1.0,RGB,JPEG,12.3,True,
datasets/raw/plantvillage/raw/color/Tomato___Early_blight/468a0f48-b0c4-4969-9f21-826cb3ae3f61___RS_Erly.B 7725.JPG,468a0f48-b0c4-4969-9f21-826cb3ae3f61___RS_Erly.B 7725.JPG,Tomato___Early_blight,tomato__fungal__early_blight,tomato,fungal,Early Blight,256,256,3,1.0,RGB,JPEG,17.23,True,
datasets/raw/plantvillage/raw/color/Tomato___Early_blight/3fa32b26-e7bb-493e-b7c2-c40e3f3df380___RS_Erly.B 9546.JPG,3fa32b26-e7bb-493e-b7c2-c40e3f3df380___RS_Erly.B 9546.JPG,Tomato___Early_blight,tomato__fungal__early_blight,tomato,fungal,Early Blight,256,256,3,1.0,RGB,JPEG,13.85,True,
datasets/raw/plantvillage/raw/color/Tomato___Early_blight/1f4c6478-a39b-4974-aeef-3fcfa5ea69a6___RS_Erly.B 7385.JPG,1f4c6478-a39b-4974-aeef-3fcfa5ea69a6___RS_Erly.B 7385.JPG,Tomato___Early_blight,tomato__fungal__early_blight,tomato,fungal,Early Blight,256,256,3,1.0,RGB,JPEG,15.11,True,
datasets/raw/plantvillage/raw/color/Tomato___Early_blight/72c6a88e-87d8-45cb-8001-3dd67f90d46c___RS_Erly.B 8245.JPG,72c6a88e-87d8-45cb-8001-3dd67f90d46c___RS_Erly.B 8245.JPG,Tomato___Early_blight,tomato__fungal__early_blight,tomato,fungal,Early Blight,256,256,3,1.0,RGB,JPEG,17.34,True,
datasets/raw/plantvillage/raw/color/Tomato___Early_blight/8ed69ac4-4692-4154-a484-8a693ff7de64___RS_Erly.B 7775.JPG,8ed69ac4-4692-4154-a484-8a693ff7de64___RS_Erly.B 7775.JPG,Tomato___Early_blight,tomato__fungal__early_blight,tomato,fungal,Early Blight,256,256,3,1.0,RGB,JPEG,16.94,True,
datasets/raw/plantvillage/raw/color/Tomato___Early_blight/765d8e2a-ebad-4fd5-a968-a9d21986268d___RS_Erly.B 6481.JPG,765d8e2a-ebad-4fd5-a968-a9d21986268d___RS_Erly.B 6481.JPG,Tomato___Early_blight,tomato__fungal__early_blight,tomato,fungal,Early Blight,256,256,3,1.0,RGB,JPEG,11.66,True,
datasets/raw/plantvillage/raw/color/Tomato___Early_blight/55761153-0f6a-4dad-981e-16fde2ac683f___RS_Erly.B 6387.JPG,55761153-0f6a-4dad-981e-16fde2ac683f___RS_Erly.B 6387.JPG,Tomato___Early_blight,tomato__fungal__early_blight,tomato,fungal,Early Blight,256,256,3,1.0,RGB,JPEG,12.6,True,
datasets/raw/plantvillage/raw/color/Tomato___Early_blight/ca7d6cd9-e24e-43af-82c2-742a922ce421___RS_Erly.B 9488.JPG,ca7d6cd9-e24e-43af-82c2-742a922ce421___RS_Erly.B 9488.JPG,Tomato___Early_blight,tomato__fungal__early_blight,tomato,fungal,Early Blight,256,256,3,1.0,RGB,JPEG,18.27,True,
datasets/raw/plantvillage/raw/color/Tomato___Early_blight/74c531fc-c39c-429c-b285-909272c4238b___RS_Erly.B 9550.JPG,74c531fc-c39c-429c-b285-909272c4238b___RS_Erly.B 9550.JPG,Tomato___Early_blight,tomato__fungal__early_blight,tomato,fungal,Early Blight,256,256,3,1.0,RGB,JPEG,11.38,True,
datasets/raw/plantvillage/raw/color/Tomato___Early_blight/089243e5-f319-4ed2-b10c-603328ff4143___RS_Erly.B 9428.JPG,089243e5-f319-4ed2-b10c-603328ff4143___RS_Erly.B 9428.JPG,Tomato___Early_blight,tomato__fungal__early_blight,tomato,fungal,Early Blight,256,256,3,1.0,RGB,JPEG,13.69,True,
datasets/raw/plantvillage/raw/color/Tomato___Early_blight/493f53cc-b8d5-4c71-9446-30f0365f1e4b___RS_Erly.B 7583.JPG,493f53cc-b8d5-4c71-9446-30f0365f1e4b___RS_Erly.B 7583.JPG,Tomato___Early_blight,tomato__fungal__early_blight,tomato,fungal,Early Blight,256,256,3,1.0,RGB,JPEG,12.5,True,
datasets/raw/plantvillage/raw/color/Tomato___Early_blight/eefcdf5d-5207-47ca-916d-0479f010bae8___RS_Erly.B 9482.JPG,eefcdf5d-5207-47ca-916d-0479f010bae8___RS_Erly.B 9482.JPG,Tomato___Early_blight,tomato__fungal__early_blight,tomato,fungal,Early Blight,256,256,3,1.0,RGB,JPEG,14.93,True,
datasets/raw/plantvillage/raw/color/Tomato___Early_blight/ccd788af-4fd4-46a5-96af-c6ad44314d45___RS_Erly.B 8436.JPG,ccd788af-4fd4-46a5-96af-c6ad44314d45___RS_Erly.B 8436.JPG,Tomato___Early_blight,tomato__fungal__early_blight,tomato,fungal,Early Blight,256,256,3,1.0,RGB,JPEG,18.81,True,
datasets/raw/plantvillage/raw/color/Tomato___Early_blight/a2b13360-65ce-4302-8bec-50bdc1b9789d___RS_Erly.B 9446.JPG,a2b13360-65ce-4302-8bec-50bdc1b9789d___RS_Erly.B 9446.JPG,Tomato___Early_blight,tomato__fungal__early_blight,tomato,fungal,Early Blight,256,256,3,1.0,RGB,JPEG,11.43,True,
datasets/raw/plantvillage/raw/color/Tomato___Early_blight/0114f7b3-7f56-4bef-aa47-7a82da142d4b___RS_Erly.B 7437.JPG,0114f7b3-7f56-4bef-aa47-7a82da142d4b___RS_Erly.B 7437.JPG,Tomato___Early_blight,tomato__fungal__early_blight,tomato,fungal,Early Blight,256,256,3,1.0,RGB,JPEG,13.41,True,
datasets/raw/plantvillage/raw/color/Tomato___Early_blight/9e8f1cbd-f128-47f3-b90d-9c8dc1efcb78___RS_Erly.B 7425.JPG,9e8f1cbd-f128-47f3-b90d-9c8dc1efcb78___RS_Erly.B 7425.JPG,Tomato___Early_blight,tomato__fungal__early_blight,tomato,fungal,Early Blight,256,256,3,1.0,RGB,JPEG,17.62,True,
datasets/raw/plantvillage/raw/color/Tomato___Early_blight/32065728-b0b0-4840-b2cc-7461b371e57f___RS_Erly.B 6407.JPG,32065728-b0b0-4840-b2cc-7461b371e57f___RS_Erly.B 6407.JPG,Tomato___Early_blight,tomato__fungal__early_blight,tomato,fungal,Early Blight,256,256,3,1.0,RGB,JPEG,12.82,True,
datasets/raw/plantvillage/raw/color/Tomato___Early_blight/a6d7438a-35f6-40fb-ab5c-a46cdfef7e83___RS_Erly.B 9594.JPG,a6d7438a-35f6-40fb-ab5c-a46cdfef7e83___RS_Erly.B 9594.JPG,Tomato___Early_blight,tomato__fungal__early_blight,tomato,fungal,Early Blight,256,256,3,1.0,RGB,JPEG,13.63,True,
datasets/raw/plantvillage/raw/color/Tomato___Early_blight/52082b15-4350-415a-be8c-bb0e0fc3ab88___RS_Erly.B 6332.JPG,52082b15-4350-415a-be8c-bb0e0fc3ab88___RS_Erly.B 6332.JPG,Tomato___Early_blight,tomato__fungal__early_blight,tomato,fungal,Early Blight,256,256,3,1.0,RGB,JPEG,13.33,True,
datasets/raw/plantvillage/raw/color/Tomato___Early_blight/2b7c8b0d-d906-4c93-9dc4-554ae46a3ec3___RS_Erly.B 7825.JPG,2b7c8b0d-d906-4c93-9dc4-554ae46a3ec3___RS_Erly.B 7825.JPG,Tomato___Early_blight,tomato__fungal__early_blight,tomato,fungal,Early Blight,256,256,3,1.0,RGB,JPEG,16.71,True,
datasets/raw/plantvillage/raw/color/Tomato___Early_blight/1d1d79c6-824d-4c48-bd59-c83a5cf29229___RS_Erly.B 9547.JPG,1d1d79c6-824d-4c48-bd59-c83a5cf29229___RS_Erly.B 9547.JPG,Tomato___Early_blight,tomato__fungal__early_blight,tomato,fungal,Early Blight,256,256,3,1.0,RGB,JPEG,12.61,True,
datasets/raw/plantvillage/raw/color/Tomato___Early_blight/87b9735b-4018-4b28-b0b3-422a184a6716___RS_Erly.B 7509.JPG,87b9735b-4018-4b28-b0b3-422a184a6716___RS_Erly.B 7509.JPG,Tomato___Early_blight,tomato__fungal__early_blight,tomato,fungal,Early Blight,256,256,3,1.0,RGB,JPEG,10.17,True,
datasets/raw/plantvillage/raw/color/Tomato___Early_blight/5bd6338a-0f10-457b-a7bd-69f2ee7c6504___RS_Erly.B 9534.JPG,5bd6338a-0f10-457b-a7bd-69f2ee7c6504___RS_Erly.B 9534.JPG,Tomato___Early_blight,tomato__fungal__early_blight,tomato,fungal,Early Blight,256,256,3,1.0,RGB,JPEG,13.66,True,
datasets/raw/plantvillage/raw/color/Tomato___Early_blight/bb12ec71-c438-43f5-a077-e5924af2409e___RS_Erly.B 8402.JPG,bb12ec71-c438-43f5-a077-e5924af2409e___RS_Erly.B 8402.JPG,Tomato___Early_blight,tomato__fungal__early_blight,tomato,fungal,Early Blight,256,256,3,1.0,RGB,JPEG,16.87,True,
datasets/raw/plantvillage/raw/color/Tomato___Early_blight/b4d37218-1f10-4232-8eeb-dd4106f0f1af___RS_Erly.B 7702.JPG,b4d37218-1f10-4232-8eeb-dd4106f0f1af___RS_Erly.B 7702.JPG,Tomato___Early_blight,tomato__fungal__early_blight,tomato,fungal,Early Blight,256,256,3,1.0,RGB,JPEG,19.26,True,
datasets/raw/plantvillage/raw/color/Tomato___Early_blight/eabc47ee-5023-476b-9992-53baa566d270___RS_Erly.B 7757.JPG,eabc47ee-5023-476b-9992-53baa566d270___RS_Erly.B 7757.JPG,Tomato___Early_blight,tomato__fungal__early_blight,tomato,fungal,Early Blight,256,256,3,1.0,RGB,JPEG,19.79,True,
datasets/raw/plantvillage/raw/color/Tomato___Early_blight/db228bdf-309f-4dd5-a3c7-d77af0acadb8___RS_Erly.B 7584.JPG,db228bdf-309f-4dd5-a3c7-d77af0acadb8___RS_Erly.B 7584.JPG,Tomato___Early_blight,tomato__fungal__early_blight,tomato,fungal,Early Blight,256,256,3,1.0,RGB,JPEG,11.94,True,
datasets/raw/plantvillage/raw/color/Tomato___Early_blight/f4e5115b-ca57-4f02-9271-0c8eda45717e___RS_Erly.B 8317.JPG,f4e5115b-ca57-4f02-9271-0c8eda45717e___RS_Erly.B 8317.JPG,Tomato___Early_blight,tomato__fungal__early_blight,tomato,fungal,Early Blight,256,256,3,1.0,RGB,JPEG,17.03,True,
datasets/raw/plantvillage/raw/color/Tomato___Early_blight/4490b039-427d-414c-836d-a1fda6c1ad49___RS_Erly.B 8369.JPG,4490b039-427d-414c-836d-a1fda6c1ad49___RS_Erly.B 8369.JPG,Tomato___Early_blight,tomato__fungal__early_blight,tomato,fungal,Early Blight,256,256,3,1.0,RGB,JPEG,16.51,True,
datasets/raw/plantvillage/raw/color/Tomato___Early_blight/8734e1ef-fb0c-4cdd-aa97-b5a4ea8d6cf5___RS_Erly.B 7804.JPG,8734e1ef-fb0c-4cdd-aa97-b5a4ea8d6cf5___RS_Erly.B 7804.JPG,Tomato___Early_blight,tomato__fungal__early_blight,tomato,fungal,Early Blight,256,256,3,1.0,RGB,JPEG,17.96,True,
datasets/raw/plantvillage/raw/color/Tomato___Early_blight/ec5d1d0a-2909-4c2d-81d5-4bbed298167b___RS_Erly.B 6340.JPG,ec5d1d0a-2909-4c2d-81d5-4bbed298167b___RS_Erly.B 6340.JPG,Tomato___Early_blight,tomato__fungal__early_blight,tomato,fungal,Early Blight,256,256,3,1.0,RGB,JPEG,14.0,True,
datasets/raw/plantvillage/raw/color/Tomato___Early_blight/289972f1-4f80-432d-8f44-39c16ea787c3___RS_Erly.B 7542.JPG,289972f1-4f80-432d-8f44-39c16ea787c3___RS_Erly.B 7542.JPG,Tomato___Early_blight,tomato__fungal__early_blight,tomato,fungal,Early Blight,256,256,3,1.0,RGB,JPEG,10.56,True,
datasets/raw/plantvillage/raw/color/Tomato___Early_blight/d7e11d88-60e8-41d3-a840-2ad9bab04fe2___RS_Erly.B 6355.JPG,d7e11d88-60e8-41d3-a840-2ad9bab04fe2___RS_Erly.B 6355.JPG,Tomato___Early_blight,tomato__fungal__early_blight,tomato,fungal,Early Blight,256,256,3,1.0,RGB,JPEG,13.67,True,
datasets/raw/plantvillage/raw/color/Tomato___Early_blight/7b4b71f7-ba45-45b8-80c4-a80ae73b9d0f___RS_Erly.B 7611.JPG,7b4b71f7-ba45-45b8-80c4-a80ae73b9d0f___RS_Erly.B 7611.JPG,Tomato___Early_blight,tomato__fungal__early_blight,tomato,fungal,Early Blight,256,256,3,1.0,RGB,JPEG,12.26,True,
datasets/raw/plantvillage/raw/color/Tomato___Early_blight/eb84cf99-aee8-4acc-8d3d-c5a24c672eb4___RS_Erly.B 7423.JPG,eb84cf99-aee8-4acc-8d3d-c5a24c672eb4___RS_Erly.B 7423.JPG,Tomato___Early_blight,tomato__fungal__early_blight,tomato,fungal,Early Blight,256,256,3,1.0,RGB,JPEG,17.54,True,
datasets/raw/plantvillage/raw/color/Tomato___Early_blight/f432e10d-7fd7-4517-b635-cc7677f53d8e___RS_Erly.B 9590.JPG,f432e10d-7fd7-4517-b635-cc7677f53d8e___RS_Erly.B 9590.JPG,Tomato___Early_blight,tomato__fungal__early_blight,tomato,fungal,Early Blight,256,256,3,1.0,RGB,JPEG,14.7,True,
datasets/raw/plantvillage/raw/color/Tomato___Early_blight/16d79bd2-5c70-4e6b-a52a-0c578b501d04___RS_Erly.B 6446.JPG,16d79bd2-5c70-4e6b-a52a-0c578b501d04___RS_Erly.B 6446.JPG,Tomato___Early_blight,tomato__fungal__early_blight,tomato,fungal,Early Blight,256,256,3,1.0,RGB,JPEG,12.26,True,
datasets/raw/plantvillage/raw/color/Tomato___Early_blight/3387fbf2-ee72-4601-b8de-c863eb96d181___RS_Erly.B 7452.JPG,3387fbf2-ee72-4601-b8de-c863eb96d181___RS_Erly.B 7452.JPG,Tomato___Early_blight,tomato__fungal__early_blight,tomato,fungal,Early Blight,256,256,3,1.0,RGB,JPEG,16.04,True,
datasets/raw/plantvillage/raw/color/Tomato___Early_blight/4d4da4c4-3de3-4eb5-93d4-a78bf274270b___RS_Erly.B 9538.JPG,4d4da4c4-3de3-4eb5-93d4-a78bf274270b___RS_Erly.B 9538.JPG,Tomato___Early_blight,tomato__fungal__early_blight,tomato,fungal,Early Blight,256,256,3,1.0,RGB,JPEG,12.33,True,
datasets/raw/plantvillage/raw/color/Tomato___Early_blight/4cbe4896-66b5-4834-8eb7-5baf49ed2f7d___RS_Erly.B 8354.JPG,4cbe4896-66b5-4834-8eb7-5baf49ed2f7d___RS_Erly.B 8354.JPG,Tomato___Early_blight,tomato__fungal__early_blight,tomato,fungal,Early Blight,256,256,3,1.0,RGB,JPEG,16.54,True,
datasets/raw/plantvillage/raw/color/Tomato___Early_blight/efb0d54f-53c7-4a6a-a194-2bd449799c8c___RS_Erly.B 7726.JPG,efb0d54f-53c7-4a6a-a194-2bd449799c8c___RS_Erly.B 7726.JPG,Tomato___Early_blight,tomato__fungal__early_blight,tomato,fungal,Early Blight,256,256,3,1.0,RGB,JPEG,19.77,True,
datasets/raw/plantvillage/raw/color/Tomato___Early_blight/1873e09f-31fd-4612-920a-861fac1af687___RS_Erly.B 7797.JPG,1873e09f-31fd-4612-920a-861fac1af687___RS_Erly.B 7797.JPG,Tomato___Early_blight,tomato__fungal__early_blight,tomato,fungal,Early Blight,256,256,3,1.0,RGB,JPEG,15.85,True,
datasets/raw/plantvillage/raw/color/Tomato___Early_blight/366e550d-8604-44cd-b239-325d9e14a4f4___RS_Erly.B 6378.JPG,366e550d-8604-44cd-b239-325d9e14a4f4___RS_Erly.B 6378.JPG,Tomato___Early_blight,tomato__fungal__early_blight,tomato,fungal,Early Blight,256,256,3,1.0,RGB,JPEG,13.48,True,
datasets/raw/plantvillage/raw/color/Tomato___Early_blight/964b07f8-2eb7-45b4-9ac8-79ec296b1655___RS_Erly.B 7378.JPG,964b07f8-2eb7-45b4-9ac8-79ec296b1655___RS_Erly.B 7378.JPG,Tomato___Early_blight,tomato__fungal__early_blight,tomato,fungal,Early Blight,256,256,3,1.0,RGB,JPEG,15.71,True,
datasets/raw/plantvillage/raw/color/Tomato___Early_blight/e592659e-566b-454b-95ba-851f3a53197c___RS_Erly.B 7843.JPG,e592659e-566b-454b-95ba-851f3a53197c___RS_Erly.B 7843.JPG,Tomato___Early_blight,tomato__fungal__early_blight,tomato,fungal,Early Blight,256,256,3,1.0,RGB,JPEG,17.24,True,
datasets/raw/plantvillage/raw/color/Tomato___Early_blight/d4e4bce8-d7ca-492b-8dda-69f3e95f4e5a___RS_Erly.B 6418.JPG,d4e4bce8-d7ca-492b-8dda-69f3e95f4e5a___RS_Erly.B 6418.JPG,Tomato___Early_blight,tomato__fungal__early_blight,tomato,fungal,Early Blight,256,256,3,1.0,RGB,JPEG,12.92,True,
datasets/raw/plantvillage/raw/color/Tomato___Early_blight/3064e2fc-3a71-4a66-8cd1-dc76ebc0c2e6___RS_Erly.B 7345.JPG,3064e2fc-3a71-4a66-8cd1-dc76ebc0c2e6___RS_Erly.B 7345.JPG,Tomato___Early_blight,tomato__fungal__early_blight,tomato,fungal,Early Blight,256,256,3,1.0,RGB,JPEG,16.36,True,
datasets/raw/plantvillage/raw/color/Tomato___Early_blight/fa5e382e-d1ad-42f9-a4e5-afb343f77a53___RS_Erly.B 9453.JPG,fa5e382e-d1ad-42f9-a4e5-afb343f77a53___RS_Erly.B 9453.JPG,Tomato___Early_blight,tomato__fungal__early_blight,tomato,fungal,Early Blight,256,256,3,1.0,RGB,JPEG,15.41,True,
datasets/raw/plantvillage/raw/color/Tomato___Early_blight/9080624e-b5eb-456b-9743-2406cdd01113___RS_Erly.B 9618.JPG,9080624e-b5eb-456b-9743-2406cdd01113___RS_Erly.B 9618.JPG,Tomato___Early_blight,tomato__fungal__early_blight,tomato,fungal,Early Blight,256,256,3,1.0,RGB,JPEG,12.72,True,
datasets/raw/plantvillage/raw/color/Tomato___Early_blight/849f111e-9886-436e-b2ce-060a011cab43___RS_Erly.B 7359.JPG,849f111e-9886-436e-b2ce-060a011cab43___RS_Erly.B 7359.JPG,Tomato___Early_blight,tomato__fungal__early_blight,tomato,fungal,Early Blight,256,256,3,1.0,RGB,JPEG,15.85,True,
datasets/raw/plantvillage/raw/color/Tomato___Early_blight/1bb0101c-d0a4-41a5-85b9-6e8634d01a36___RS_Erly.B 9585.JPG,1bb0101c-d0a4-41a5-85b9-6e8634d01a36___RS_Erly.B 9585.JPG,Tomato___Early_blight,tomato__fungal__early_blight,tomato,fungal,Early Blight,256,256,3,1.0,RGB,JPEG,12.81,True,
datasets/raw/plantvillage/raw/color/Tomato___Early_blight/e332b0b1-ed0c-49b0-aad2-da29a8636126___RS_Erly.B 9418.JPG,e332b0b1-ed0c-49b0-aad2-da29a8636126___RS_Erly.B 9418.JPG,Tomato___Early_blight,tomato__fungal__early_blight,tomato,fungal,Early Blight,256,256,3,1.0,RGB,JPEG,18.35,True,
datasets/raw/plantvillage/raw/color/Tomato___Early_blight/573fc55b-8a73-48ba-b916-5d7f397977e4___RS_Erly.B 8384.JPG,573fc55b-8a73-48ba-b916-5d7f397977e4___RS_Erly.B 8384.JPG,Tomato___Early_blight,tomato__fungal__early_blight,tomato,fungal,Early Blight,256,256,3,1.0,RGB,JPEG,18.99,True,
datasets/raw/plantvillage/raw/color/Tomato___Early_blight/dc5fc62b-20c7-441b-bd70-aa24790302eb___RS_Erly.B 9510.JPG,dc5fc62b-20c7-441b-bd70-aa24790302eb___RS_Erly.B 9510.JPG,Tomato___Early_blight,tomato__fungal__early_blight,tomato,fungal,Early Blight,256,256,3,1.0,RGB,JPEG,16.98,True,
datasets/raw/plantvillage/raw/color/Tomato___Early_blight/65579d4a-eb54-47cb-a8f7-d886971c8c63___RS_Erly.B 7475.JPG,65579d4a-eb54-47cb-a8f7-d886971c8c63___RS_Erly.B 7475.JPG,Tomato___Early_blight,tomato__fungal__early_blight,tomato,fungal,Early Blight,256,256,3,1.0,RGB,JPEG,13.82,True,
datasets/raw/plantvillage/raw/color/Tomato___Early_blight/f8374b63-016a-4b76-9ca8-df348cb44564___RS_Erly.B 7688.JPG,f8374b63-016a-4b76-9ca8-df348cb44564___RS_Erly.B 7688.JPG,Tomato___Early_blight,tomato__fungal__early_blight,tomato,fungal,Early Blight,256,256,3,1.0,RGB,JPEG,16.0,True,
datasets/raw/plantvillage/raw/color/Tomato___Early_blight/3af16e88-1b4d-46d5-a099-7450600f11e8___RS_Erly.B 9545.JPG,3af16e88-1b4d-46d5-a099-7450600f11e8___RS_Erly.B 9545.JPG,Tomato___Early_blight,tomato__fungal__early_blight,tomato,fungal,Early Blight,256,256,3,1.0,RGB,JPEG,13.14,True,
datasets/raw/plantvillage/raw/color/Tomato___Early_blight/79c34498-d83f-4afd-a339-074b4dbb20bd___RS_Erly.B 8450.JPG,79c34498-d83f-4afd-a339-074b4dbb20bd___RS_Erly.B 8450.JPG,Tomato___Early_blight,tomato__fungal__early_blight,tomato,fungal,Early Blight,256,256,3,1.0,RGB,JPEG,15.84,True,
datasets/raw/plantvillage/raw/color/Tomato___Early_blight/da84925b-554a-465d-bdb2-91851f77d5ce___RS_Erly.B 9420.JPG,da84925b-554a-465d-bdb2-91851f77d5ce___RS_Erly.B 9420.JPG,Tomato___Early_blight,tomato__fungal__early_blight,tomato,fungal,Early Blight,256,256,3,1.0,RGB,JPEG,18.5,True,
datasets/raw/plantvillage/raw/color/Tomato___Early_blight/3b1caf5d-9b90-4adc-bde6-8a16af479f0a___RS_Erly.B 8270.JPG,3b1caf5d-9b90-4adc-bde6-8a16af479f0a___RS_Erly.B 8270.JPG,Tomato___Early_blight,tomato__fungal__early_blight,tomato,fungal,Early Blight,256,256,3,1.0,RGB,JPEG,18.98,True,
datasets/raw/plantvillage/raw/color/Tomato___Early_blight/70ef7eee-0584-44fc-9c5d-95b504554266___RS_Erly.B 7709.JPG,70ef7eee-0584-44fc-9c5d-95b504554266___RS_Erly.B 7709.JPG,Tomato___Early_blight,tomato__fungal__early_blight,tomato,fungal,Early Blight,256,256,3,1.0,RGB,JPEG,15.77,True,
datasets/raw/plantvillage/raw/color/Tomato___Early_blight/a2da7455-c116-4d02-b506-89183f817d78___RS_Erly.B 9371.JPG,a2da7455-c116-4d02-b506-89183f817d78___RS_Erly.B 9371.JPG,Tomato___Early_blight,tomato__fungal__early_blight,tomato,fungal,Early Blight,256,256,3,1.0,RGB,JPEG,17.21,True,
datasets/raw/plantvillage/raw/color/Tomato___Early_blight/6c5baf51-ae97-41dd-9728-1995177e3b6a___RS_Erly.B 7723.JPG,6c5baf51-ae97-41dd-9728-1995177e3b6a___RS_Erly.B 7723.JPG,Tomato___Early_blight,tomato__fungal__early_blight,tomato,fungal,Early Blight,256,256,3,1.0,RGB,JPEG,16.09,True,
datasets/raw/plantvillage/raw/color/Tomato___Early_blight/f62e84ae-2bd4-4b15-918a-639c0470c25d___RS_Erly.B 7761.JPG,f62e84ae-2bd4-4b15-918a-639c0470c25d___RS_Erly.B 7761.JPG,Tomato___Early_blight,tomato__fungal__early_blight,tomato,fungal,Early Blight,256,256,3,1.0,RGB,JPEG,17.12,True,
datasets/raw/plantvillage/raw/color/Tomato___Early_blight/0d5f65a3-b32f-4565-b63a-c6da73c1322b___RS_Erly.B 8310.JPG,0d5f65a3-b32f-4565-b63a-c6da73c1322b___RS_Erly.B 8310.JPG,Tomato___Early_blight,tomato__fungal__early_blight,tomato,fungal,Early Blight,256,256,3,1.0,RGB,JPEG,18.03,True,
datasets/raw/plantvillage/raw/color/Tomato___Early_blight/48749ece-911d-440f-873d-475e58132969___RS_Erly.B 7479.JPG,48749ece-911d-440f-873d-475e58132969___RS_Erly.B 7479.JPG,Tomato___Early_blight,tomato__fungal__early_blight,tomato,fungal,Early Blight,256,256,3,1.0,RGB,JPEG,10.85,True,
datasets/raw/plantvillage/raw/color/Tomato___Early_blight/1e08cf06-c20b-47bc-8773-a22cc730aa04___RS_Erly.B 8228.JPG,1e08cf06-c20b-47bc-8773-a22cc730aa04___RS_Erly.B 8228.JPG,Tomato___Early_blight,tomato__fungal__early_blight,tomato,fungal,Early Blight,256,256,3,1.0,RGB,JPEG,15.89,True,
datasets/raw/plantvillage/raw/color/Tomato___Early_blight/24379205-969e-4cd0-9232-176c83364d60___RS_Erly.B 7617.JPG,24379205-969e-4cd0-9232-176c83364d60___RS_Erly.B 7617.JPG,Tomato___Early_blight,tomato__fungal__early_blight,tomato,fungal,Early Blight,256,256,3,1.0,RGB,JPEG,14.76,True,
datasets/raw/plantvillage/raw/color/Tomato___Early_blight/5ad16a00-4f2d-4872-a45c-80250b507ecc___RS_Erly.B 9378.JPG,5ad16a00-4f2d-4872-a45c-80250b507ecc___RS_Erly.B 9378.JPG,Tomato___Early_blight,tomato__fungal__early_blight,tomato,fungal,Early Blight,256,256,3,1.0,RGB,JPEG,14.14,True,
datasets/raw/plantvillage/raw/color/Tomato___Early_blight/3271f296-5264-4600-94e0-bde6cf1a2b42___RS_Erly.B 8300.JPG,3271f296-5264-4600-94e0-bde6cf1a2b42___RS_Erly.B 8300.JPG,Tomato___Early_blight,tomato__fungal__early_blight,tomato,fungal,Early Blight,256,256,3,1.0,RGB,JPEG,16.34,True,
datasets/raw/plantvillage/raw/color/Tomato___Early_blight/4e3c2c95-69ca-41d4-9b08-4e0bb7f425eb___RS_Erly.B 7469.JPG,4e3c2c95-69ca-41d4-9b08-4e0bb7f425eb___RS_Erly.B 7469.JPG,Tomato___Early_blight,tomato__fungal__early_blight,tomato,fungal,Early Blight,256,256,3,1.0,RGB,JPEG,12.83,True,
datasets/raw/plantvillage/raw/color/Tomato___Early_blight/3a5a5775-fd2c-43ea-ad6b-ce2e50b36dcf___RS_Erly.B 6469.JPG,3a5a5775-fd2c-43ea-ad6b-ce2e50b36dcf___RS_Erly.B 6469.JPG,Tomato___Early_blight,tomato__fungal__early_blight,tomato,fungal,Early Blight,256,256,3,1.0,RGB,JPEG,13.35,True,
datasets/raw/plantvillage/raw/color/Tomato___Early_blight/f33995ae-6456-476c-b832-4ff4cbaf49f7___RS_Erly.B 7525.JPG,f33995ae-6456-476c-b832-4ff4cbaf49f7___RS_Erly.B 7525.JPG,Tomato___Early_blight,tomato__fungal__early_blight,tomato,fungal,Early Blight,256,256,3,1.0,RGB,JPEG,13.37,True,
datasets/raw/plantvillage/raw/color/Tomato___Early_blight/e2ce6add-93e2-4c1f-9ee3-2354d1542e8b___RS_Erly.B 7698.JPG,e2ce6add-93e2-4c1f-9ee3-2354d1542e8b___RS_Erly.B 7698.JPG,Tomato___Early_blight,tomato__fungal__early_blight,tomato,fungal,Early Blight,256,256,3,1.0,RGB,JPEG,17.18,True,
datasets/raw/plantvillage/raw/color/Tomato___Early_blight/ee69b7e2-34d6-455f-97f6-6f5c06216131___RS_Erly.B 7478.JPG,ee69b7e2-34d6-455f-97f6-6f5c06216131___RS_Erly.B 7478.JPG,Tomato___Early_blight,tomato__fungal__early_blight,tomato,fungal,Early Blight,256,256,3,1.0,RGB,JPEG,12.38,True,
datasets/raw/plantvillage/raw/color/Tomato___Early_blight/e084577f-bb13-4baf-8384-2b37eb430236___RS_Erly.B 7673.JPG,e084577f-bb13-4baf-8384-2b37eb430236___RS_Erly.B 7673.JPG,Tomato___Early_blight,tomato__fungal__early_blight,tomato,fungal,Early Blight,256,256,3,1.0,RGB,JPEG,12.19,True,
datasets/raw/plantvillage/raw/color/Tomato___Early_blight/20459a26-c07a-4592-baf8-6d4172c23cec___RS_Erly.B 8358.JPG,20459a26-c07a-4592-baf8-6d4172c23cec___RS_Erly.B 8358.JPG,Tomato___Early_blight,tomato__fungal__early_blight,tomato,fungal,Early Blight,256,256,3,1.0,RGB,JPEG,18.08,True,
datasets/raw/plantvillage/raw/color/Tomato___Early_blight/9d16bfcd-955e-4a5c-90ea-c7cce8dd9135___RS_Erly.B 7811.JPG,9d16bfcd-955e-4a5c-90ea-c7cce8dd9135___RS_Erly.B 7811.JPG,Tomato___Early_blight,tomato__fungal__early_blight,tomato,fungal,Early Blight,256,256,3,1.0,RGB,JPEG,16.91,True,
datasets/raw/plantvillage/raw/color/Tomato___Early_blight/011aa278-a39e-40b0-b6e4-2e2f835889f0___RS_Erly.B 8251.JPG,011aa278-a39e-40b0-b6e4-2e2f835889f0___RS_Erly.B 8251.JPG,Tomato___Early_blight,tomato__fungal__early_blight,tomato,fungal,Early Blight,256,256,3,1.0,RGB,JPEG,17.08,True,
datasets/raw/plantvillage/raw/color/Tomato___Early_blight/70de9ac6-f90f-441f-a51f-217f55213234___RS_Erly.B 9568.JPG,70de9ac6-f90f-441f-a51f-217f55213234___RS_Erly.B 9568.JPG,Tomato___Early_blight,tomato__fungal__early_blight,tomato,fungal,Early Blight,256,256,3,1.0,RGB,JPEG,11.11,True,
datasets/raw/plantvillage/raw/color/Tomato___Early_blight/f0763973-1898-4ae6-9350-c9b61976c600___RS_Erly.B 6456.JPG,f0763973-1898-4ae6-9350-c9b61976c600___RS_Erly.B 6456.JPG,Tomato___Early_blight,tomato__fungal__early_blight,tomato,fungal,Early Blight,256,256,3,1.0,RGB,JPEG,13.45,True,
datasets/raw/plantvillage/raw/color/Tomato___Early_blight/53bb67c4-0fef-4f13-b4a3-206d06155ffc___RS_Erly.B 6434.JPG,53bb67c4-0fef-4f13-b4a3-206d06155ffc___RS_Erly.B 6434.JPG,Tomato___Early_blight,tomato__fungal__early_blight,tomato,fungal,Early Blight,256,256,3,1.0,RGB,JPEG,12.39,True,
datasets/raw/plantvillage/raw/color/Tomato___Early_blight/74c0d66d-a12d-4b9d-9f24-e283b8273a7e___RS_Erly.B 8302.JPG,74c0d66d-a12d-4b9d-9f24-e283b8273a7e___RS_Erly.B 8302.JPG,Tomato___Early_blight,tomato__fungal__early_blight,tomato,fungal,Early Blight,256,256,3,1.0,RGB,JPEG,15.66,True,
datasets/raw/plantvillage/raw/color/Tomato___Early_blight/32f37240-9abc-4a4d-8c62-37ee3e89d0b6___RS_Erly.B 6424.JPG,32f37240-9abc-4a4d-8c62-37ee3e89d0b6___RS_Erly.B 6424.JPG,Tomato___Early_blight,tomato__fungal__early_blight,tomato,fungal,Early Blight,256,256,3,1.0,RGB,JPEG,12.92,True,
datasets/raw/plantvillage/raw/color/Tomato___Early_blight/c163bdbd-0c60-44da-be29-a1d0cad71b72___RS_Erly.B 8343.JPG,c163bdbd-0c60-44da-be29-a1d0cad71b72___RS_Erly.B 8343.JPG,Tomato___Early_blight,tomato__fungal__early_blight,tomato,fungal,Early Blight,256,256,3,1.0,RGB,JPEG,16.06,True,
datasets/raw/plantvillage/raw/color/Tomato___Early_blight/2c9fda20-f414-4aaa-8798-faf6bc38f014___RS_Erly.B 6491.JPG,2c9fda20-f414-4aaa-8798-faf6bc38f014___RS_Erly.B 6491.JPG,Tomato___Early_blight,tomato__fungal__early_blight,tomato,fungal,Early Blight,256,256,3,1.0,RGB,JPEG,14.08,True,
datasets/raw/plantvillage/raw/color/Tomato___Early_blight/e9adf635-754d-4bc3-af3d-4b3e1bd81812___RS_Erly.B 9438.JPG,e9adf635-754d-4bc3-af3d-4b3e1bd81812___RS_Erly.B 9438.JPG,Tomato___Early_blight,tomato__fungal__early_blight,tomato,fungal,Early Blight,256,256,3,1.0,RGB,JPEG,12.58,True,
datasets/raw/plantvillage/raw/color/Tomato___Early_blight/671586ac-ff93-4825-b6a5-4b7bc7cbbff2___RS_Erly.B 9531.JPG,671586ac-ff93-4825-b6a5-4b7bc7cbbff2___RS_Erly.B 9531.JPG,Tomato___Early_blight,tomato__fungal__early_blight,tomato,fungal,Early Blight,256,256,3,1.0,RGB,JPEG,11.88,True,
datasets/raw/plantvillage/raw/color/Tomato___Early_blight/150cfe75-133e-4e98-90cb-de96a8120c03___RS_Erly.B 9414.JPG,150cfe75-133e-4e98-90cb-de96a8120c03___RS_Erly.B 9414.JPG,Tomato___Early_blight,tomato__fungal__early_blight,tomato,fungal,Early Blight,256,256,3,1.0,RGB,JPEG,13.95,True,
datasets/raw/plantvillage/raw/color/Tomato___Early_blight/bc351ae2-a270-4e17-aff9-b1f559f665f3___RS_Erly.B 7634.JPG,bc351ae2-a270-4e17-aff9-b1f559f665f3___RS_Erly.B 7634.JPG,Tomato___Early_blight,tomato__fungal__early_blight,tomato,fungal,Early Blight,256,256,3,1.0,RGB,JPEG,13.58,True,
datasets/raw/plantvillage/raw/color/Tomato___Early_blight/40e8b878-dc2f-4cbd-ac31-c07f372bb0fa___RS_Erly.B 7369.JPG,40e8b878-dc2f-4cbd-ac31-c07f372bb0fa___RS_Erly.B 7369.JPG,Tomato___Early_blight,tomato__fungal__early_blight,tomato,fungal,Early Blight,256,256,3,1.0,RGB,JPEG,14.88,True,
datasets/raw/plantvillage/raw/color/Tomato___Early_blight/17a09abf-ee69-4d46-ac80-f8608d799b19___RS_Erly.B 7451.JPG,17a09abf-ee69-4d46-ac80-f8608d799b19___RS_Erly.B 7451.JPG,Tomato___Early_blight,tomato__fungal__early_blight,tomato,fungal,Early Blight,256,256,3,1.0,RGB,JPEG,13.72,True,
datasets/raw/plantvillage/raw/color/Tomato___Early_blight/7621d943-ed1a-4ffb-8fa4-8c12d50424de___RS_Erly.B 8322.JPG,7621d943-ed1a-4ffb-8fa4-8c12d50424de___RS_Erly.B 8322.JPG,Tomato___Early_blight,tomato__fungal__early_blight,tomato,fungal,Early Blight,256,256,3,1.0,RGB,JPEG,15.81,True,
datasets/raw/plantvillage/raw/color/Tomato___Early_blight/a47435d5-cd96-4f92-96b9-edd35046c88f___RS_Erly.B 6390.JPG,a47435d5-cd96-4f92-96b9-edd35046c88f___RS_Erly.B 6390.JPG,Tomato___Early_blight,tomato__fungal__early_blight,tomato,fungal,Early Blight,256,256,3,1.0,RGB,JPEG,13.85,True,
datasets/raw/plantvillage/raw/color/Tomato___Early_blight/fe46f781-a40c-4c73-9e2c-50872f1ab370___RS_Erly.B 8348.JPG,fe46f781-a40c-4c73-9e2c-50872f1ab370___RS_Erly.B 8348.JPG,Tomato___Early_blight,tomato__fungal__early_blight,tomato,fungal,Early Blight,256,256,3,1.0,RGB,JPEG,16.69,True,
datasets/raw/plantvillage/raw/color/Tomato___Early_blight/aca65de6-6464-4f8c-803d-b55f92f950f8___RS_Erly.B 6663.JPG,aca65de6-6464-4f8c-803d-b55f92f950f8___RS_Erly.B 6663.JPG,Tomato___Early_blight,tomato__fungal__early_blight,tomato,fungal,Early Blight,256,256,3,1.0,RGB,JPEG,19.08,True,
datasets/raw/plantvillage/raw/color/Tomato___Early_blight/e6645f63-afc8-416a-a4cb-0f5c719476ae___RS_Erly.B 6419.JPG,e6645f63-afc8-416a-a4cb-0f5c719476ae___RS_Erly.B 6419.JPG,Tomato___Early_blight,tomato__fungal__early_blight,tomato,fungal,Early Blight,256,256,3,1.0,RGB,JPEG,12.26,True,
datasets/raw/plantvillage/raw/color/Tomato___Early_blight/0bb52721-51a6-4343-8c54-de15cedf8e5c___RS_Erly.B 7572.JPG,0bb52721-51a6-4343-8c54-de15cedf8e5c___RS_Erly.B 7572.JPG,Tomato___Early_blight,tomato__fungal__early_blight,tomato,fungal,Early Blight,256,256,3,1.0,RGB,JPEG,10.51,True,
datasets/raw/plantvillage/raw/color/Tomato___Early_blight/31e2b9eb-6005-493f-b1c7-293f3dd309dc___RS_Erly.B 7859.JPG,31e2b9eb-6005-493f-b1c7-293f3dd309dc___RS_Erly.B 7859.JPG,Tomato___Early_blight,tomato__fungal__early_blight,tomato,fungal,Early Blight,256,256,3,1.0,RGB,JPEG,15.35,True,
datasets/raw/plantvillage/raw/color/Tomato___Early_blight/6f8046e5-2fc8-4243-a887-b4e99d16397d___RS_Erly.B 6471.JPG,6f8046e5-2fc8-4243-a887-b4e99d16397d___RS_Erly.B 6471.JPG,Tomato___Early_blight,tomato__fungal__early_blight,tomato,fungal,Early Blight,256,256,3,1.0,RGB,JPEG,13.69,True,
datasets/raw/plantvillage/raw/color/Tomato___Early_blight/2840c2f1-b901-41c2-8d0c-7827bc7f8ab3___RS_Erly.B 9574.JPG,2840c2f1-b901-41c2-8d0c-7827bc7f8ab3___RS_Erly.B 9574.JPG,Tomato___Early_blight,tomato__fungal__early_blight,tomato,fungal,Early Blight,256,256,3,1.0,RGB,JPEG,12.64,True,
datasets/raw/plantvillage/raw/color/Tomato___Early_blight/34044338-c693-4604-8764-35eaece11e56___RS_Erly.B 9483.JPG,34044338-c693-4604-8764-35eaece11e56___RS_Erly.B 9483.JPG,Tomato___Early_blight,tomato__fungal__early_blight,tomato,fungal,Early Blight,256,256,3,1.0,RGB,JPEG,17.08,True,
datasets/raw/plantvillage/raw/color/Tomato___Early_blight/4c5f5a51-0ea2-477b-a0bf-e0d511f53e87___RS_Erly.B 6397.JPG,4c5f5a51-0ea2-477b-a0bf-e0d511f53e87___RS_Erly.B 6397.JPG,Tomato___Early_blight,tomato__fungal__early_blight,tomato,fungal,Early Blight,256,256,3,1.0,RGB,JPEG,13.88,True,
datasets/raw/plantvillage/raw/color/Tomato___Early_blight/886b8bc5-3690-4939-b5d5-066c7e62019d___RS_Erly.B 9454.JPG,886b8bc5-3690-4939-b5d5-066c7e62019d___RS_Erly.B 9454.JPG,Tomato___Early_blight,tomato__fungal__early_blight,tomato,fungal,Early Blight,256,256,3,1.0,RGB,JPEG,13.91,True,
datasets/raw/plantvillage/raw/color/Tomato___Early_blight/fe79c70c-0977-43f3-ad1b-3a1b4bceeceb___RS_Erly.B 7506.JPG,fe79c70c-0977-43f3-ad1b-3a1b4bceeceb___RS_Erly.B 7506.JPG,Tomato___Early_blight,tomato__fungal__early_blight,tomato,fungal,Early Blight,256,256,3,1.0,RGB,JPEG,11.34,True,
datasets/raw/plantvillage/raw/color/Tomato___Early_blight/250f6c43-1800-4c21-9d73-cc51fe144bbc___RS_Erly.B 6356.JPG,250f6c43-1800-4c21-9d73-cc51fe144bbc___RS_Erly.B 6356.JPG,Tomato___Early_blight,tomato__fungal__early_blight,tomato,fungal,Early Blight,256,256,3,1.0,RGB,JPEG,12.33,True,
datasets/raw/plantvillage/raw/color/Tomato___Early_blight/6c3feee9-23a8-46c4-8ded-5b0ef2e49ff5___RS_Erly.B 9370.JPG,6c3feee9-23a8-46c4-8ded-5b0ef2e49ff5___RS_Erly.B 9370.JPG,Tomato___Early_blight,tomato__fungal__early_blight,tomato,fungal,Early Blight,256,256,3,1.0,RGB,JPEG,16.13,True,
datasets/raw/plantvillage/raw/color/Tomato___Early_blight/c98f4286-f846-4c26-b74f-9859de9699e6___RS_Erly.B 9607.JPG,c98f4286-f846-4c26-b74f-9859de9699e6___RS_Erly.B 9607.JPG,Tomato___Early_blight,tomato__fungal__early_blight,tomato,fungal,Early Blight,256,256,3,1.0,RGB,JPEG,14.27,True,
datasets/raw/plantvillage/raw/color/Tomato___Early_blight/9fcb89e0-c94e-427f-930b-73b4d12b8690___RS_Erly.B 9495.JPG,9fcb89e0-c94e-427f-930b-73b4d12b8690___RS_Erly.B 9495.JPG,Tomato___Early_blight,tomato__fungal__early_blight,tomato,fungal,Early Blight,256,256,3,1.0,RGB,JPEG,16.43,True,
datasets/raw/plantvillage/raw/color/Tomato___Early_blight/74b3c6cf-a35b-481b-aa22-7483a52bff76___RS_Erly.B 7792.JPG,74b3c6cf-a35b-481b-aa22-7483a52bff76___RS_Erly.B 7792.JPG,Tomato___Early_blight,tomato__fungal__early_blight,tomato,fungal,Early Blight,256,256,3,1.0,RGB,JPEG,17.27,True,
datasets/raw/plantvillage/raw/color/Tomato___Early_blight/a3611dae-1359-41af-b506-0b012c37a451___RS_Erly.B 7368.JPG,a3611dae-1359-41af-b506-0b012c37a451___RS_Erly.B 7368.JPG,Tomato___Early_blight,tomato__fungal__early_blight,tomato,fungal,Early Blight,256,256,3,1.0,RGB,JPEG,10.2,True,
datasets/raw/plantvillage/raw/color/Tomato___Early_blight/6a6f1594-62fa-487a-a51f-38b86e7483cf___RS_Erly.B 6360.JPG,6a6f1594-62fa-487a-a51f-38b86e7483cf___RS_Erly.B 6360.JPG,Tomato___Early_blight,tomato__fungal__early_blight,tomato,fungal,Early Blight,256,256,3,1.0,RGB,JPEG,11.21,True,
datasets/raw/plantvillage/raw/color/Tomato___Early_blight/4803a0a5-ac23-431f-b792-d60a25a268bd___RS_Erly.B 9508.JPG,4803a0a5-ac23-431f-b792-d60a25a268bd___RS_Erly.B 9508.JPG,Tomato___Early_blight,tomato__fungal__early_blight,tomato,fungal,Early Blight,256,256,3,1.0,RGB,JPEG,17.17,True,
datasets/raw/plantvillage/raw/color/Tomato___Early_blight/25cc64d3-0ea1-4082-9b2a-bcaee3056580___RS_Erly.B 9602.JPG,25cc64d3-0ea1-4082-9b2a-bcaee3056580___RS_Erly.B 9602.JPG,Tomato___Early_blight,tomato__fungal__early_blight,tomato,fungal,Early Blight,256,256,3,1.0,RGB,JPEG,13.63,True,
datasets/raw/plantvillage/raw/color/Tomato___Early_blight/10fedb70-9786-4623-a32b-97a622037511___RS_Erly.B 7796.JPG,10fedb70-9786-4623-a32b-97a622037511___RS_Erly.B 7796.JPG,Tomato___Early_blight,tomato__fungal__early_blight,tomato,fungal,Early Blight,256,256,3,1.0,RGB,JPEG,17.81,True,
datasets/raw/plantvillage/raw/color/Tomato___Early_blight/2419fd79-cda0-4ba4-be14-31c92a2e91dd___RS_Erly.B 8255.JPG,2419fd79-cda0-4ba4-be14-31c92a2e91dd___RS_Erly.B 8255.JPG,Tomato___Early_blight,tomato__fungal__early_blight,tomato,fungal,Early Blight,256,256,3,1.0,RGB,JPEG,16.06,True,
datasets/raw/plantvillage/raw/color/Tomato___Early_blight/829d0a5e-326c-4ae6-a3c6-c65297cb5d2f___RS_Erly.B 8338.JPG,829d0a5e-326c-4ae6-a3c6-c65297cb5d2f___RS_Erly.B 8338.JPG,Tomato___Early_blight,tomato__fungal__early_blight,tomato,fungal,Early Blight,256,256,3,1.0,RGB,JPEG,17.29,True,
datasets/raw/plantvillage/raw/color/Tomato___Early_blight/10a46a0b-debe-49f9-8562-c7c81855160e___RS_Erly.B 6339.JPG,10a46a0b-debe-49f9-8562-c7c81855160e___RS_Erly.B 6339.JPG,Tomato___Early_blight,tomato__fungal__early_blight,tomato,fungal,Early Blight,256,256,3,1.0,RGB,JPEG,13.21,True,
datasets/raw/plantvillage/raw/color/Tomato___Early_blight/420da335-510d-4e55-ac9c-2cad3530ad68___RS_Erly.B 8442.JPG,420da335-510d-4e55-ac9c-2cad3530ad68___RS_Erly.B 8442.JPG,Tomato___Early_blight,tomato__fungal__early_blight,tomato,fungal,Early Blight,256,256,3,1.0,RGB,JPEG,19.62,True,
datasets/raw/plantvillage/raw/color/Tomato___Early_blight/d94db5d9-2492-4680-bd2d-8ad66287243d___RS_Erly.B 7612.JPG,d94db5d9-2492-4680-bd2d-8ad66287243d___RS_Erly.B 7612.JPG,Tomato___Early_blight,tomato__fungal__early_blight,tomato,fungal,Early Blight,256,256,3,1.0,RGB,JPEG,9.25,True,
datasets/raw/plantvillage/raw/color/Tomato___Early_blight/df721edd-686e-4bb8-a05b-e8c67743c8ca___RS_Erly.B 8265.JPG,df721edd-686e-4bb8-a05b-e8c67743c8ca___RS_Erly.B 8265.JPG,Tomato___Early_blight,tomato__fungal__early_blight,tomato,fungal,Early Blight,256,256,3,1.0,RGB,JPEG,17.74,True,
datasets/raw/plantvillage/raw/color/Tomato___Early_blight/0db67be3-f733-4d15-b7d9-5d075b2cafc7___RS_Erly.B 6401.JPG,0db67be3-f733-4d15-b7d9-5d075b2cafc7___RS_Erly.B 6401.JPG,Tomato___Early_blight,tomato__fungal__early_blight,tomato,fungal,Early Blight,256,256,3,1.0,RGB,JPEG,11.14,True,
datasets/raw/plantvillage/raw/color/Tomato___Early_blight/ff83852f-65e0-4981-8c66-6b86d34b32c2___RS_Erly.B 9582.JPG,ff83852f-65e0-4981-8c66-6b86d34b32c2___RS_Erly.B 9582.JPG,Tomato___Early_blight,tomato__fungal__early_blight,tomato,fungal,Early Blight,256,256,3,1.0,RGB,JPEG,12.47,True,
datasets/raw/plantvillage/raw/color/Tomato___Early_blight/59cbcb57-16e3-4e35-a1d6-8672678c9d8d___RS_Erly.B 6489.JPG,59cbcb57-16e3-4e35-a1d6-8672678c9d8d___RS_Erly.B 6489.JPG,Tomato___Early_blight,tomato__fungal__early_blight,tomato,fungal,Early Blight,256,256,3,1.0,RGB,JPEG,15.15,True,
datasets/raw/plantvillage/raw/color/Tomato___Early_blight/f26a0950-0a68-4850-8945-a8aca58da4fa___RS_Erly.B 7505.JPG,f26a0950-0a68-4850-8945-a8aca58da4fa___RS_Erly.B 7505.JPG,Tomato___Early_blight,tomato__fungal__early_blight,tomato,fungal,Early Blight,256,256,3,1.0,RGB,JPEG,11.81,True,
datasets/raw/plantvillage/raw/color/Tomato___Early_blight/506f85e7-6f27-40e2-bb9c-5ddb6f35a787___RS_Erly.B 8406.JPG,506f85e7-6f27-40e2-bb9c-5ddb6f35a787___RS_Erly.B 8406.JPG,Tomato___Early_blight,tomato__fungal__early_blight,tomato,fungal,Early Blight,256,256,3,1.0,RGB,JPEG,16.78,True,
datasets/raw/plantvillage/raw/color/Tomato___Early_blight/7828bbde-4f60-441e-be89-6cedd12f1c1c___RS_Erly.B 7830.JPG,7828bbde-4f60-441e-be89-6cedd12f1c1c___RS_Erly.B 7830.JPG,Tomato___Early_blight,tomato__fungal__early_blight,tomato,fungal,Early Blight,256,256,3,1.0,RGB,JPEG,16.55,True,
datasets/raw/plantvillage/raw/color/Tomato___Early_blight/511fb1ba-bef6-4144-9e05-461a66022cba___RS_Erly.B 8435.JPG,511fb1ba-bef6-4144-9e05-461a66022cba___RS_Erly.B 8435.JPG,Tomato___Early_blight,tomato__fungal__early_blight,tomato,fungal,Early Blight,256,256,3,1.0,RGB,JPEG,20.44,True,
datasets/raw/plantvillage/raw/color/Tomato___Early_blight/11f247d4-f87a-4273-bb9a-317e17916a75___RS_Erly.B 9470.JPG,11f247d4-f87a-4273-bb9a-317e17916a75___RS_Erly.B 9470.JPG,Tomato___Early_blight,tomato__fungal__early_blight,tomato,fungal,Early Blight,256,256,3,1.0,RGB,JPEG,15.72,True,
datasets/raw/plantvillage/raw/color/Tomato___Early_blight/90915bb5-9440-43dd-85c1-5d30865054d5___RS_Erly.B 7493.JPG,90915bb5-9440-43dd-85c1-5d30865054d5___RS_Erly.B 7493.JPG,Tomato___Early_blight,tomato__fungal__early_blight,tomato,fungal,Early Blight,256,256,3,1.0,RGB,JPEG,11.23,True,
datasets/raw/plantvillage/raw/color/Tomato___Early_blight/ab1f0275-f2db-4dcf-befb-8921c6101b80___RS_Erly.B 7596.JPG,ab1f0275-f2db-4dcf-befb-8921c6101b80___RS_Erly.B 7596.JPG,Tomato___Early_blight,tomato__fungal__early_blight,tomato,fungal,Early Blight,256,256,3,1.0,RGB,JPEG,9.85,True,
datasets/raw/plantvillage/raw/color/Tomato___Early_blight/42c0d61f-b28e-43e9-9fa3-bb03c6ec086a___RS_Erly.B 9601.JPG,42c0d61f-b28e-43e9-9fa3-bb03c6ec086a___RS_Erly.B 9601.JPG,Tomato___Early_blight,tomato__fungal__early_blight,tomato,fungal,Early Blight,256,256,3,1.0,RGB,JPEG,12.79,True,
datasets/raw/plantvillage/raw/color/Tomato___Early_blight/983a04ad-2cc6-4d78-9365-a67012b4ffdc___RS_Erly.B 7661.JPG,983a04ad-2cc6-4d78-9365-a67012b4ffdc___RS_Erly.B 7661.JPG,Tomato___Early_blight,tomato__fungal__early_blight,tomato,fungal,Early Blight,256,256,3,1.0,RGB,JPEG,12.27,True,
datasets/raw/plantvillage/raw/color/Tomato___Early_blight/d204ed67-ae0c-40fa-84a4-0e7ef9bca62d___RS_Erly.B 8432.JPG,d204ed67-ae0c-40fa-84a4-0e7ef9bca62d___RS_Erly.B 8432.JPG,Tomato___Early_blight,tomato__fungal__early_blight,tomato,fungal,Early Blight,256,256,3,1.0,RGB,JPEG,16.54,True,
datasets/raw/plantvillage/raw/color/Tomato___Early_blight/347120f8-e92d-43f7-9ace-196890cec04d___RS_Erly.B 9421.JPG,347120f8-e92d-43f7-9ace-196890cec04d___RS_Erly.B 9421.JPG,Tomato___Early_blight,tomato__fungal__early_blight,tomato,fungal,Early Blight,256,256,3,1.0,RGB,JPEG,16.8,True,
datasets/raw/plantvillage/raw/color/Tomato___Early_blight/30c5bc48-7b5e-4bc0-9f0c-096042dacde2___RS_Erly.B 6333.JPG,30c5bc48-7b5e-4bc0-9f0c-096042dacde2___RS_Erly.B 6333.JPG,Tomato___Early_blight,tomato__fungal__early_blight,tomato,fungal,Early Blight,256,256,3,1.0,RGB,JPEG,13.58,True,
datasets/raw/plantvillage/raw/color/Tomato___Early_blight/ad898210-9539-4fe4-abf0-a568b57ff205___RS_Erly.B 6336.JPG,ad898210-9539-4fe4-abf0-a568b57ff205___RS_Erly.B 6336.JPG,Tomato___Early_blight,tomato__fungal__early_blight,tomato,fungal,Early Blight,256,256,3,1.0,RGB,JPEG,13.16,True,
datasets/raw/plantvillage/raw/color/Tomato___Early_blight/d3ebceea-8021-4168-85a4-27ef48cdaacb___RS_Erly.B 7857.JPG,d3ebceea-8021-4168-85a4-27ef48cdaacb___RS_Erly.B 7857.JPG,Tomato___Early_blight,tomato__fungal__early_blight,tomato,fungal,Early Blight,256,256,3,1.0,RGB,JPEG,23.73,True,
datasets/raw/plantvillage/raw/color/Tomato___Early_blight/fee744d4-d0e5-439d-8b7b-04f8394251e8___RS_Erly.B 7396.JPG,fee744d4-d0e5-439d-8b7b-04f8394251e8___RS_Erly.B 7396.JPG,Tomato___Early_blight,tomato__fungal__early_blight,tomato,fungal,Early Blight,256,256,3,1.0,RGB,JPEG,12.23,True,
datasets/raw/plantvillage/raw/color/Tomato___Early_blight/1f402ddb-f3e8-4907-a793-320c8e43446a___RS_Erly.B 9460.JPG,1f402ddb-f3e8-4907-a793-320c8e43446a___RS_Erly.B 9460.JPG,Tomato___Early_blight,tomato__fungal__early_blight,tomato,fungal,Early Blight,256,256,3,1.0,RGB,JPEG,16.51,True,
datasets/raw/plantvillage/raw/color/Tomato___Early_blight/95de9f94-ddb1-4303-b3d9-a3ad2b430bbf___RS_Erly.B 9554.JPG,95de9f94-ddb1-4303-b3d9-a3ad2b430bbf___RS_Erly.B 9554.JPG,Tomato___Early_blight,tomato__fungal__early_blight,tomato,fungal,Early Blight,256,256,3,1.0,RGB,JPEG,13.24,True,
datasets/raw/plantvillage/raw/color/Tomato___Early_blight/f4d4fe0b-d711-4a2c-b331-213787eda9b0___RS_Erly.B 6665.JPG,f4d4fe0b-d711-4a2c-b331-213787eda9b0___RS_Erly.B 6665.JPG,Tomato___Early_blight,tomato__fungal__early_blight,tomato,fungal,Early Blight,256,256,3,1.0,RGB,JPEG,16.79,True,
datasets/raw/plantvillage/raw/color/Tomato___Early_blight/3be94535-c405-4f67-99cb-6ffc5f596639___RS_Erly.B 7783.JPG,3be94535-c405-4f67-99cb-6ffc5f596639___RS_Erly.B 7783.JPG,Tomato___Early_blight,tomato__fungal__early_blight,tomato,fungal,Early Blight,256,256,3,1.0,RGB,JPEG,18.7,True,
datasets/raw/plantvillage/raw/color/Tomato___Early_blight/c21e480d-8263-4b9c-b429-4beceb2cb7d0___RS_Erly.B 8292.JPG,c21e480d-8263-4b9c-b429-4beceb2cb7d0___RS_Erly.B 8292.JPG,Tomato___Early_blight,tomato__fungal__early_blight,tomato,fungal,Early Blight,256,256,3,1.0,RGB,JPEG,20.45,True,
datasets/raw/plantvillage/raw/color/Tomato___Early_blight/3c09557f-b69a-423e-a84f-8fd9ee6467d2___RS_Erly.B 9490.JPG,3c09557f-b69a-423e-a84f-8fd9ee6467d2___RS_Erly.B 9490.JPG,Tomato___Early_blight,tomato__fungal__early_blight,tomato,fungal,Early Blight,256,256,3,1.0,RGB,JPEG,18.0,True,
datasets/raw/plantvillage/raw/color/Tomato___Early_blight/d44e75f7-59ac-4296-ac62-893125ddf04e___RS_Erly.B 7856.JPG,d44e75f7-59ac-4296-ac62-893125ddf04e___RS_Erly.B 7856.JPG,Tomato___Early_blight,tomato__fungal__early_blight,tomato,fungal,Early Blight,256,256,3,1.0,RGB,JPEG,17.73,True,
datasets/raw/plantvillage/raw/color/Tomato___Early_blight/b5795f23-792b-47ef-bd5e-5a2a4a01bdc6___RS_Erly.B 7501.JPG,b5795f23-792b-47ef-bd5e-5a2a4a01bdc6___RS_Erly.B 7501.JPG,Tomato___Early_blight,tomato__fungal__early_blight,tomato,fungal,Early Blight,256,256,3,1.0,RGB,JPEG,12.22,True,
datasets/raw/plantvillage/raw/color/Tomato___Early_blight/9302786b-4392-4e54-a7a1-c6c39043caaf___RS_Erly.B 8329.JPG,9302786b-4392-4e54-a7a1-c6c39043caaf___RS_Erly.B 8329.JPG,Tomato___Early_blight,tomato__fungal__early_blight,tomato,fungal,Early Blight,256,256,3,1.0,RGB,JPEG,17.33,True,
datasets/raw/plantvillage/raw/color/Tomato___Early_blight/b5c94157-7110-420f-99fc-040594d6ff12___RS_Erly.B 9474.JPG,b5c94157-7110-420f-99fc-040594d6ff12___RS_Erly.B 9474.JPG,Tomato___Early_blight,tomato__fungal__early_blight,tomato,fungal,Early Blight,256,256,3,1.0,RGB,JPEG,15.34,True,
datasets/raw/plantvillage/raw/color/Tomato___Early_blight/26e2e7aa-800c-421b-92e8-3e20c5f5757e___RS_Erly.B 7656.JPG,26e2e7aa-800c-421b-92e8-3e20c5f5757e___RS_Erly.B 7656.JPG,Tomato___Early_blight,tomato__fungal__early_blight,tomato,fungal,Early Blight,256,256,3,1.0,RGB,JPEG,12.44,True,
datasets/raw/plantvillage/raw/color/Tomato___Early_blight/7c4ba770-64bf-4cd5-82ea-c5e2a16d81f3___RS_Erly.B 9556.JPG,7c4ba770-64bf-4cd5-82ea-c5e2a16d81f3___RS_Erly.B 9556.JPG,Tomato___Early_blight,tomato__fungal__early_blight,tomato,fungal,Early Blight,256,256,3,1.0,RGB,JPEG,13.08,True,
datasets/raw/plantvillage/raw/color/Tomato___Early_blight/73f4d791-745e-49b8-82d8-e29b24ddd0e5___RS_Erly.B 7593.JPG,73f4d791-745e-49b8-82d8-e29b24ddd0e5___RS_Erly.B 7593.JPG,Tomato___Early_blight,tomato__fungal__early_blight,tomato,fungal,Early Blight,256,256,3,1.0,RGB,JPEG,10.83,True,
datasets/raw/plantvillage/raw/color/Tomato___Early_blight/08fe6531-bb66-4e0a-98b3-4b86a794f9f9___RS_Erly.B 7483.JPG,08fe6531-bb66-4e0a-98b3-4b86a794f9f9___RS_Erly.B 7483.JPG,Tomato___Early_blight,tomato__fungal__early_blight,tomato,fungal,Early Blight,256,256,3,1.0,RGB,JPEG,11.72,True,
datasets/raw/plantvillage/raw/color/Tomato___Early_blight/0ecc2ee7-fb66-41fa-a23b-9bdeaf31078a___RS_Erly.B 6381.JPG,0ecc2ee7-fb66-41fa-a23b-9bdeaf31078a___RS_Erly.B 6381.JPG,Tomato___Early_blight,tomato__fungal__early_blight,tomato,fungal,Early Blight,256,256,3,1.0,RGB,JPEG,12.77,True,
datasets/raw/plantvillage/raw/color/Tomato___Early_blight/bad3a868-aed5-408f-b0a8-f018994ce28b___RS_Erly.B 7789.JPG,bad3a868-aed5-408f-b0a8-f018994ce28b___RS_Erly.B 7789.JPG,Tomato___Early_blight,tomato__fungal__early_blight,tomato,fungal,Early Blight,256,256,3,1.0,RGB,JPEG,13.59,True,
datasets/raw/plantvillage/raw/color/Tomato___Early_blight/e5f8bd02-fa52-4ba0-9074-cb7618adacda___RS_Erly.B 9617.JPG,e5f8bd02-fa52-4ba0-9074-cb7618adacda___RS_Erly.B 9617.JPG,Tomato___Early_blight,tomato__fungal__early_blight,tomato,fungal,Early Blight,256,256,3,1.0,RGB,JPEG,12.51,True,
datasets/raw/plantvillage/raw/color/Tomato___Early_blight/81c427f2-5e52-43e2-a000-0a2a973e18f6___RS_Erly.B 7769.JPG,81c427f2-5e52-43e2-a000-0a2a973e18f6___RS_Erly.B 7769.JPG,Tomato___Early_blight,tomato__fungal__early_blight,tomato,fungal,Early Blight,256,256,3,1.0,RGB,JPEG,15.86,True,
datasets/raw/plantvillage/raw/color/Tomato___Early_blight/e626a672-48b8-490d-8314-a70ff37153f4___RS_Erly.B 7467.JPG,e626a672-48b8-490d-8314-a70ff37153f4___RS_Erly.B 7467.JPG,Tomato___Early_blight,tomato__fungal__early_blight,tomato,fungal,Early Blight,256,256,3,1.0,RGB,JPEG,12.12,True,
datasets/raw/plantvillage/raw/color/Tomato___Early_blight/289ba10b-f518-445a-8c54-cc981e2ffe34___RS_Erly.B 7399.JPG,289ba10b-f518-445a-8c54-cc981e2ffe34___RS_Erly.B 7399.JPG,Tomato___Early_blight,tomato__fungal__early_blight,tomato,fungal,Early Blight,256,256,3,1.0,RGB,JPEG,11.45,True,
datasets/raw/plantvillage/raw/color/Tomato___Early_blight/bb2586ff-9676-4100-89f7-200d9ce5ecd6___RS_Erly.B 9386.JPG,bb2586ff-9676-4100-89f7-200d9ce5ecd6___RS_Erly.B 9386.JPG,Tomato___Early_blight,tomato__fungal__early_blight,tomato,fungal,Early Blight,256,256,3,1.0,RGB,JPEG,16.58,True,
datasets/raw/plantvillage/raw/color/Tomato___Early_blight/bd0f06fb-1f9a-4de8-8c96-926d312cea27___RS_Erly.B 7603.JPG,bd0f06fb-1f9a-4de8-8c96-926d312cea27___RS_Erly.B 7603.JPG,Tomato___Early_blight,tomato__fungal__early_blight,tomato,fungal,Early Blight,256,256,3,1.0,RGB,JPEG,12.52,True,
datasets/raw/plantvillage/raw/color/Tomato___Early_blight/407d9731-c2d8-48c1-8712-9719c185791c___RS_Erly.B 9496.JPG,407d9731-c2d8-48c1-8712-9719c185791c___RS_Erly.B 9496.JPG,Tomato___Early_blight,tomato__fungal__early_blight,tomato,fungal,Early Blight,256,256,3,1.0,RGB,JPEG,16.19,True,
datasets/raw/plantvillage/raw/color/Tomato___Early_blight/04ddbde3-d33c-42bf-b849-dad24d64fd6f___RS_Erly.B 7664.JPG,04ddbde3-d33c-42bf-b849-dad24d64fd6f___RS_Erly.B 7664.JPG,Tomato___Early_blight,tomato__fungal__early_blight,tomato,fungal,Early Blight,256,256,3,1.0,RGB,JPEG,11.64,True,
datasets/raw/plantvillage/raw/color/Tomato___Early_blight/cf3cffb2-f822-402d-90b9-d1df870c13f3___RS_Erly.B 7741.JPG,cf3cffb2-f822-402d-90b9-d1df870c13f3___RS_Erly.B 7741.JPG,Tomato___Early_blight,tomato__fungal__early_blight,tomato,fungal,Early Blight,256,256,3,1.0,RGB,JPEG,17.0,True,
datasets/raw/plantvillage/raw/color/Tomato___Early_blight/fe167aa5-089e-4295-ad85-071819b7b692___RS_Erly.B 9403.JPG,fe167aa5-089e-4295-ad85-071819b7b692___RS_Erly.B 9403.JPG,Tomato___Early_blight,tomato__fungal__early_blight,tomato,fungal,Early Blight,256,256,3,1.0,RGB,JPEG,13.68,True,
datasets/raw/plantvillage/raw/color/Tomato___Early_blight/4ee9cff7-9693-4d51-821b-da31e5df240c___RS_Erly.B 7427.JPG,4ee9cff7-9693-4d51-821b-da31e5df240c___RS_Erly.B 7427.JPG,Tomato___Early_blight,tomato__fungal__early_blight,tomato,fungal,Early Blight,256,256,3,1.0,RGB,JPEG,17.07,True,
datasets/raw/plantvillage/raw/color/Tomato___Early_blight/7bab9b53-f608-4f3f-8325-d730d846b3d9___RS_Erly.B 7695.JPG,7bab9b53-f608-4f3f-8325-d730d846b3d9___RS_Erly.B 7695.JPG,Tomato___Early_blight,tomato__fungal__early_blight,tomato,fungal,Early Blight,256,256,3,1.0,RGB,JPEG,15.37,True,
datasets/raw/plantvillage/raw/color/Tomato___Early_blight/239213d8-587b-48a8-bfdf-03157ba8e95d___RS_Erly.B 6385.JPG,239213d8-587b-48a8-bfdf-03157ba8e95d___RS_Erly.B 6385.JPG,Tomato___Early_blight,tomato__fungal__early_blight,tomato,fungal,Early Blight,256,256,3,1.0,RGB,JPEG,12.71,True,
datasets/raw/plantvillage/raw/color/Tomato___Early_blight/d099777c-8b33-4924-af9e-d3dd96c2de37___RS_Erly.B 7790.JPG,d099777c-8b33-4924-af9e-d3dd96c2de37___RS_Erly.B 7790.JPG,Tomato___Early_blight,tomato__fungal__early_blight,tomato,fungal,Early Blight,256,256,3,1.0,RGB,JPEG,17.89,True,
datasets/raw/plantvillage/raw/color/Tomato___Early_blight/e229da8f-a130-49c3-8f78-485842c8a994___RS_Erly.B 7462.JPG,e229da8f-a130-49c3-8f78-485842c8a994___RS_Erly.B 7462.JPG,Tomato___Early_blight,tomato__fungal__early_blight,tomato,fungal,Early Blight,256,256,3,1.0,RGB,JPEG,12.45,True,
datasets/raw/plantvillage/raw/color/Tomato___Early_blight/c3e85d27-e5e0-4897-a039-22640e696184___RS_Erly.B 9459.JPG,c3e85d27-e5e0-4897-a039-22640e696184___RS_Erly.B 9459.JPG,Tomato___Early_blight,tomato__fungal__early_blight,tomato,fungal,Early Blight,256,256,3,1.0,RGB,JPEG,16.73,True,
datasets/raw/plantvillage/raw/color/Tomato___Early_blight/c83d0821-505b-4270-acd7-1a5c79f671b4___RS_Erly.B 7629.JPG,c83d0821-505b-4270-acd7-1a5c79f671b4___RS_Erly.B 7629.JPG,Tomato___Early_blight,tomato__fungal__early_blight,tomato,fungal,Early Blight,256,256,3,1.0,RGB,JPEG,14.86,True,
datasets/raw/plantvillage/raw/color/Tomato___Early_blight/5595a78c-8a56-4ee2-b085-a96c6fb67846___RS_Erly.B 7716.JPG,5595a78c-8a56-4ee2-b085-a96c6fb67846___RS_Erly.B 7716.JPG,Tomato___Early_blight,tomato__fungal__early_blight,tomato,fungal,Early Blight,256,256,3,1.0,RGB,JPEG,17.98,True,
datasets/raw/plantvillage/raw/color/Tomato___Early_blight/2f823081-0654-47f1-bb1e-88d7e99a94ca___RS_Erly.B 9542.JPG,2f823081-0654-47f1-bb1e-88d7e99a94ca___RS_Erly.B 9542.JPG,Tomato___Early_blight,tomato__fungal__early_blight,tomato,fungal,Early Blight,256,256,3,1.0,RGB,JPEG,12.5,True,
datasets/raw/plantvillage/raw/color/Tomato___Early_blight/a8d430c0-7dff-4474-a6c1-1fd601198ff6___RS_Erly.B 7738.JPG,a8d430c0-7dff-4474-a6c1-1fd601198ff6___RS_Erly.B 7738.JPG,Tomato___Early_blight,tomato__fungal__early_blight,tomato,fungal,Early Blight,256,256,3,1.0,RGB,JPEG,22.69,True,
datasets/raw/plantvillage/raw/color/Tomato___Early_blight/61f57acc-088f-45e0-b0b5-860120082ae9___RS_Erly.B 7388.JPG,61f57acc-088f-45e0-b0b5-860120082ae9___RS_Erly.B 7388.JPG,Tomato___Early_blight,tomato__fungal__early_blight,tomato,fungal,Early Blight,256,256,3,1.0,RGB,JPEG,14.51,True,
datasets/raw/plantvillage/raw/color/Tomato___Early_blight/fbc07887-0306-4f85-9de9-ebb68a87753a___RS_Erly.B 7456.JPG,fbc07887-0306-4f85-9de9-ebb68a87753a___RS_Erly.B 7456.JPG,Tomato___Early_blight,tomato__fungal__early_blight,tomato,fungal,Early Blight,256,256,3,1.0,RGB,JPEG,16.5,True,
datasets/raw/plantvillage/raw/color/Tomato___Early_blight/fae08468-fe96-4604-9b86-bfe4c4f06999___RS_Erly.B 9530.JPG,fae08468-fe96-4604-9b86-bfe4c4f06999___RS_Erly.B 9530.JPG,Tomato___Early_blight,tomato__fungal__early_blight,tomato,fungal,Early Blight,256,256,3,1.0,RGB,JPEG,12.04,True,
datasets/raw/plantvillage/raw/color/Tomato___Early_blight/a138ec63-9d5e-4c6d-97d6-da0159c93c0a___RS_Erly.B 7744.JPG,a138ec63-9d5e-4c6d-97d6-da0159c93c0a___RS_Erly.B 7744.JPG,Tomato___Early_blight,tomato__fungal__early_blight,tomato,fungal,Early Blight,256,256,3,1.0,RGB,JPEG,16.46,True,
datasets/raw/plantvillage/raw/color/Tomato___Early_blight/070679a9-27e1-4e6e-8072-29f3750d525b___RS_Erly.B 6439.JPG,070679a9-27e1-4e6e-8072-29f3750d525b___RS_Erly.B 6439.JPG,Tomato___Early_blight,tomato__fungal__early_blight,tomato,fungal,Early Blight,256,256,3,1.0,RGB,JPEG,13.58,True,
datasets/raw/plantvillage/raw/color/Tomato___Early_blight/19427ace-5a24-4e30-8a4d-228ab4a3b99b___RS_Erly.B 7403.JPG,19427ace-5a24-4e30-8a4d-228ab4a3b99b___RS_Erly.B 7403.JPG,Tomato___Early_blight,tomato__fungal__early_blight,tomato,fungal,Early Blight,256,256,3,1.0,RGB,JPEG,13.74,True,
datasets/raw/plantvillage/raw/color/Tomato___Early_blight/42d072db-d17e-4050-882a-6a8d1c1ede05___RS_Erly.B 8430.JPG,42d072db-d17e-4050-882a-6a8d1c1ede05___RS_Erly.B 8430.JPG,Tomato___Early_blight,tomato__fungal__early_blight,tomato,fungal,Early Blight,256,256,3,1.0,RGB,JPEG,18.17,True,
datasets/raw/plantvillage/raw/color/Tomato___Early_blight/68d12608-22a0-4b11-ab99-37cb4cd6fdce___RS_Erly.B 6392.JPG,68d12608-22a0-4b11-ab99-37cb4cd6fdce___RS_Erly.B 6392.JPG,Tomato___Early_blight,tomato__fungal__early_blight,tomato,fungal,Early Blight,256,256,3,1.0,RGB,JPEG,15.26,True,
datasets/raw/plantvillage/raw/color/Tomato___Early_blight/d1668361-aac6-41e3-b729-c5e5092326c1___RS_Erly.B 7562.JPG,d1668361-aac6-41e3-b729-c5e5092326c1___RS_Erly.B 7562.JPG,Tomato___Early_blight,tomato__fungal__early_blight,tomato,fungal,Early Blight,256,256,3,1.0,RGB,JPEG,11.71,True,
datasets/raw/plantvillage/raw/color/Tomato___Early_blight/d71f9e9f-e7e3-44e3-8376-0820971fe2c1___RS_Erly.B 9384.JPG,d71f9e9f-e7e3-44e3-8376-0820971fe2c1___RS_Erly.B 9384.JPG,Tomato___Early_blight,tomato__fungal__early_blight,tomato,fungal,Early Blight,256,256,3,1.0,RGB,JPEG,16.41,True,
datasets/raw/plantvillage/raw/color/Tomato___Early_blight/50cd977c-9fa8-4ff2-9a82-9d848f0a8972___RS_Erly.B 7683.JPG,50cd977c-9fa8-4ff2-9a82-9d848f0a8972___RS_Erly.B 7683.JPG,Tomato___Early_blight,tomato__fungal__early_blight,tomato,fungal,Early Blight,256,256,3,1.0,RGB,JPEG,15.97,True,
datasets/raw/plantvillage/raw/color/Tomato___Early_blight/2a64ed5f-6be9-463b-894f-e2953da0a974___RS_Erly.B 7520.JPG,2a64ed5f-6be9-463b-894f-e2953da0a974___RS_Erly.B 7520.JPG,Tomato___Early_blight,tomato__fungal__early_blight,tomato,fungal,Early Blight,256,256,3,1.0,RGB,JPEG,15.23,True,
datasets/raw/plantvillage/raw/color/Tomato___Early_blight/5870b25f-914c-4dae-aaf5-88d48cb90803___RS_Erly.B 7774.JPG,5870b25f-914c-4dae-aaf5-88d48cb90803___RS_Erly.B 7774.JPG,Tomato___Early_blight,tomato__fungal__early_blight,tomato,fungal,Early Blight,256,256,3,1.0,RGB,JPEG,21.81,True,
datasets/raw/plantvillage/raw/color/Tomato___Early_blight/5d5d73a4-b480-4479-a5a5-8d6ba6909eac___RS_Erly.B 9409.JPG,5d5d73a4-b480-4479-a5a5-8d6ba6909eac___RS_Erly.B 9409.JPG,Tomato___Early_blight,tomato__fungal__early_blight,tomato,fungal,Early Blight,256,256,3,1.0,RGB,JPEG,13.24,True,
datasets/raw/plantvillage/raw/color/Tomato___Early_blight/e3aef05b-9ed6-421c-a44d-82a996b3e3bb___RS_Erly.B 7803.JPG,e3aef05b-9ed6-421c-a44d-82a996b3e3bb___RS_Erly.B 7803.JPG,Tomato___Early_blight,tomato__fungal__early_blight,tomato,fungal,Early Blight,256,256,3,1.0,RGB,JPEG,18.0,True,
datasets/raw/plantvillage/raw/color/Tomato___Early_blight/0e2e58b7-1417-49c4-b014-b5efb4b4b831___RS_Erly.B 8256.JPG,0e2e58b7-1417-49c4-b014-b5efb4b4b831___RS_Erly.B 8256.JPG,Tomato___Early_blight,tomato__fungal__early_blight,tomato,fungal,Early Blight,256,256,3,1.0,RGB,JPEG,19.91,True,
datasets/raw/plantvillage/raw/color/Tomato___Early_blight/ed8eb85d-c4fa-4403-8b97-148ec0ac0661___RS_Erly.B 7642.JPG,ed8eb85d-c4fa-4403-8b97-148ec0ac0661___RS_Erly.B 7642.JPG,Tomato___Early_blight,tomato__fungal__early_blight,tomato,fungal,Early Blight,256,256,3,1.0,RGB,JPEG,11.21,True,
datasets/raw/plantvillage/raw/color/Tomato___Early_blight/27ba7432-8547-436c-9b97-adf3cbe15575___RS_Erly.B 7544.JPG,27ba7432-8547-436c-9b97-adf3cbe15575___RS_Erly.B 7544.JPG,Tomato___Early_blight,tomato__fungal__early_blight,tomato,fungal,Early Blight,256,256,3,1.0,RGB,JPEG,11.88,True,
datasets/raw/plantvillage/raw/color/Tomato___Early_blight/620df2cc-834d-48b9-b9a8-11da26395739___RS_Erly.B 9557.JPG,620df2cc-834d-48b9-b9a8-11da26395739___RS_Erly.B 9557.JPG,Tomato___Early_blight,tomato__fungal__early_blight,tomato,fungal,Early Blight,256,256,3,1.0,RGB,JPEG,13.57,True,
datasets/raw/plantvillage/raw/color/Tomato___Early_blight/fdc50285-836e-4707-a17d-388b8179c87c___RS_Erly.B 7812.JPG,fdc50285-836e-4707-a17d-388b8179c87c___RS_Erly.B 7812.JPG,Tomato___Early_blight,tomato__fungal__early_blight,tomato,fungal,Early Blight,256,256,3,1.0,RGB,JPEG,14.23,True,
datasets/raw/plantvillage/raw/color/Tomato___Early_blight/2e7b090e-4fc6-42f2-8bf6-3f84b32712e5___RS_Erly.B 7470.JPG,2e7b090e-4fc6-42f2-8bf6-3f84b32712e5___RS_Erly.B 7470.JPG,Tomato___Early_blight,tomato__fungal__early_blight,tomato,fungal,Early Blight,256,256,3,1.0,RGB,JPEG,12.36,True,
datasets/raw/plantvillage/raw/color/Tomato___Early_blight/757b49d0-db8e-4352-820a-9f0bdb7d2657___RS_Erly.B 7748.JPG,757b49d0-db8e-4352-820a-9f0bdb7d2657___RS_Erly.B 7748.JPG,Tomato___Early_blight,tomato__fungal__early_blight,tomato,fungal,Early Blight,256,256,3,1.0,RGB,JPEG,17.75,True,
datasets/raw/plantvillage/raw/color/Tomato___Early_blight/cbff5638-51d0-4eae-90a2-9ce6e00acf9b___RS_Erly.B 9456.JPG,cbff5638-51d0-4eae-90a2-9ce6e00acf9b___RS_Erly.B 9456.JPG,Tomato___Early_blight,tomato__fungal__early_blight,tomato,fungal,Early Blight,256,256,3,1.0,RGB,JPEG,16.97,True,
datasets/raw/plantvillage/raw/color/Tomato___Early_blight/c793a3d2-1f1d-486c-9140-87d2354c4874___RS_Erly.B 7545.JPG,c793a3d2-1f1d-486c-9140-87d2354c4874___RS_Erly.B 7545.JPG,Tomato___Early_blight,tomato__fungal__early_blight,tomato,fungal,Early Blight,256,256,3,1.0,RGB,JPEG,14.14,True,
datasets/raw/plantvillage/raw/color/Tomato___Early_blight/4aa63e45-c531-40e2-86ca-a788e74d4f18___RS_Erly.B 7549.JPG,4aa63e45-c531-40e2-86ca-a788e74d4f18___RS_Erly.B 7549.JPG,Tomato___Early_blight,tomato__fungal__early_blight,tomato,fungal,Early Blight,256,256,3,1.0,RGB,JPEG,13.8,True,
datasets/raw/plantvillage/raw/color/Tomato___Early_blight/51f589f7-d843-4d5d-8c5a-385951f58865___RS_Erly.B 9424.JPG,51f589f7-d843-4d5d-8c5a-385951f58865___RS_Erly.B 9424.JPG,Tomato___Early_blight,tomato__fungal__early_blight,tomato,fungal,Early Blight,256,256,3,1.0,RGB,JPEG,12.89,True,
datasets/raw/plantvillage/raw/color/Tomato___Early_blight/a1e875bd-5c06-4031-b0c0-9413d754df0e___RS_Erly.B 8221.JPG,a1e875bd-5c06-4031-b0c0-9413d754df0e___RS_Erly.B 8221.JPG,Tomato___Early_blight,tomato__fungal__early_blight,tomato,fungal,Early Blight,256,256,3,1.0,RGB,JPEG,18.46,True,
datasets/raw/plantvillage/raw/color/Tomato___Early_blight/3592b22c-09cd-4005-97c4-cdd11318cce0___RS_Erly.B 9391.JPG,3592b22c-09cd-4005-97c4-cdd11318cce0___RS_Erly.B 9391.JPG,Tomato___Early_blight,tomato__fungal__early_blight,tomato,fungal,Early Blight,256,256,3,1.0,RGB,JPEG,16.49,True,
datasets/raw/plantvillage/raw/color/Tomato___Early_blight/95f5cf16-3e2d-4b96-9f3d-732cf1c60d6e___RS_Erly.B 7564.JPG,95f5cf16-3e2d-4b96-9f3d-732cf1c60d6e___RS_Erly.B 7564.JPG,Tomato___Early_blight,tomato__fungal__early_blight,tomato,fungal,Early Blight,256,256,3,1.0,RGB,JPEG,9.81,True,
datasets/raw/plantvillage/raw/color/Tomato___Early_blight/77ac0ab9-bc81-4de6-8f4d-72d15974d227___RS_Erly.B 7773.JPG,77ac0ab9-bc81-4de6-8f4d-72d15974d227___RS_Erly.B 7773.JPG,Tomato___Early_blight,tomato__fungal__early_blight,tomato,fungal,Early Blight,256,256,3,1.0,RGB,JPEG,18.33,True,
datasets/raw/plantvillage/raw/color/Tomato___Early_blight/f398656e-d695-4cea-89d8-13490de9264c___RS_Erly.B 7592.JPG,f398656e-d695-4cea-89d8-13490de9264c___RS_Erly.B 7592.JPG,Tomato___Early_blight,tomato__fungal__early_blight,tomato,fungal,Early Blight,256,256,3,1.0,RGB,JPEG,10.58,True,
datasets/raw/plantvillage/raw/color/Tomato___Early_blight/8b7b2dbe-cb3d-4ab1-a487-7c7d5553b796___RS_Erly.B 7448.JPG,8b7b2dbe-cb3d-4ab1-a487-7c7d5553b796___RS_Erly.B 7448.JPG,Tomato___Early_blight,tomato__fungal__early_blight,tomato,fungal,Early Blight,256,256,3,1.0,RGB,JPEG,15.19,True,
datasets/raw/plantvillage/raw/color/Tomato___Early_blight/73cf82cf-a099-4243-a7a6-b06c79eedb65___RS_Erly.B 7412.JPG,73cf82cf-a099-4243-a7a6-b06c79eedb65___RS_Erly.B 7412.JPG,Tomato___Early_blight,tomato__fungal__early_blight,tomato,fungal,Early Blight,256,256,3,1.0,RGB,JPEG,15.49,True,
datasets/raw/plantvillage/raw/color/Tomato___Early_blight/2ef629c7-3366-41b5-a1b7-0e3bcb3ac28c___RS_Erly.B 9395.JPG,2ef629c7-3366-41b5-a1b7-0e3bcb3ac28c___RS_Erly.B 9395.JPG,Tomato___Early_blight,tomato__fungal__early_blight,tomato,fungal,Early Blight,256,256,3,1.0,RGB,JPEG,16.96,True,
datasets/raw/plantvillage/raw/color/Tomato___Early_blight/beeaf08d-f961-4bd9-8612-a162500a83f6___RS_Erly.B 9407.JPG,beeaf08d-f961-4bd9-8612-a162500a83f6___RS_Erly.B 9407.JPG,Tomato___Early_blight,tomato__fungal__early_blight,tomato,fungal,Early Blight,256,256,3,1.0,RGB,JPEG,14.76,True,
datasets/raw/plantvillage/raw/color/Tomato___Early_blight/9eec6625-b337-403b-b93c-e809f4e0b8c4___RS_Erly.B 7681.JPG,9eec6625-b337-403b-b93c-e809f4e0b8c4___RS_Erly.B 7681.JPG,Tomato___Early_blight,tomato__fungal__early_blight,tomato,fungal,Early Blight,256,256,3,1.0,RGB,JPEG,20.65,True,
datasets/raw/plantvillage/raw/color/Tomato___Early_blight/5e10503d-8b4e-4215-9128-b92b48fce53d___RS_Erly.B 7559.JPG,5e10503d-8b4e-4215-9128-b92b48fce53d___RS_Erly.B 7559.JPG,Tomato___Early_blight,tomato__fungal__early_blight,tomato,fungal,Early Blight,256,256,3,1.0,RGB,JPEG,11.6,True,
datasets/raw/plantvillage/raw/color/Tomato___Early_blight/cdb26b0e-04b6-4ccf-855c-d85a106c1f95___RS_Erly.B 8387.JPG,cdb26b0e-04b6-4ccf-855c-d85a106c1f95___RS_Erly.B 8387.JPG,Tomato___Early_blight,tomato__fungal__early_blight,tomato,fungal,Early Blight,256,256,3,1.0,RGB,JPEG,19.75,True,
datasets/raw/plantvillage/raw/color/Tomato___Early_blight/5daba301-b6f9-4fc4-8be7-a918d3a7554c___RS_Erly.B 8282.JPG,5daba301-b6f9-4fc4-8be7-a918d3a7554c___RS_Erly.B 8282.JPG,Tomato___Early_blight,tomato__fungal__early_blight,tomato,fungal,Early Blight,256,256,3,1.0,RGB,JPEG,15.76,True,
datasets/raw/plantvillage/raw/color/Tomato___Early_blight/66c98dd1-2790-4977-91ee-1b10ca8c687b___RS_Erly.B 8418.JPG,66c98dd1-2790-4977-91ee-1b10ca8c687b___RS_Erly.B 8418.JPG,Tomato___Early_blight,tomato__fungal__early_blight,tomato,fungal,Early Blight,256,256,3,1.0,RGB,JPEG,18.88,True,
datasets/raw/plantvillage/raw/color/Tomato___Early_blight/e7120235-6ae1-4642-8ec8-a16812aedce5___RS_Erly.B 9507.JPG,e7120235-6ae1-4642-8ec8-a16812aedce5___RS_Erly.B 9507.JPG,Tomato___Early_blight,tomato__fungal__early_blight,tomato,fungal,Early Blight,256,256,3,1.0,RGB,JPEG,15.18,True,
datasets/raw/plantvillage/raw/color/Tomato___Early_blight/862c7fa2-1ab0-4bce-9f9b-76cbb4a096e1___RS_Erly.B 7521.JPG,862c7fa2-1ab0-4bce-9f9b-76cbb4a096e1___RS_Erly.B 7521.JPG,Tomato___Early_blight,tomato__fungal__early_blight,tomato,fungal,Early Blight,256,256,3,1.0,RGB,JPEG,12.59,True,
datasets/raw/plantvillage/raw/color/Tomato___Early_blight/0a2726e0-3358-4a46-b6dc-563a5a9f2bdf___RS_Erly.B 7860.JPG,0a2726e0-3358-4a46-b6dc-563a5a9f2bdf___RS_Erly.B 7860.JPG,Tomato___Early_blight,tomato__fungal__early_blight,tomato,fungal,Early Blight,256,256,3,1.0,RGB,JPEG,16.77,True,
datasets/raw/plantvillage/raw/color/Tomato___Early_blight/3a2f31aa-b3e1-45a0-b0e6-2ffe3a2538b2___RS_Erly.B 9393.JPG,3a2f31aa-b3e1-45a0-b0e6-2ffe3a2538b2___RS_Erly.B 9393.JPG,Tomato___Early_blight,tomato__fungal__early_blight,tomato,fungal,Early Blight,256,256,3,1.0,RGB,JPEG,17.01,True,
datasets/raw/plantvillage/raw/color/Tomato___Early_blight/b06d301b-8cae-475a-9de3-80a42e908ae5___RS_Erly.B 9375.JPG,b06d301b-8cae-475a-9de3-80a42e908ae5___RS_Erly.B 9375.JPG,Tomato___Early_blight,tomato__fungal__early_blight,tomato,fungal,Early Blight,256,256,3,1.0,RGB,JPEG,16.08,True,
datasets/raw/plantvillage/raw/color/Tomato___Early_blight/3205c4f9-9dd4-44ce-8e4c-0bd93405d60b___RS_Erly.B 6331.JPG,3205c4f9-9dd4-44ce-8e4c-0bd93405d60b___RS_Erly.B 6331.JPG,Tomato___Early_blight,tomato__fungal__early_blight,tomato,fungal,Early Blight,256,256,3,1.0,RGB,JPEG,13.29,True,
datasets/raw/plantvillage/raw/color/Tomato___Early_blight/552787d3-3937-4ee5-9824-6b78e90e5cbb___RS_Erly.B 7510.JPG,552787d3-3937-4ee5-9824-6b78e90e5cbb___RS_Erly.B 7510.JPG,Tomato___Early_blight,tomato__fungal__early_blight,tomato,fungal,Early Blight,256,256,3,1.0,RGB,JPEG,10.52,True,
datasets/raw/plantvillage/raw/color/Tomato___Early_blight/630ad26e-4c4e-4cfa-aa4c-75b54b5e6395___RS_Erly.B 7658.JPG,630ad26e-4c4e-4cfa-aa4c-75b54b5e6395___RS_Erly.B 7658.JPG,Tomato___Early_blight,tomato__fungal__early_blight,tomato,fungal,Early Blight,256,256,3,1.0,RGB,JPEG,10.84,True,
datasets/raw/plantvillage/raw/color/Tomato___Early_blight/04747279-48b2-4ce1-932b-e511424beb6b___RS_Erly.B 8240.JPG,04747279-48b2-4ce1-932b-e511424beb6b___RS_Erly.B 8240.JPG,Tomato___Early_blight,tomato__fungal__early_blight,tomato,fungal,Early Blight,256,256,3,1.0,RGB,JPEG,16.83,True,
datasets/raw/plantvillage/raw/color/Tomato___Early_blight/f8babb7d-af2d-495c-9d99-cf215c8c67af___RS_Erly.B 9462.JPG,f8babb7d-af2d-495c-9d99-cf215c8c67af___RS_Erly.B 9462.JPG,Tomato___Early_blight,tomato__fungal__early_blight,tomato,fungal,Early Blight,256,256,3,1.0,RGB,JPEG,15.26,True,
datasets/raw/plantvillage/raw/color/Tomato___Early_blight/0401adc0-0998-4d8e-90de-4eae8caf4248___RS_Erly.B 8446.JPG,0401adc0-0998-4d8e-90de-4eae8caf4248___RS_Erly.B 8446.JPG,Tomato___Early_blight,tomato__fungal__early_blight,tomato,fungal,Early Blight,256,256,3,1.0,RGB,JPEG,18.55,True,
datasets/raw/plantvillage/raw/color/Tomato___Early_blight/d3fd3d9c-60ba-432c-a4a7-049f014ecace___RS_Erly.B 7696.JPG,d3fd3d9c-60ba-432c-a4a7-049f014ecace___RS_Erly.B 7696.JPG,Tomato___Early_blight,tomato__fungal__early_blight,tomato,fungal,Early Blight,256,256,3,1.0,RGB,JPEG,19.16,True,
datasets/raw/plantvillage/raw/color/Tomato___Early_blight/96f7a84a-cafa-487d-a032-548cfe965bdb___RS_Erly.B 9621.JPG,96f7a84a-cafa-487d-a032-548cfe965bdb___RS_Erly.B 9621.JPG,Tomato___Early_blight,tomato__fungal__early_blight,tomato,fungal,Early Blight,256,256,3,1.0,RGB,JPEG,14.02,True,
datasets/raw/plantvillage/raw/color/Tomato___Early_blight/18a21f42-8794-4665-8174-b0ccd3758af8___RS_Erly.B 7650.JPG,18a21f42-8794-4665-8174-b0ccd3758af8___RS_Erly.B 7650.JPG,Tomato___Early_blight,tomato__fungal__early_blight,tomato,fungal,Early Blight,256,256,3,1.0,RGB,JPEG,13.02,True,
datasets/raw/plantvillage/raw/color/Tomato___Early_blight/accd568b-73d3-49f9-8ddb-4a51e1595383___RS_Erly.B 6375.JPG,accd568b-73d3-49f9-8ddb-4a51e1595383___RS_Erly.B 6375.JPG,Tomato___Early_blight,tomato__fungal__early_blight,tomato,fungal,Early Blight,256,256,3,1.0,RGB,JPEG,13.24,True,
datasets/raw/plantvillage/raw/color/Tomato___Early_blight/851570c6-01ac-49e1-a37e-a657ebd46cba___RS_Erly.B 7717.JPG,851570c6-01ac-49e1-a37e-a657ebd46cba___RS_Erly.B 7717.JPG,Tomato___Early_blight,tomato__fungal__early_blight,tomato,fungal,Early Blight,256,256,3,1.0,RGB,JPEG,19.22,True,
datasets/raw/plantvillage/raw/color/Tomato___Early_blight/313ff9e3-e43c-45b6-9879-b76a1e040eef___RS_Erly.B 8454.JPG,313ff9e3-e43c-45b6-9879-b76a1e040eef___RS_Erly.B 8454.JPG,Tomato___Early_blight,tomato__fungal__early_blight,tomato,fungal,Early Blight,256,256,3,1.0,RGB,JPEG,18.75,True,
datasets/raw/plantvillage/raw/color/Tomato___Early_blight/a8d93308-45b8-46e0-b708-02c325d6b027___RS_Erly.B 9535.JPG,a8d93308-45b8-46e0-b708-02c325d6b027___RS_Erly.B 9535.JPG,Tomato___Early_blight,tomato__fungal__early_blight,tomato,fungal,Early Blight,256,256,3,1.0,RGB,JPEG,14.72,True,
datasets/raw/plantvillage/raw/color/Tomato___Early_blight/3daf2ed3-e39b-4b4d-a691-a7722ef8ed32___RS_Erly.B 7373.JPG,3daf2ed3-e39b-4b4d-a691-a7722ef8ed32___RS_Erly.B 7373.JPG,Tomato___Early_blight,tomato__fungal__early_blight,tomato,fungal,Early Blight,256,256,3,1.0,RGB,JPEG,15.76,True,
datasets/raw/plantvillage/raw/color/Tomato___Early_blight/bbb5a1cf-9b5f-4e2f-9e3d-e04a241c2806___RS_Erly.B 8283.JPG,bbb5a1cf-9b5f-4e2f-9e3d-e04a241c2806___RS_Erly.B 8283.JPG,Tomato___Early_blight,tomato__fungal__early_blight,tomato,fungal,Early Blight,256,256,3,1.0,RGB,JPEG,16.71,True,
datasets/raw/plantvillage/raw/color/Tomato___Early_blight/1863e110-8422-400b-89a6-f0ef457659cc___RS_Erly.B 6462.JPG,1863e110-8422-400b-89a6-f0ef457659cc___RS_Erly.B 6462.JPG,Tomato___Early_blight,tomato__fungal__early_blight,tomato,fungal,Early Blight,256,256,3,1.0,RGB,JPEG,14.72,True,
datasets/raw/plantvillage/raw/color/Tomato___Early_blight/d6ac1972-b67c-422e-b81d-11f2f1d9ec5f___RS_Erly.B 9435.JPG,d6ac1972-b67c-422e-b81d-11f2f1d9ec5f___RS_Erly.B 9435.JPG,Tomato___Early_blight,tomato__fungal__early_blight,tomato,fungal,Early Blight,256,256,3,1.0,RGB,JPEG,16.51,True,
datasets/raw/plantvillage/raw/color/Tomato___Early_blight/64e682a8-ff23-4b50-a656-72b090f5b43a___RS_Erly.B 9478.JPG,64e682a8-ff23-4b50-a656-72b090f5b43a___RS_Erly.B 9478.JPG,Tomato___Early_blight,tomato__fungal__early_blight,tomato,fungal,Early Blight,256,256,3,1.0,RGB,JPEG,12.42,True,
datasets/raw/plantvillage/raw/color/Tomato___Early_blight/84fe717f-2161-43c2-ad2f-ee2678a31e9f___RS_Erly.B 9416.JPG,84fe717f-2161-43c2-ad2f-ee2678a31e9f___RS_Erly.B 9416.JPG,Tomato___Early_blight,tomato__fungal__early_blight,tomato,fungal,Early Blight,256,256,3,1.0,RGB,JPEG,13.33,True,
datasets/raw/plantvillage/raw/color/Tomato___Early_blight/b3129245-a3b0-4451-a213-b15fe08734b7___RS_Erly.B 9423.JPG,b3129245-a3b0-4451-a213-b15fe08734b7___RS_Erly.B 9423.JPG,Tomato___Early_blight,tomato__fungal__early_blight,tomato,fungal,Early Blight,256,256,3,1.0,RGB,JPEG,12.76,True,
datasets/raw/plantvillage/raw/color/Tomato___Early_blight/d7f1e802-0b8e-4cba-88b4-e61328322cac___RS_Erly.B 8222.JPG,d7f1e802-0b8e-4cba-88b4-e61328322cac___RS_Erly.B 8222.JPG,Tomato___Early_blight,tomato__fungal__early_blight,tomato,fungal,Early Blight,256,256,3,1.0,RGB,JPEG,16.63,True,
datasets/raw/plantvillage/raw/color/Tomato___Early_blight/3dab5935-91ca-489d-b4f4-127300fc527e___RS_Erly.B 6342.JPG,3dab5935-91ca-489d-b4f4-127300fc527e___RS_Erly.B 6342.JPG,Tomato___Early_blight,tomato__fungal__early_blight,tomato,fungal,Early Blight,256,256,3,1.0,RGB,JPEG,13.77,True,
datasets/raw/plantvillage/raw/color/Tomato___Early_blight/22247648-1650-43d5-8a9b-e03f63cf2f1c___RS_Erly.B 7535.JPG,22247648-1650-43d5-8a9b-e03f63cf2f1c___RS_Erly.B 7535.JPG,Tomato___Early_blight,tomato__fungal__early_blight,tomato,fungal,Early Blight,256,256,3,1.0,RGB,JPEG,11.76,True,
datasets/raw/plantvillage/raw/color/Tomato___Early_blight/5adb20df-006b-4a5d-a1c4-c8284eee9e20___RS_Erly.B 9484.JPG,5adb20df-006b-4a5d-a1c4-c8284eee9e20___RS_Erly.B 9484.JPG,Tomato___Early_blight,tomato__fungal__early_blight,tomato,fungal,Early Blight,256,256,3,1.0,RGB,JPEG,19.38,True,
datasets/raw/plantvillage/raw/color/Tomato___Early_blight/d344e6d5-259e-4f1c-a72e-919ae9e13005___RS_Erly.B 6482.JPG,d344e6d5-259e-4f1c-a72e-919ae9e13005___RS_Erly.B 6482.JPG,Tomato___Early_blight,tomato__fungal__early_blight,tomato,fungal,Early Blight,256,256,3,1.0,RGB,JPEG,11.73,True,
datasets/raw/plantvillage/raw/color/Tomato___Early_blight/4e5f8530-2696-433d-91ec-5f53488b1d18___RS_Erly.B 8299.JPG,4e5f8530-2696-433d-91ec-5f53488b1d18___RS_Erly.B 8299.JPG,Tomato___Early_blight,tomato__fungal__early_blight,tomato,fungal,Early Blight,256,256,3,1.0,RGB,JPEG,15.69,True,
datasets/raw/plantvillage/raw/color/Tomato___Early_blight/f91230c1-b28c-46fe-ab7a-329fdb689a02___RS_Erly.B 9439.JPG,f91230c1-b28c-46fe-ab7a-329fdb689a02___RS_Erly.B 9439.JPG,Tomato___Early_blight,tomato__fungal__early_blight,tomato,fungal,Early Blight,256,256,3,1.0,RGB,JPEG,13.19,True,
datasets/raw/plantvillage/raw/color/Tomato___Early_blight/15fb19ad-8a5a-4e1b-8ed2-c8d48b006b1d___RS_Erly.B 7674.JPG,15fb19ad-8a5a-4e1b-8ed2-c8d48b006b1d___RS_Erly.B 7674.JPG,Tomato___Early_blight,tomato__fungal__early_blight,tomato,fungal,Early Blight,256,256,3,1.0,RGB,JPEG,7.79,True,
datasets/raw/plantvillage/raw/color/Tomato___Early_blight/6b9b4ddb-9ac0-4da5-9176-24c325bd6037___RS_Erly.B 7392.JPG,6b9b4ddb-9ac0-4da5-9176-24c325bd6037___RS_Erly.B 7392.JPG,Tomato___Early_blight,tomato__fungal__early_blight,tomato,fungal,Early Blight,256,256,3,1.0,RGB,JPEG,15.46,True,
datasets/raw/plantvillage/raw/color/Tomato___Early_blight/96441f54-ccd3-4f34-b405-e395e5070d2c___RS_Erly.B 8336.JPG,96441f54-ccd3-4f34-b405-e395e5070d2c___RS_Erly.B 8336.JPG,Tomato___Early_blight,tomato__fungal__early_blight,tomato,fungal,Early Blight,256,256,3,1.0,RGB,JPEG,17.99,True,
datasets/raw/plantvillage/raw/color/Tomato___Early_blight/7b7780c0-f1b2-4095-924c-f3d7777b427e___RS_Erly.B 9613.JPG,7b7780c0-f1b2-4095-924c-f3d7777b427e___RS_Erly.B 9613.JPG,Tomato___Early_blight,tomato__fungal__early_blight,tomato,fungal,Early Blight,256,256,3,1.0,RGB,JPEG,12.81,True,
datasets/raw/plantvillage/raw/color/Tomato___Early_blight/be847eed-94b5-4f0e-9b34-68cc842565a2___RS_Erly.B 7831.JPG,be847eed-94b5-4f0e-9b34-68cc842565a2___RS_Erly.B 7831.JPG,Tomato___Early_blight,tomato__fungal__early_blight,tomato,fungal,Early Blight,256,256,3,1.0,RGB,JPEG,16.29,True,
datasets/raw/plantvillage/raw/color/Tomato___Early_blight/59dbd132-6e6c-4127-a218-b7602cbee670___RS_Erly.B 9449.JPG,59dbd132-6e6c-4127-a218-b7602cbee670___RS_Erly.B 9449.JPG,Tomato___Early_blight,tomato__fungal__early_blight,tomato,fungal,Early Blight,256,256,3,1.0,RGB,JPEG,17.48,True,
datasets/raw/plantvillage/raw/color/Tomato___Early_blight/eb2537b2-d6fa-4c70-b919-f90bbe2c65f2___RS_Erly.B 7605.JPG,eb2537b2-d6fa-4c70-b919-f90bbe2c65f2___RS_Erly.B 7605.JPG,Tomato___Early_blight,tomato__fungal__early_blight,tomato,fungal,Early Blight,256,256,3,1.0,RGB,JPEG,15.86,True,
datasets/raw/plantvillage/raw/color/Tomato___Early_blight/29fb6588-a368-4143-9cdd-8a131f0d50f4___RS_Erly.B 7779.JPG,29fb6588-a368-4143-9cdd-8a131f0d50f4___RS_Erly.B 7779.JPG,Tomato___Early_blight,tomato__fungal__early_blight,tomato,fungal,Early Blight,256,256,3,1.0,RGB,JPEG,20.08,True,
datasets/raw/plantvillage/raw/color/Tomato___Early_blight/3b86d42f-4b22-4bfe-bfa9-ec4567c886dc___RS_Erly.B 7823.JPG,3b86d42f-4b22-4bfe-bfa9-ec4567c886dc___RS_Erly.B 7823.JPG,Tomato___Early_blight,tomato__fungal__early_blight,tomato,fungal,Early Blight,256,256,3,1.0,RGB,JPEG,13.79,True,
datasets/raw/plantvillage/raw/color/Tomato___Early_blight/4283992b-ab8a-41aa-baeb-17a5b0f75af1___RS_Erly.B 7621.JPG,4283992b-ab8a-41aa-baeb-17a5b0f75af1___RS_Erly.B 7621.JPG,Tomato___Early_blight,tomato__fungal__early_blight,tomato,fungal,Early Blight,256,256,3,1.0,RGB,JPEG,14.27,True,
datasets/raw/plantvillage/raw/color/Tomato___Early_blight/07409e2c-a730-4b11-b25e-31025bd63a91___RS_Erly.B 9578.JPG,07409e2c-a730-4b11-b25e-31025bd63a91___RS_Erly.B 9578.JPG,Tomato___Early_blight,tomato__fungal__early_blight,tomato,fungal,Early Blight,256,256,3,1.0,RGB,JPEG,12.31,True,
datasets/raw/plantvillage/raw/color/Tomato___Early_blight/89e7a492-7347-4659-ac0b-2df664ed4c80___RS_Erly.B 8438.JPG,89e7a492-7347-4659-ac0b-2df664ed4c80___RS_Erly.B 8438.JPG,Tomato___Early_blight,tomato__fungal__early_blight,tomato,fungal,Early Blight,256,256,3,1.0,RGB,JPEG,19.05,True,
datasets/raw/plantvillage/raw/color/Tomato___Early_blight/bb843f3f-a4cd-4a42-94ff-152199d78895___RS_Erly.B 7381.JPG,bb843f3f-a4cd-4a42-94ff-152199d78895___RS_Erly.B 7381.JPG,Tomato___Early_blight,tomato__fungal__early_blight,tomato,fungal,Early Blight,256,256,3,1.0,RGB,JPEG,15.87,True,
datasets/raw/plantvillage/raw/color/Tomato___Early_blight/533debcd-c993-4c11-8515-9ec280cdc023___RS_Erly.B 7389.JPG,533debcd-c993-4c11-8515-9ec280cdc023___RS_Erly.B 7389.JPG,Tomato___Early_blight,tomato__fungal__early_blight,tomato,fungal,Early Blight,256,256,3,1.0,RGB,JPEG,15.62,True,
datasets/raw/plantvillage/raw/color/Tomato___Early_blight/5390d8c0-5781-47cf-8d0a-482e000a01f3___RS_Erly.B 7400.JPG,5390d8c0-5781-47cf-8d0a-482e000a01f3___RS_Erly.B 7400.JPG,Tomato___Early_blight,tomato__fungal__early_blight,tomato,fungal,Early Blight,256,256,3,1.0,RGB,JPEG,15.93,True,
datasets/raw/plantvillage/raw/color/Tomato___Early_blight/62394305-3fca-4782-ad4a-b5670fcfac61___RS_Erly.B 7395.JPG,62394305-3fca-4782-ad4a-b5670fcfac61___RS_Erly.B 7395.JPG,Tomato___Early_blight,tomato__fungal__early_blight,tomato,fungal,Early Blight,256,256,3,1.0,RGB,JPEG,12.3,True,
datasets/raw/plantvillage/raw/color/Tomato___Early_blight/4c1481fd-12fa-4729-9de6-35c7fae918a5___RS_Erly.B 7430.JPG,4c1481fd-12fa-4729-9de6-35c7fae918a5___RS_Erly.B 7430.JPG,Tomato___Early_blight,tomato__fungal__early_blight,tomato,fungal,Early Blight,256,256,3,1.0,RGB,JPEG,13.8,True,
datasets/raw/plantvillage/raw/color/Tomato___Early_blight/eb807a4d-9d14-49a0-af1f-1e26b093edff___RS_Erly.B 7409.JPG,eb807a4d-9d14-49a0-af1f-1e26b093edff___RS_Erly.B 7409.JPG,Tomato___Early_blight,tomato__fungal__early_blight,tomato,fungal,Early Blight,256,256,3,1.0,RGB,JPEG,13.79,True,
datasets/raw/plantvillage/raw/color/Tomato___Early_blight/03b4571c-b1eb-4e2a-b372-307046913f50___RS_Erly.B 7548.JPG,03b4571c-b1eb-4e2a-b372-307046913f50___RS_Erly.B 7548.JPG,Tomato___Early_blight,tomato__fungal__early_blight,tomato,fungal,Early Blight,256,256,3,1.0,RGB,JPEG,12.25,True,
datasets/raw/plantvillage/raw/color/Tomato___Early_blight/fc38942e-e609-41a2-970c-cc1a67b16fe2___RS_Erly.B 7793.JPG,fc38942e-e609-41a2-970c-cc1a67b16fe2___RS_Erly.B 7793.JPG,Tomato___Early_blight,tomato__fungal__early_blight,tomato,fungal,Early Blight,256,256,3,1.0,RGB,JPEG,18.02,True,
datasets/raw/plantvillage/raw/color/Tomato___Early_blight/42a9a952-29d4-4a66-9dd9-65ebaac0db93___RS_Erly.B 7815.JPG,42a9a952-29d4-4a66-9dd9-65ebaac0db93___RS_Erly.B 7815.JPG,Tomato___Early_blight,tomato__fungal__early_blight,tomato,fungal,Early Blight,256,256,3,1.0,RGB,JPEG,14.41,True,
datasets/raw/plantvillage/raw/color/Tomato___Early_blight/0cd2270f-87f8-45b5-a4af-19fa34b2acaa___RS_Erly.B 9567.JPG,0cd2270f-87f8-45b5-a4af-19fa34b2acaa___RS_Erly.B 9567.JPG,Tomato___Early_blight,tomato__fungal__early_blight,tomato,fungal,Early Blight,256,256,3,1.0,RGB,JPEG,9.5,True,
datasets/raw/plantvillage/raw/color/Tomato___Early_blight/3c5e2faa-3bca-4d88-8841-fa06cf7388f1___RS_Erly.B 9599.JPG,3c5e2faa-3bca-4d88-8841-fa06cf7388f1___RS_Erly.B 9599.JPG,Tomato___Early_blight,tomato__fungal__early_blight,tomato,fungal,Early Blight,256,256,3,1.0,RGB,JPEG,11.62,True,
datasets/raw/plantvillage/raw/color/Tomato___Early_blight/d4971b21-317f-4fbd-95a8-ac21d69d7461___RS_Erly.B 6429.JPG,d4971b21-317f-4fbd-95a8-ac21d69d7461___RS_Erly.B 6429.JPG,Tomato___Early_blight,tomato__fungal__early_blight,tomato,fungal,Early Blight,256,256,3,1.0,RGB,JPEG,12.56,True,
datasets/raw/plantvillage/raw/color/Tomato___Early_blight/5c8ced5b-fa5c-41d4-8ad9-a3c7c4891355___RS_Erly.B 6350.JPG,5c8ced5b-fa5c-41d4-8ad9-a3c7c4891355___RS_Erly.B 6350.JPG,Tomato___Early_blight,tomato__fungal__early_blight,tomato,fungal,Early Blight,256,256,3,1.0,RGB,JPEG,12.74,True,
datasets/raw/plantvillage/raw/color/Tomato___Early_blight/66eef337-720e-4166-a1d0-a9d3ce7f96f3___RS_Erly.B 6422.JPG,66eef337-720e-4166-a1d0-a9d3ce7f96f3___RS_Erly.B 6422.JPG,Tomato___Early_blight,tomato__fungal__early_blight,tomato,fungal,Early Blight,256,256,3,1.0,RGB,JPEG,13.71,True,
datasets/raw/plantvillage/raw/color/Tomato___Early_blight/d98cdabc-9183-4829-aa46-d40538d25462___RS_Erly.B 7554.JPG,d98cdabc-9183-4829-aa46-d40538d25462___RS_Erly.B 7554.JPG,Tomato___Early_blight,tomato__fungal__early_blight,tomato,fungal,Early Blight,256,256,3,1.0,RGB,JPEG,10.82,True,
datasets/raw/plantvillage/raw/color/Tomato___Early_blight/07502bbb-1733-4d49-a3dc-557b1d4391da___RS_Erly.B 7516.JPG,07502bbb-1733-4d49-a3dc-557b1d4391da___RS_Erly.B 7516.JPG,Tomato___Early_blight,tomato__fungal__early_blight,tomato,fungal,Early Blight,256,256,3,1.0,RGB,JPEG,16.41,True,
datasets/raw/plantvillage/raw/color/Tomato___Early_blight/7de91b8f-80f1-41bc-af89-2cf58a89276b___RS_Erly.B 7805.JPG,7de91b8f-80f1-41bc-af89-2cf58a89276b___RS_Erly.B 7805.JPG,Tomato___Early_blight,tomato__fungal__early_blight,tomato,fungal,Early Blight,256,256,3,1.0,RGB,JPEG,16.51,True,
datasets/raw/plantvillage/raw/color/Tomato___Early_blight/2f6115d3-4997-4174-aa6a-9025c654e81f___RS_Erly.B 9374.JPG,2f6115d3-4997-4174-aa6a-9025c654e81f___RS_Erly.B 9374.JPG,Tomato___Early_blight,tomato__fungal__early_blight,tomato,fungal,Early Blight,256,256,3,1.0,RGB,JPEG,18.17,True,
datasets/raw/plantvillage/raw/color/Tomato___Early_blight/b63549aa-e944-482e-9329-3b1fb95f92c8___RS_Erly.B 9597.JPG,b63549aa-e944-482e-9329-3b1fb95f92c8___RS_Erly.B 9597.JPG,Tomato___Early_blight,tomato__fungal__early_blight,tomato,fungal,Early Blight,256,256,3,1.0,RGB,JPEG,12.4,True,
datasets/raw/plantvillage/raw/color/Tomato___Early_blight/fcf97241-bd84-4829-b326-72590a3f4f59___RS_Erly.B 7555.JPG,fcf97241-bd84-4829-b326-72590a3f4f59___RS_Erly.B 7555.JPG,Tomato___Early_blight,tomato__fungal__early_blight,tomato,fungal,Early Blight,256,256,3,1.0,RGB,JPEG,12.15,True,
datasets/raw/plantvillage/raw/color/Tomato___Early_blight/20a276c8-90b5-475f-811b-1d63f34f1c10___RS_Erly.B 9551.JPG,20a276c8-90b5-475f-811b-1d63f34f1c10___RS_Erly.B 9551.JPG,Tomato___Early_blight,tomato__fungal__early_blight,tomato,fungal,Early Blight,256,256,3,1.0,RGB,JPEG,12.53,True,
datasets/raw/plantvillage/raw/color/Tomato___Early_blight/2b5bebdd-3af4-41ca-b206-efc1a141e71d___RS_Erly.B 6363.JPG,2b5bebdd-3af4-41ca-b206-efc1a141e71d___RS_Erly.B 6363.JPG,Tomato___Early_blight,tomato__fungal__early_blight,tomato,fungal,Early Blight,256,256,3,1.0,RGB,JPEG,14.06,True,
datasets/raw/plantvillage/raw/color/Tomato___Early_blight/654d7c11-664e-47c0-a6aa-c5c45a07e386___RS_Erly.B 7799.JPG,654d7c11-664e-47c0-a6aa-c5c45a07e386___RS_Erly.B 7799.JPG,Tomato___Early_blight,tomato__fungal__early_blight,tomato,fungal,Early Blight,256,256,3,1.0,RGB,JPEG,20.6,True,
datasets/raw/plantvillage/raw/color/Tomato___Early_blight/7a255c73-1a41-47f8-8705-dee13a9a5827___RS_Erly.B 9399.JPG,7a255c73-1a41-47f8-8705-dee13a9a5827___RS_Erly.B 9399.JPG,Tomato___Early_blight,tomato__fungal__early_blight,tomato,fungal,Early Blight,256,256,3,1.0,RGB,JPEG,17.87,True,
datasets/raw/plantvillage/raw/color/Tomato___Early_blight/d354267e-4855-4197-a18a-668d706db705___RS_Erly.B 7405.JPG,d354267e-4855-4197-a18a-668d706db705___RS_Erly.B 7405.JPG,Tomato___Early_blight,tomato__fungal__early_blight,tomato,fungal,Early Blight,256,256,3,1.0,RGB,JPEG,15.35,True,
datasets/raw/plantvillage/raw/color/Tomato___Early_blight/d8bfc53d-7b22-48a7-a884-c808927dc149___RS_Erly.B 6349.JPG,d8bfc53d-7b22-48a7-a884-c808927dc149___RS_Erly.B 6349.JPG,Tomato___Early_blight,tomato__fungal__early_blight,tomato,fungal,Early Blight,256,256,3,1.0,RGB,JPEG,14.16,True,
datasets/raw/plantvillage/raw/color/Tomato___Early_blight/eea79799-a869-4a1f-bfa2-5c85a27716ae___RS_Erly.B 8391.JPG,eea79799-a869-4a1f-bfa2-5c85a27716ae___RS_Erly.B 8391.JPG,Tomato___Early_blight,tomato__fungal__early_blight,tomato,fungal,Early Blight,256,256,3,1.0,RGB,JPEG,16.7,True,
datasets/raw/plantvillage/raw/color/Tomato___Early_blight/422802e1-cee5-43b7-b735-7f90b5e5d4e2___RS_Erly.B 7349.JPG,422802e1-cee5-43b7-b735-7f90b5e5d4e2___RS_Erly.B 7349.JPG,Tomato___Early_blight,tomato__fungal__early_blight,tomato,fungal,Early Blight,256,256,3,1.0,RGB,JPEG,14.36,True,
datasets/raw/plantvillage/raw/color/Tomato___Early_blight/397ffe67-e784-44d5-ae1a-d1e2990c041b___RS_Erly.B 7637.JPG,397ffe67-e784-44d5-ae1a-d1e2990c041b___RS_Erly.B 7637.JPG,Tomato___Early_blight,tomato__fungal__early_blight,tomato,fungal,Early Blight,256,256,3,1.0,RGB,JPEG,13.53,True,
datasets/raw/plantvillage/raw/color/Tomato___Early_blight/caf4e799-6574-4eb6-81df-edd5d256fd45___RS_Erly.B 7536.JPG,caf4e799-6574-4eb6-81df-edd5d256fd45___RS_Erly.B 7536.JPG,Tomato___Early_blight,tomato__fungal__early_blight,tomato,fungal,Early Blight,256,256,3,1.0,RGB,JPEG,12.41,True,
datasets/raw/plantvillage/raw/color/Tomato___Early_blight/5d0f4647-6f88-4c84-bacf-d6bc4d469c4d___RS_Erly.B 8411.JPG,5d0f4647-6f88-4c84-bacf-d6bc4d469c4d___RS_Erly.B 8411.JPG,Tomato___Early_blight,tomato__fungal__early_blight,tomato,fungal,Early Blight,256,256,3,1.0,RGB,JPEG,17.18,True,
datasets/raw/plantvillage/raw/color/Tomato___Early_blight/84e8f373-1499-4e1e-afcc-ca5ec48d661c___RS_Erly.B 6440.JPG,84e8f373-1499-4e1e-afcc-ca5ec48d661c___RS_Erly.B 6440.JPG,Tomato___Early_blight,tomato__fungal__early_blight,tomato,fungal,Early Blight,256,256,3,1.0,RGB,JPEG,14.06,True,
datasets/raw/plantvillage/raw/color/Tomato___Early_blight/16c7ab4c-6940-41e9-854f-d1a9a99325ce___RS_Erly.B 8216.JPG,16c7ab4c-6940-41e9-854f-d1a9a99325ce___RS_Erly.B 8216.JPG,Tomato___Early_blight,tomato__fungal__early_blight,tomato,fungal,Early Blight,256,256,3,1.0,RGB,JPEG,17.76,True,
datasets/raw/plantvillage/raw/color/Tomato___Early_blight/59fbd532-f75e-4c09-be68-3707d1323868___RS_Erly.B 7863.JPG,59fbd532-f75e-4c09-be68-3707d1323868___RS_Erly.B 7863.JPG,Tomato___Early_blight,tomato__fungal__early_blight,tomato,fungal,Early Blight,256,256,3,1.0,RGB,JPEG,17.75,True,
datasets/raw/plantvillage/raw/color/Tomato___Early_blight/ab26012b-d88e-4b69-b985-1cba46315762___RS_Erly.B 9468.JPG,ab26012b-d88e-4b69-b985-1cba46315762___RS_Erly.B 9468.JPG,Tomato___Early_blight,tomato__fungal__early_blight,tomato,fungal,Early Blight,256,256,3,1.0,RGB,JPEG,15.08,True,
datasets/raw/plantvillage/raw/color/Tomato___Early_blight/82b12772-f0ea-4d47-9e1e-8f03bb1c20c5___RS_Erly.B 7429.JPG,82b12772-f0ea-4d47-9e1e-8f03bb1c20c5___RS_Erly.B 7429.JPG,Tomato___Early_blight,tomato__fungal__early_blight,tomato,fungal,Early Blight,256,256,3,1.0,RGB,JPEG,17.67,True,
datasets/raw/plantvillage/raw/color/Tomato___Early_blight/7cd27862-7a89-4ffc-bc08-7dfbb24f76d9___RS_Erly.B 7560.JPG,7cd27862-7a89-4ffc-bc08-7dfbb24f76d9___RS_Erly.B 7560.JPG,Tomato___Early_blight,tomato__fungal__early_blight,tomato,fungal,Early Blight,256,256,3,1.0,RGB,JPEG,11.3,True,
datasets/raw/plantvillage/raw/color/Tomato___Early_blight/5688c1fd-cd1f-4fb5-9e0b-d12c0c095023___RS_Erly.B 9511.JPG,5688c1fd-cd1f-4fb5-9e0b-d12c0c095023___RS_Erly.B 9511.JPG,Tomato___Early_blight,tomato__fungal__early_blight,tomato,fungal,Early Blight,256,256,3,1.0,RGB,JPEG,17.77,True,
datasets/raw/plantvillage/raw/color/Tomato___Early_blight/2efd143b-619d-455d-9b16-95536cad01e3___RS_Erly.B 7780.JPG,2efd143b-619d-455d-9b16-95536cad01e3___RS_Erly.B 7780.JPG,Tomato___Early_blight,tomato__fungal__early_blight,tomato,fungal,Early Blight,256,256,3,1.0,RGB,JPEG,19.6,True,
datasets/raw/plantvillage/raw/color/Tomato___Early_blight/c882c715-ae30-410e-9585-bd7061cf44a4___RS_Erly.B 7734.JPG,c882c715-ae30-410e-9585-bd7061cf44a4___RS_Erly.B 7734.JPG,Tomato___Early_blight,tomato__fungal__early_blight,tomato,fungal,Early Blight,256,256,3,1.0,RGB,JPEG,18.41,True,
datasets/raw/plantvillage/raw/color/Tomato___Early_blight/0f7a2408-9c26-4ff9-bee5-2bfcd91a11f7___RS_Erly.B 9440.JPG,0f7a2408-9c26-4ff9-bee5-2bfcd91a11f7___RS_Erly.B 9440.JPG,Tomato___Early_blight,tomato__fungal__early_blight,tomato,fungal,Early Blight,256,256,3,1.0,RGB,JPEG,13.0,True,
datasets/raw/plantvillage/raw/color/Tomato___Early_blight/1cebc4a1-5fb6-4168-8e18-e2973ef6d18f___RS_Erly.B 9552.JPG,1cebc4a1-5fb6-4168-8e18-e2973ef6d18f___RS_Erly.B 9552.JPG,Tomato___Early_blight,tomato__fungal__early_blight,tomato,fungal,Early Blight,256,256,3,1.0,RGB,JPEG,13.73,True,
datasets/raw/plantvillage/raw/color/Tomato___Early_blight/fb956247-8c0b-486a-b491-4d49e77e598e___RS_Erly.B 7842.JPG,fb956247-8c0b-486a-b491-4d49e77e598e___RS_Erly.B 7842.JPG,Tomato___Early_blight,tomato__fungal__early_blight,tomato,fungal,Early Blight,256,256,3,1.0,RGB,JPEG,17.68,True,
datasets/raw/plantvillage/raw/color/Tomato___Early_blight/03b7a13c-f5c0-44c4-beed-443841670e9a___RS_Erly.B 8225.JPG,03b7a13c-f5c0-44c4-beed-443841670e9a___RS_Erly.B 8225.JPG,Tomato___Early_blight,tomato__fungal__early_blight,tomato,fungal,Early Blight,256,256,3,1.0,RGB,JPEG,16.92,True,
datasets/raw/plantvillage/raw/color/Tomato___Early_blight/51708fa7-4619-4957-bfc6-8e422ee23a99___RS_Erly.B 7630.JPG,51708fa7-4619-4957-bfc6-8e422ee23a99___RS_Erly.B 7630.JPG,Tomato___Early_blight,tomato__fungal__early_blight,tomato,fungal,Early Blight,256,256,3,1.0,RGB,JPEG,9.5,True,
datasets/raw/plantvillage/raw/color/Tomato___Early_blight/803ac166-670f-4cad-9f37-e36eea3118d9___RS_Erly.B 9457.JPG,803ac166-670f-4cad-9f37-e36eea3118d9___RS_Erly.B 9457.JPG,Tomato___Early_blight,tomato__fungal__early_blight,tomato,fungal,Early Blight,256,256,3,1.0,RGB,JPEG,14.26,True,
datasets/raw/plantvillage/raw/color/Tomato___Early_blight/784f629e-77a3-4d3b-b83c-9ef67b646234___RS_Erly.B 7371.JPG,784f629e-77a3-4d3b-b83c-9ef67b646234___RS_Erly.B 7371.JPG,Tomato___Early_blight,tomato__fungal__early_blight,tomato,fungal,Early Blight,256,256,3,1.0,RGB,JPEG,17.75,True,
datasets/raw/plantvillage/raw/color/Tomato___Early_blight/5c81bfc2-d377-4fc8-9f51-ff26a997c20b___RS_Erly.B 6345.JPG,5c81bfc2-d377-4fc8-9f51-ff26a997c20b___RS_Erly.B 6345.JPG,Tomato___Early_blight,tomato__fungal__early_blight,tomato,fungal,Early Blight,256,256,3,1.0,RGB,JPEG,13.23,True,
datasets/raw/plantvillage/raw/color/Tomato___Early_blight/e701c578-1fa3-4ed3-9874-5f90c6d2eb3c___RS_Erly.B 9583.JPG,e701c578-1fa3-4ed3-9874-5f90c6d2eb3c___RS_Erly.B 9583.JPG,Tomato___Early_blight,tomato__fungal__early_blight,tomato,fungal,Early Blight,256,256,3,1.0,RGB,JPEG,13.76,True,
datasets/raw/plantvillage/raw/color/Tomato___Early_blight/56f361f0-4a14-4fc1-acc4-798e6614f8fb___RS_Erly.B 8313.JPG,56f361f0-4a14-4fc1-acc4-798e6614f8fb___RS_Erly.B 8313.JPG,Tomato___Early_blight,tomato__fungal__early_blight,tomato,fungal,Early Blight,256,256,3,1.0,RGB,JPEG,15.45,True,
datasets/raw/plantvillage/raw/color/Tomato___Early_blight/c35fc6de-4796-4f7a-a350-7bff160cbbd5___RS_Erly.B 7740.JPG,c35fc6de-4796-4f7a-a350-7bff160cbbd5___RS_Erly.B 7740.JPG,Tomato___Early_blight,tomato__fungal__early_blight,tomato,fungal,Early Blight,256,256,3,1.0,RGB,JPEG,16.12,True,
datasets/raw/plantvillage/raw/color/Tomato___Early_blight/0c221e01-a85e-4794-b45b-3a91e349a8d2___RS_Erly.B 6425.JPG,0c221e01-a85e-4794-b45b-3a91e349a8d2___RS_Erly.B 6425.JPG,Tomato___Early_blight,tomato__fungal__early_blight,tomato,fungal,Early Blight,256,256,3,1.0,RGB,JPEG,11.53,True,
datasets/raw/plantvillage/raw/color/Tomato___Early_blight/99baac4a-7079-4c68-b2bf-c9cf123ddffc___RS_Erly.B 7619.JPG,99baac4a-7079-4c68-b2bf-c9cf123ddffc___RS_Erly.B 7619.JPG,Tomato___Early_blight,tomato__fungal__early_blight,tomato,fungal,Early Blight,256,256,3,1.0,RGB,JPEG,9.05,True,
datasets/raw/plantvillage/raw/color/Tomato___Early_blight/2245fdf5-3ff5-4624-9797-0b65bcc6cf73___RS_Erly.B 6358.JPG,2245fdf5-3ff5-4624-9797-0b65bcc6cf73___RS_Erly.B 6358.JPG,Tomato___Early_blight,tomato__fungal__early_blight,tomato,fungal,Early Blight,256,256,3,1.0,RGB,JPEG,9.39,True,
datasets/raw/plantvillage/raw/color/Tomato___Early_blight/c9ff37ca-a310-49ad-8978-0913b3c55f58___RS_Erly.B 7714.JPG,c9ff37ca-a310-49ad-8978-0913b3c55f58___RS_Erly.B 7714.JPG,Tomato___Early_blight,tomato__fungal__early_blight,tomato,fungal,Early Blight,256,256,3,1.0,RGB,JPEG,22.95,True,
datasets/raw/plantvillage/raw/color/Tomato___Early_blight/d53bdcff-1ea7-46c7-9d46-701d104bf130___RS_Erly.B 8353.JPG,d53bdcff-1ea7-46c7-9d46-701d104bf130___RS_Erly.B 8353.JPG,Tomato___Early_blight,tomato__fungal__early_blight,tomato,fungal,Early Blight,256,256,3,1.0,RGB,JPEG,15.74,True,
datasets/raw/plantvillage/raw/color/Tomato___Early_blight/21d6c7aa-20d7-4434-9248-e21d073e165a___RS_Erly.B 7495.JPG,21d6c7aa-20d7-4434-9248-e21d073e165a___RS_Erly.B 7495.JPG,Tomato___Early_blight,tomato__fungal__early_blight,tomato,fungal,Early Blight,256,256,3,1.0,RGB,JPEG,12.41,True,
datasets/raw/plantvillage/raw/color/Tomato___Early_blight/6485f47f-79cf-455f-9d6c-dbb04ddb580f___RS_Erly.B 7576.JPG,6485f47f-79cf-455f-9d6c-dbb04ddb580f___RS_Erly.B 7576.JPG,Tomato___Early_blight,tomato__fungal__early_blight,tomato,fungal,Early Blight,256,256,3,1.0,RGB,JPEG,11.98,True,
datasets/raw/plantvillage/raw/color/Tomato___Early_blight/8fd0e481-6590-4314-8dd9-975e5da774c8___RS_Erly.B 9559.JPG,8fd0e481-6590-4314-8dd9-975e5da774c8___RS_Erly.B 9559.JPG,Tomato___Early_blight,tomato__fungal__early_blight,tomato,fungal,Early Blight,256,256,3,1.0,RGB,JPEG,15.4,True,
datasets/raw/plantvillage/raw/color/Tomato___Early_blight/aafda29f-64e8-4f9a-8b71-d32b5ee27fef___RS_Erly.B 9431.JPG,aafda29f-64e8-4f9a-8b71-d32b5ee27fef___RS_Erly.B 9431.JPG,Tomato___Early_blight,tomato__fungal__early_blight,tomato,fungal,Early Blight,256,256,3,1.0,RGB,JPEG,13.5,True,
datasets/raw/plantvillage/raw/color/Tomato___Early_blight/c03bec63-8b1d-42ef-90d5-5dff0c2455ea___RS_Erly.B 9555.JPG,c03bec63-8b1d-42ef-90d5-5dff0c2455ea___RS_Erly.B 9555.JPG,Tomato___Early_blight,tomato__fungal__early_blight,tomato,fungal,Early Blight,256,256,3,1.0,RGB,JPEG,14.03,True,
datasets/raw/plantvillage/raw/color/Tomato___Early_blight/16dcb9cd-05ab-46d3-b76e-d19c16077a6a___RS_Erly.B 8345.JPG,16dcb9cd-05ab-46d3-b76e-d19c16077a6a___RS_Erly.B 8345.JPG,Tomato___Early_blight,tomato__fungal__early_blight,tomato,fungal,Early Blight,256,256,3,1.0,RGB,JPEG,17.92,True,
datasets/raw/plantvillage/raw/color/Tomato___Early_blight/7b377a4c-886c-46c5-8a57-a636cc47c9a8___RS_Erly.B 6475.JPG,7b377a4c-886c-46c5-8a57-a636cc47c9a8___RS_Erly.B 6475.JPG,Tomato___Early_blight,tomato__fungal__early_blight,tomato,fungal,Early Blight,256,256,3,1.0,RGB,JPEG,12.76,True,
datasets/raw/plantvillage/raw/color/Tomato___Early_blight/618b7af9-69ff-4a97-a738-984fec04f25b___RS_Erly.B 7527.JPG,618b7af9-69ff-4a97-a738-984fec04f25b___RS_Erly.B 7527.JPG,Tomato___Early_blight,tomato__fungal__early_blight,tomato,fungal,Early Blight,256,256,3,1.0,RGB,JPEG,12.1,True,
datasets/raw/plantvillage/raw/color/Tomato___Early_blight/d59a0542-4c2a-441b-8566-e1f741e917d4___RS_Erly.B 6437.JPG,d59a0542-4c2a-441b-8566-e1f741e917d4___RS_Erly.B 6437.JPG,Tomato___Early_blight,tomato__fungal__early_blight,tomato,fungal,Early Blight,256,256,3,1.0,RGB,JPEG,14.28,True,
datasets/raw/plantvillage/raw/color/Tomato___Early_blight/6efab540-3bb1-47fd-b55f-ed447305f500___RS_Erly.B 7397.JPG,6efab540-3bb1-47fd-b55f-ed447305f500___RS_Erly.B 7397.JPG,Tomato___Early_blight,tomato__fungal__early_blight,tomato,fungal,Early Blight,256,256,3,1.0,RGB,JPEG,11.36,True,
datasets/raw/plantvillage/raw/color/Tomato___Early_blight/54b09b2b-afe1-42ab-b889-7190495f1e16___RS_Erly.B 7684.JPG,54b09b2b-afe1-42ab-b889-7190495f1e16___RS_Erly.B 7684.JPG,Tomato___Early_blight,tomato__fungal__early_blight,tomato,fungal,Early Blight,256,256,3,1.0,RGB,JPEG,17.69,True,
datasets/raw/plantvillage/raw/color/Tomato___Early_blight/ee7a6de8-1aca-4a55-8c12-69be6277c1c1___RS_Erly.B 9591.JPG,ee7a6de8-1aca-4a55-8c12-69be6277c1c1___RS_Erly.B 9591.JPG,Tomato___Early_blight,tomato__fungal__early_blight,tomato,fungal,Early Blight,256,256,3,1.0,RGB,JPEG,13.62,True,
datasets/raw/plantvillage/raw/color/Tomato___Early_blight/30546f58-8d3a-4318-87d1-322427a12380___RS_Erly.B 7404.JPG,30546f58-8d3a-4318-87d1-322427a12380___RS_Erly.B 7404.JPG,Tomato___Early_blight,tomato__fungal__early_blight,tomato,fungal,Early Blight,256,256,3,1.0,RGB,JPEG,12.11,True,
datasets/raw/plantvillage/raw/color/Tomato___Early_blight/bac5677d-59b4-4183-839f-24860287ed6a___RS_Erly.B 9503.JPG,bac5677d-59b4-4183-839f-24860287ed6a___RS_Erly.B 9503.JPG,Tomato___Early_blight,tomato__fungal__early_blight,tomato,fungal,Early Blight,256,256,3,1.0,RGB,JPEG,15.87,True,
datasets/raw/plantvillage/raw/color/Tomato___Early_blight/e20fb98a-26f9-43a1-8d55-e1daa9b6a455___RS_Erly.B 7351.JPG,e20fb98a-26f9-43a1-8d55-e1daa9b6a455___RS_Erly.B 7351.JPG,Tomato___Early_blight,tomato__fungal__early_blight,tomato,fungal,Early Blight,256,256,3,1.0,RGB,JPEG,13.79,True,
datasets/raw/plantvillage/raw/color/Tomato___Early_blight/752de1b6-d4be-4741-9812-3681c6bd4b40___RS_Erly.B 8308.JPG,752de1b6-d4be-4741-9812-3681c6bd4b40___RS_Erly.B 8308.JPG,Tomato___Early_blight,tomato__fungal__early_blight,tomato,fungal,Early Blight,256,256,3,1.0,RGB,JPEG,17.43,True,
datasets/raw/plantvillage/raw/color/Tomato___Early_blight/a98a655f-a2f5-44eb-a73b-edf25ca85921___RS_Erly.B 6351.JPG,a98a655f-a2f5-44eb-a73b-edf25ca85921___RS_Erly.B 6351.JPG,Tomato___Early_blight,tomato__fungal__early_blight,tomato,fungal,Early Blight,256,256,3,1.0,RGB,JPEG,11.83,True,
datasets/raw/plantvillage/raw/color/Tomato___Early_blight/957be08a-9b4f-4c28-9908-622fdb996f1c___RS_Erly.B 7591.JPG,957be08a-9b4f-4c28-9908-622fdb996f1c___RS_Erly.B 7591.JPG,Tomato___Early_blight,tomato__fungal__early_blight,tomato,fungal,Early Blight,256,256,3,1.0,RGB,JPEG,8.26,True,
datasets/raw/plantvillage/raw/color/Tomato___Early_blight/ca7035fa-f55d-49c7-9d89-3d513c8e35b1___RS_Erly.B 7556.JPG,ca7035fa-f55d-49c7-9d89-3d513c8e35b1___RS_Erly.B 7556.JPG,Tomato___Early_blight,tomato__fungal__early_blight,tomato,fungal,Early Blight,256,256,3,1.0,RGB,JPEG,11.57,True,
datasets/raw/plantvillage/raw/color/Tomato___Early_blight/3a54f866-42a6-4ad8-8752-97c62aa1bc18___RS_Erly.B 6485.JPG,3a54f866-42a6-4ad8-8752-97c62aa1bc18___RS_Erly.B 6485.JPG,Tomato___Early_blight,tomato__fungal__early_blight,tomato,fungal,Early Blight,256,256,3,1.0,RGB,JPEG,13.7,True,
datasets/raw/plantvillage/raw/color/Tomato___Early_blight/250df77c-cb57-4e85-9cf2-531033930030___RS_Erly.B 6477.JPG,250df77c-cb57-4e85-9cf2-531033930030___RS_Erly.B 6477.JPG,Tomato___Early_blight,tomato__fungal__early_blight,tomato,fungal,Early Blight,256,256,3,1.0,RGB,JPEG,13.22,True,
datasets/raw/plantvillage/raw/color/Tomato___Early_blight/0012b9d2-2130-4a06-a834-b1f3af34f57e___RS_Erly.B 8389.JPG,0012b9d2-2130-4a06-a834-b1f3af34f57e___RS_Erly.B 8389.JPG,Tomato___Early_blight,tomato__fungal__early_blight,tomato,fungal,Early Blight,256,256,3,1.0,RGB,JPEG,17.83,True,
datasets/raw/plantvillage/raw/color/Tomato___Early_blight/8f92a1b1-c99e-48b4-8cd2-d0bd09bc6a6b___RS_Erly.B 9479.JPG,8f92a1b1-c99e-48b4-8cd2-d0bd09bc6a6b___RS_Erly.B 9479.JPG,Tomato___Early_blight,tomato__fungal__early_blight,tomato,fungal,Early Blight,256,256,3,1.0,RGB,JPEG,13.95,True,
datasets/raw/plantvillage/raw/color/Tomato___Early_blight/1742dfdd-c687-46ff-b958-34194feb68e4___RS_Erly.B 7453.JPG,1742dfdd-c687-46ff-b958-34194feb68e4___RS_Erly.B 7453.JPG,Tomato___Early_blight,tomato__fungal__early_blight,tomato,fungal,Early Blight,256,256,3,1.0,RGB,JPEG,16.32,True,
datasets/raw/plantvillage/raw/color/Tomato___Early_blight/80c3b18f-a436-47f7-9153-2a24197f6b69___RS_Erly.B 9593.JPG,80c3b18f-a436-47f7-9153-2a24197f6b69___RS_Erly.B 9593.JPG,Tomato___Early_blight,tomato__fungal__early_blight,tomato,fungal,Early Blight,256,256,3,1.0,RGB,JPEG,14.62,True,
datasets/raw/plantvillage/raw/color/Tomato___Early_blight/325b9138-a030-4156-ae85-20de17e89f7e___RS_Erly.B 7807.JPG,325b9138-a030-4156-ae85-20de17e89f7e___RS_Erly.B 7807.JPG,Tomato___Early_blight,tomato__fungal__early_blight,tomato,fungal,Early Blight,256,256,3,1.0,RGB,JPEG,16.31,True,
datasets/raw/plantvillage/raw/color/Tomato___Early_blight/cc60f915-6dc1-42f2-8e12-aedaef4bc70c___RS_Erly.B 6468.JPG,cc60f915-6dc1-42f2-8e12-aedaef4bc70c___RS_Erly.B 6468.JPG,Tomato___Early_blight,tomato__fungal__early_blight,tomato,fungal,Early Blight,256,256,3,1.0,RGB,JPEG,11.77,True,
datasets/raw/plantvillage/raw/color/Tomato___Early_blight/bac9d43f-fc43-4b89-bc2a-b8ba4a040059___RS_Erly.B 7724.JPG,bac9d43f-fc43-4b89-bc2a-b8ba4a040059___RS_Erly.B 7724.JPG,Tomato___Early_blight,tomato__fungal__early_blight,tomato,fungal,Early Blight,256,256,3,1.0,RGB,JPEG,15.05,True,
datasets/raw/plantvillage/raw/color/Tomato___Early_blight/1c057b5e-9ad7-4d51-b407-c60637005a13___RS_Erly.B 7594.JPG,1c057b5e-9ad7-4d51-b407-c60637005a13___RS_Erly.B 7594.JPG,Tomato___Early_blight,tomato__fungal__early_blight,tomato,fungal,Early Blight,256,256,3,1.0,RGB,JPEG,10.91,True,
datasets/raw/plantvillage/raw/color/Tomato___Early_blight/77c9e1e4-286a-4ae0-aa62-87f99781a6fa___RS_Erly.B 7864.JPG,77c9e1e4-286a-4ae0-aa62-87f99781a6fa___RS_Erly.B 7864.JPG,Tomato___Early_blight,tomato__fungal__early_blight,tomato,fungal,Early Blight,256,256,3,1.0,RGB,JPEG,18.8,True,
datasets/raw/plantvillage/raw/color/Tomato___Early_blight/0cd17aff-13d8-439a-ac08-dae1aea55edb___RS_Erly.B 7828.JPG,0cd17aff-13d8-439a-ac08-dae1aea55edb___RS_Erly.B 7828.JPG,Tomato___Early_blight,tomato__fungal__early_blight,tomato,fungal,Early Blight,256,256,3,1.0,RGB,JPEG,16.84,True,
datasets/raw/plantvillage/raw/color/Tomato___Early_blight/8e1c8815-49e0-4be6-a3a5-a426ab6b2445___RS_Erly.B 7822.JPG,8e1c8815-49e0-4be6-a3a5-a426ab6b2445___RS_Erly.B 7822.JPG,Tomato___Early_blight,tomato__fungal__early_blight,tomato,fungal,Early Blight,256,256,3,1.0,RGB,JPEG,18.56,True,
datasets/raw/plantvillage/raw/color/Tomato___Early_blight/7d8a95e9-ea83-44f4-9f7c-ad4692b1ce1f___RS_Erly.B 7534.JPG,7d8a95e9-ea83-44f4-9f7c-ad4692b1ce1f___RS_Erly.B 7534.JPG,Tomato___Early_blight,tomato__fungal__early_blight,tomato,fungal,Early Blight,256,256,3,1.0,RGB,JPEG,11.15,True,
datasets/raw/plantvillage/raw/color/Tomato___Early_blight/e29ee209-e895-434f-9078-db727c5a98dd___RS_Erly.B 9383.JPG,e29ee209-e895-434f-9078-db727c5a98dd___RS_Erly.B 9383.JPG,Tomato___Early_blight,tomato__fungal__early_blight,tomato,fungal,Early Blight,256,256,3,1.0,RGB,JPEG,14.38,True,
datasets/raw/plantvillage/raw/color/Tomato___Early_blight/d452210c-ee07-4a6e-a0e0-15676dafacb1___RS_Erly.B 7419.JPG,d452210c-ee07-4a6e-a0e0-15676dafacb1___RS_Erly.B 7419.JPG,Tomato___Early_blight,tomato__fungal__early_blight,tomato,fungal,Early Blight,256,256,3,1.0,RGB,JPEG,14.45,True,
datasets/raw/plantvillage/raw/color/Tomato___Early_blight/bde8917a-9b0c-4a7b-8ff1-26f31609d6d7___RS_Erly.B 7750.JPG,bde8917a-9b0c-4a7b-8ff1-26f31609d6d7___RS_Erly.B 7750.JPG,Tomato___Early_blight,tomato__fungal__early_blight,tomato,fungal,Early Blight,256,256,3,1.0,RGB,JPEG,20.5,True,
datasets/raw/plantvillage/raw/color/Tomato___Early_blight/7b2a8123-3905-48d9-be99-b5e749b5ba45___RS_Erly.B 6472.JPG,7b2a8123-3905-48d9-be99-b5e749b5ba45___RS_Erly.B 6472.JPG,Tomato___Early_blight,tomato__fungal__early_blight,tomato,fungal,Early Blight,256,256,3,1.0,RGB,JPEG,13.42,True,
datasets/raw/plantvillage/raw/color/Tomato___Early_blight/535c3c4f-c082-4dd7-a98b-2e16cb377d89___RS_Erly.B 7770.JPG,535c3c4f-c082-4dd7-a98b-2e16cb377d89___RS_Erly.B 7770.JPG,Tomato___Early_blight,tomato__fungal__early_blight,tomato,fungal,Early Blight,256,256,3,1.0,RGB,JPEG,21.31,True,
datasets/raw/plantvillage/raw/color/Tomato___Early_blight/5fef7edb-3b8a-4f74-b980-493366ead004___RS_Erly.B 6476.JPG,5fef7edb-3b8a-4f74-b980-493366ead004___RS_Erly.B 6476.JPG,Tomato___Early_blight,tomato__fungal__early_blight,tomato,fungal,Early Blight,256,256,3,1.0,RGB,JPEG,12.73,True,
datasets/raw/plantvillage/raw/color/Tomato___Early_blight/6797ee0c-20a8-4a39-ab57-f65eb9c57885___RS_Erly.B 7647.JPG,6797ee0c-20a8-4a39-ab57-f65eb9c57885___RS_Erly.B 7647.JPG,Tomato___Early_blight,tomato__fungal__early_blight,tomato,fungal,Early Blight,256,256,3,1.0,RGB,JPEG,11.68,True,
datasets/raw/plantvillage/raw/color/Tomato___Early_blight/342d78c9-af97-4325-ad0f-0f12e0a206c2___RS_Erly.B 7406.JPG,342d78c9-af97-4325-ad0f-0f12e0a206c2___RS_Erly.B 7406.JPG,Tomato___Early_blight,tomato__fungal__early_blight,tomato,fungal,Early Blight,256,256,3,1.0,RGB,JPEG,14.08,True,
datasets/raw/plantvillage/raw/color/Tomato___Early_blight/e3e8305e-a7f1-4ac2-9ed0-7a09660b2fa3___RS_Erly.B 9447.JPG,e3e8305e-a7f1-4ac2-9ed0-7a09660b2fa3___RS_Erly.B 9447.JPG,Tomato___Early_blight,tomato__fungal__early_blight,tomato,fungal,Early Blight,256,256,3,1.0,RGB,JPEG,13.4,True,
datasets/raw/plantvillage/raw/color/Tomato___Early_blight/54d55df4-c760-4191-b998-d1e1493a35f5___RS_Erly.B 7524.JPG,54d55df4-c760-4191-b998-d1e1493a35f5___RS_Erly.B 7524.JPG,Tomato___Early_blight,tomato__fungal__early_blight,tomato,fungal,Early Blight,256,256,3,1.0,RGB,JPEG,12.93,True,
datasets/raw/plantvillage/raw/color/Tomato___Early_blight/dc6eeebe-ebc4-406c-b5df-f4861f491db8___RS_Erly.B 9615.JPG,dc6eeebe-ebc4-406c-b5df-f4861f491db8___RS_Erly.B 9615.JPG,Tomato___Early_blight,tomato__fungal__early_blight,tomato,fungal,Early Blight,256,256,3,1.0,RGB,JPEG,13.51,True,
datasets/raw/plantvillage/raw/color/Tomato___Early_blight/4ec7e2e9-7fc3-46de-a42d-eec0cbcc990e___RS_Erly.B 7532.JPG,4ec7e2e9-7fc3-46de-a42d-eec0cbcc990e___RS_Erly.B 7532.JPG,Tomato___Early_blight,tomato__fungal__early_blight,tomato,fungal,Early Blight,256,256,3,1.0,RGB,JPEG,12.18,True,
datasets/raw/plantvillage/raw/color/Tomato___Early_blight/a3af61fe-3cde-4083-963f-909bfced23db___RS_Erly.B 7590.JPG,a3af61fe-3cde-4083-963f-909bfced23db___RS_Erly.B 7590.JPG,Tomato___Early_blight,tomato__fungal__early_blight,tomato,fungal,Early Blight,256,256,3,1.0,RGB,JPEG,11.84,True,
datasets/raw/plantvillage/raw/color/Tomato___Early_blight/c66ca8bd-a004-4efb-a66c-3be5168aaaca___RS_Erly.B 7826.JPG,c66ca8bd-a004-4efb-a66c-3be5168aaaca___RS_Erly.B 7826.JPG,Tomato___Early_blight,tomato__fungal__early_blight,tomato,fungal,Early Blight,256,256,3,1.0,RGB,JPEG,16.97,True,
datasets/raw/plantvillage/raw/color/Tomato___Early_blight/f882f8cc-49bc-49f6-a6c0-fbffe60d81a0___RS_Erly.B 7672.JPG,f882f8cc-49bc-49f6-a6c0-fbffe60d81a0___RS_Erly.B 7672.JPG,Tomato___Early_blight,tomato__fungal__early_blight,tomato,fungal,Early Blight,256,256,3,1.0,RGB,JPEG,12.98,True,
datasets/raw/plantvillage/raw/color/Tomato___Early_blight/5bcb328c-9fa4-4abf-a3b6-8a015ada7d94___RS_Erly.B 7476.JPG,5bcb328c-9fa4-4abf-a3b6-8a015ada7d94___RS_Erly.B 7476.JPG,Tomato___Early_blight,tomato__fungal__early_blight,tomato,fungal,Early Blight,256,256,3,1.0,RGB,JPEG,16.17,True,
datasets/raw/plantvillage/raw/color/Tomato___Early_blight/16ce3799-ff03-4724-8c99-48a4243a6ff9___RS_Erly.B 9565.JPG,16ce3799-ff03-4724-8c99-48a4243a6ff9___RS_Erly.B 9565.JPG,Tomato___Early_blight,tomato__fungal__early_blight,tomato,fungal,Early Blight,256,256,3,1.0,RGB,JPEG,12.86,True,
datasets/raw/plantvillage/raw/color/Tomato___Early_blight/164f6427-eeed-42da-bb51-ec07a57840dc___RS_Erly.B 9372.JPG,164f6427-eeed-42da-bb51-ec07a57840dc___RS_Erly.B 9372.JPG,Tomato___Early_blight,tomato__fungal__early_blight,tomato,fungal,Early Blight,256,256,3,1.0,RGB,JPEG,16.31,True,
datasets/raw/plantvillage/raw/color/Tomato___Early_blight/30f2c918-bb60-4d4f-b171-7fecdfac7cac___RS_Erly.B 9543.JPG,30f2c918-bb60-4d4f-b171-7fecdfac7cac___RS_Erly.B 9543.JPG,Tomato___Early_blight,tomato__fungal__early_blight,tomato,fungal,Early Blight,256,256,3,1.0,RGB,JPEG,12.73,True,
datasets/raw/plantvillage/raw/color/Tomato___Early_blight/0f065614-a53a-4c83-9d29-5d3e4ab5b41d___RS_Erly.B 7676.JPG,0f065614-a53a-4c83-9d29-5d3e4ab5b41d___RS_Erly.B 7676.JPG,Tomato___Early_blight,tomato__fungal__early_blight,tomato,fungal,Early Blight,256,256,3,1.0,RGB,JPEG,14.41,True,
datasets/raw/plantvillage/raw/color/Tomato___Early_blight/cacbfac0-f563-452c-b506-1ce7bd06d680___RS_Erly.B 9379.JPG,cacbfac0-f563-452c-b506-1ce7bd06d680___RS_Erly.B 9379.JPG,Tomato___Early_blight,tomato__fungal__early_blight,tomato,fungal,Early Blight,256,256,3,1.0,RGB,JPEG,14.22,True,
datasets/raw/plantvillage/raw/color/Tomato___Early_blight/248a61d1-ed39-452b-b985-77120c1edc7a___RS_Erly.B 7669.JPG,248a61d1-ed39-452b-b985-77120c1edc7a___RS_Erly.B 7669.JPG,Tomato___Early_blight,tomato__fungal__early_blight,tomato,fungal,Early Blight,256,256,3,1.0,RGB,JPEG,14.52,True,
datasets/raw/plantvillage/raw/color/Tomato___Early_blight/a5c26ace-e91d-4afc-a958-eee6bbe7aed2___RS_Erly.B 6361.JPG,a5c26ace-e91d-4afc-a958-eee6bbe7aed2___RS_Erly.B 6361.JPG,Tomato___Early_blight,tomato__fungal__early_blight,tomato,fungal,Early Blight,256,256,3,1.0,RGB,JPEG,14.08,True,
datasets/raw/plantvillage/raw/color/Tomato___Early_blight/1c31e2e3-e314-47a8-86fe-e7b8b9199c09___RS_Erly.B 8272.JPG,1c31e2e3-e314-47a8-86fe-e7b8b9199c09___RS_Erly.B 8272.JPG,Tomato___Early_blight,tomato__fungal__early_blight,tomato,fungal,Early Blight,256,256,3,1.0,RGB,JPEG,16.39,True,
datasets/raw/plantvillage/raw/color/Tomato___Early_blight/3198b703-d5d5-46e9-9b8f-399d5531b5c4___RS_Erly.B 8364.JPG,3198b703-d5d5-46e9-9b8f-399d5531b5c4___RS_Erly.B 8364.JPG,Tomato___Early_blight,tomato__fungal__early_blight,tomato,fungal,Early Blight,256,256,3,1.0,RGB,JPEG,17.97,True,
datasets/raw/plantvillage/raw/color/Tomato___Early_blight/43e84adf-0897-47dc-97a4-94ef0e83eef5___RS_Erly.B 6399.JPG,43e84adf-0897-47dc-97a4-94ef0e83eef5___RS_Erly.B 6399.JPG,Tomato___Early_blight,tomato__fungal__early_blight,tomato,fungal,Early Blight,256,256,3,1.0,RGB,JPEG,14.35,True,
datasets/raw/plantvillage/raw/color/Tomato___Early_blight/9e92ea05-2e0f-42cb-be52-f58745ee9acc___RS_Erly.B 9476.JPG,9e92ea05-2e0f-42cb-be52-f58745ee9acc___RS_Erly.B 9476.JPG,Tomato___Early_blight,tomato__fungal__early_blight,tomato,fungal,Early Blight,256,256,3,1.0,RGB,JPEG,14.49,True,
datasets/raw/plantvillage/raw/color/Tomato___Early_blight/386b2d80-35c1-4fa5-98b6-f78c1c9cfb36___RS_Erly.B 6470.JPG,386b2d80-35c1-4fa5-98b6-f78c1c9cfb36___RS_Erly.B 6470.JPG,Tomato___Early_blight,tomato__fungal__early_blight,tomato,fungal,Early Blight,256,256,3,1.0,RGB,JPEG,12.39,True,
datasets/raw/plantvillage/raw/color/Tomato___Early_blight/29645def-a571-4442-8f95-d7ebf71befde___RS_Erly.B 7751.JPG,29645def-a571-4442-8f95-d7ebf71befde___RS_Erly.B 7751.JPG,Tomato___Early_blight,tomato__fungal__early_blight,tomato,fungal,Early Blight,256,256,3,1.0,RGB,JPEG,19.77,True,
datasets/raw/plantvillage/raw/color/Tomato___Early_blight/9d64c577-43dd-4409-b0ed-f5460bc01dc9___RS_Erly.B 7685.JPG,9d64c577-43dd-4409-b0ed-f5460bc01dc9___RS_Erly.B 7685.JPG,Tomato___Early_blight,tomato__fungal__early_blight,tomato,fungal,Early Blight,256,256,3,1.0,RGB,JPEG,17.46,True,
datasets/raw/plantvillage/raw/color/Tomato___Early_blight/b5183a61-b8c0-489e-8d38-46fa5e240d34___RS_Erly.B 9461.JPG,b5183a61-b8c0-489e-8d38-46fa5e240d34___RS_Erly.B 9461.JPG,Tomato___Early_blight,tomato__fungal__early_blight,tomato,fungal,Early Blight,256,256,3,1.0,RGB,JPEG,15.43,True,
datasets/raw/plantvillage/raw/color/Tomato___Early_blight/4065f166-5f48-4277-9f51-7aa61dbd4b48___RS_Erly.B 8399.JPG,4065f166-5f48-4277-9f51-7aa61dbd4b48___RS_Erly.B 8399.JPG,Tomato___Early_blight,tomato__fungal__early_blight,tomato,fungal,Early Blight,256,256,3,1.0,RGB,JPEG,18.28,True,
datasets/raw/plantvillage/raw/color/Tomato___Early_blight/579c6b36-c17e-4510-a1ba-31cabbb0951f___RS_Erly.B 7517.JPG,579c6b36-c17e-4510-a1ba-31cabbb0951f___RS_Erly.B 7517.JPG,Tomato___Early_blight,tomato__fungal__early_blight,tomato,fungal,Early Blight,256,256,3,1.0,RGB,JPEG,14.07,True,
datasets/raw/plantvillage/raw/color/Tomato___Early_blight/9b84e7ac-4ffd-4e0b-8099-86f30ad23cda___RS_Erly.B 7731.JPG,9b84e7ac-4ffd-4e0b-8099-86f30ad23cda___RS_Erly.B 7731.JPG,Tomato___Early_blight,tomato__fungal__early_blight,tomato,fungal,Early Blight,256,256,3,1.0,RGB,JPEG,17.95,True,
datasets/raw/plantvillage/raw/color/Tomato___Early_blight/f64da90c-b9ca-4453-896f-4cd9e358c24a___RS_Erly.B 8223.JPG,f64da90c-b9ca-4453-896f-4cd9e358c24a___RS_Erly.B 8223.JPG,Tomato___Early_blight,tomato__fungal__early_blight,tomato,fungal,Early Blight,256,256,3,1.0,RGB,JPEG,16.34,True,
datasets/raw/plantvillage/raw/color/Tomato___Early_blight/29345423-647e-4e1b-81f4-16d8cfc0e137___RS_Erly.B 7422.JPG,29345423-647e-4e1b-81f4-16d8cfc0e137___RS_Erly.B 7422.JPG,Tomato___Early_blight,tomato__fungal__early_blight,tomato,fungal,Early Blight,256,256,3,1.0,RGB,JPEG,14.34,True,
datasets/raw/plantvillage/raw/color/Tomato___Early_blight/8d70db5b-7916-4397-836d-6a73a2faaead___RS_Erly.B 6330.JPG,8d70db5b-7916-4397-836d-6a73a2faaead___RS_Erly.B 6330.JPG,Tomato___Early_blight,tomato__fungal__early_blight,tomato,fungal,Early Blight,256,256,3,1.0,RGB,JPEG,10.12,True,
datasets/raw/plantvillage/raw/color/Tomato___Early_blight/d96c3244-39ec-4188-9870-a6e32aad81d6___RS_Erly.B 7540.JPG,d96c3244-39ec-4188-9870-a6e32aad81d6___RS_Erly.B 7540.JPG,Tomato___Early_blight,tomato__fungal__early_blight,tomato,fungal,Early Blight,256,256,3,1.0,RGB,JPEG,14.01,True,
datasets/raw/plantvillage/raw/color/Tomato___Early_blight/a8844870-0efc-494c-af8c-d5c94fd619f3___RS_Erly.B 7756.JPG,a8844870-0efc-494c-af8c-d5c94fd619f3___RS_Erly.B 7756.JPG,Tomato___Early_blight,tomato__fungal__early_blight,tomato,fungal,Early Blight,256,256,3,1.0,RGB,JPEG,16.24,True,
datasets/raw/plantvillage/raw/color/Tomato___Early_blight/b69edd18-e303-41b5-92a7-769154106917___RS_Erly.B 7587.JPG,b69edd18-e303-41b5-92a7-769154106917___RS_Erly.B 7587.JPG,Tomato___Early_blight,tomato__fungal__early_blight,tomato,fungal,Early Blight,256,256,3,1.0,RGB,JPEG,11.93,True,
datasets/raw/plantvillage/raw/color/Tomato___Early_blight/8647963f-aacb-44f3-82bc-fa749bc65694___RS_Erly.B 6391.JPG,8647963f-aacb-44f3-82bc-fa749bc65694___RS_Erly.B 6391.JPG,Tomato___Early_blight,tomato__fungal__early_blight,tomato,fungal,Early Blight,256,256,3,1.0,RGB,JPEG,15.24,True,
datasets/raw/plantvillage/raw/color/Tomato___Early_blight/dfd261ab-30ad-456c-93b3-874a4ebaeaaf___RS_Erly.B 8451.JPG,dfd261ab-30ad-456c-93b3-874a4ebaeaaf___RS_Erly.B 8451.JPG,Tomato___Early_blight,tomato__fungal__early_blight,tomato,fungal,Early Blight,256,256,3,1.0,RGB,JPEG,18.09,True,
datasets/raw/plantvillage/raw/color/Tomato___Early_blight/3069555f-45e9-4208-bc5e-015ce47e34e2___RS_Erly.B 7663.JPG,3069555f-45e9-4208-bc5e-015ce47e34e2___RS_Erly.B 7663.JPG,Tomato___Early_blight,tomato__fungal__early_blight,tomato,fungal,Early Blight,256,256,3,1.0,RGB,JPEG,12.06,True,
datasets/raw/plantvillage/raw/color/Tomato___Early_blight/45a51377-1fd4-45f3-bfdb-02d9d0953ab2___RS_Erly.B 9471.JPG,45a51377-1fd4-45f3-bfdb-02d9d0953ab2___RS_Erly.B 9471.JPG,Tomato___Early_blight,tomato__fungal__early_blight,tomato,fungal,Early Blight,256,256,3,1.0,RGB,JPEG,14.09,True,
datasets/raw/plantvillage/raw/color/Tomato___Early_blight/bc894aa4-76ca-427e-a964-e86236fc0217___RS_Erly.B 7526.JPG,bc894aa4-76ca-427e-a964-e86236fc0217___RS_Erly.B 7526.JPG,Tomato___Early_blight,tomato__fungal__early_blight,tomato,fungal,Early Blight,256,256,3,1.0,RGB,JPEG,13.61,True,
datasets/raw/plantvillage/raw/color/Tomato___Early_blight/4ce52d04-06f4-4b35-af47-804fdabed996___RS_Erly.B 8254.JPG,4ce52d04-06f4-4b35-af47-804fdabed996___RS_Erly.B 8254.JPG,Tomato___Early_blight,tomato__fungal__early_blight,tomato,fungal,Early Blight,256,256,3,1.0,RGB,JPEG,17.26,True,
datasets/raw/plantvillage/raw/color/Tomato___Early_blight/5339898b-4bf4-4ee0-b69c-eac14c202a69___RS_Erly.B 9430.JPG,5339898b-4bf4-4ee0-b69c-eac14c202a69___RS_Erly.B 9430.JPG,Tomato___Early_blight,tomato__fungal__early_blight,tomato,fungal,Early Blight,256,256,3,1.0,RGB,JPEG,13.47,True,
datasets/raw/plantvillage/raw/color/Tomato___Early_blight/99ea67c9-4c24-40b3-8a62-88233a53dc4a___RS_Erly.B 7522.JPG,99ea67c9-4c24-40b3-8a62-88233a53dc4a___RS_Erly.B 7522.JPG,Tomato___Early_blight,tomato__fungal__early_blight,tomato,fungal,Early Blight,256,256,3,1.0,RGB,JPEG,12.93,True,
datasets/raw/plantvillage/raw/color/Tomato___Early_blight/e3b74c49-7e82-4094-8a02-5ae7644a1d00___RS_Erly.B 7393.JPG,e3b74c49-7e82-4094-8a02-5ae7644a1d00___RS_Erly.B 7393.JPG,Tomato___Early_blight,tomato__fungal__early_blight,tomato,fungal,Early Blight,256,256,3,1.0,RGB,JPEG,13.64,True,
datasets/raw/plantvillage/raw/color/Tomato___Early_blight/859a134c-51f7-4294-bd1a-78140d775bca___RS_Erly.B 8327.JPG,859a134c-51f7-4294-bd1a-78140d775bca___RS_Erly.B 8327.JPG,Tomato___Early_blight,tomato__fungal__early_blight,tomato,fungal,Early Blight,256,256,3,1.0,RGB,JPEG,16.74,True,
datasets/raw/plantvillage/raw/color/Tomato___Early_blight/8b448aba-68ad-461d-a8f4-99c6ccee8fbe___RS_Erly.B 7463.JPG,8b448aba-68ad-461d-a8f4-99c6ccee8fbe___RS_Erly.B 7463.JPG,Tomato___Early_blight,tomato__fungal__early_blight,tomato,fungal,Early Blight,256,256,3,1.0,RGB,JPEG,12.88,True,
datasets/raw/plantvillage/raw/color/Tomato___Early_blight/2998c7f2-9f4f-4734-aa39-403dd7211869___RS_Erly.B 7528.JPG,2998c7f2-9f4f-4734-aa39-403dd7211869___RS_Erly.B 7528.JPG,Tomato___Early_blight,tomato__fungal__early_blight,tomato,fungal,Early Blight,256,256,3,1.0,RGB,JPEG,10.33,True,
datasets/raw/plantvillage/raw/color/Tomato___Early_blight/aeb5a5ed-0672-49e9-a805-74b9390d4972___RS_Erly.B 9529.JPG,aeb5a5ed-0672-49e9-a805-74b9390d4972___RS_Erly.B 9529.JPG,Tomato___Early_blight,tomato__fungal__early_blight,tomato,fungal,Early Blight,256,256,3,1.0,RGB,JPEG,12.17,True,
datasets/raw/plantvillage/raw/color/Tomato___Early_blight/93533fec-94de-411f-a52e-38cd4d36dbee___RS_Erly.B 9558.JPG,93533fec-94de-411f-a52e-38cd4d36dbee___RS_Erly.B 9558.JPG,Tomato___Early_blight,tomato__fungal__early_blight,tomato,fungal,Early Blight,256,256,3,1.0,RGB,JPEG,15.54,True,
datasets/raw/plantvillage/raw/color/Tomato___Early_blight/8ac21e2c-f953-4e96-8d43-e82dae24017e___RS_Erly.B 7459.JPG,8ac21e2c-f953-4e96-8d43-e82dae24017e___RS_Erly.B 7459.JPG,Tomato___Early_blight,tomato__fungal__early_blight,tomato,fungal,Early Blight,256,256,3,1.0,RGB,JPEG,15.1,True,
datasets/raw/plantvillage/raw/color/Tomato___Early_blight/a0db48a5-bbb6-4374-ad9f-8132e33280f5___RS_Erly.B 7791.JPG,a0db48a5-bbb6-4374-ad9f-8132e33280f5___RS_Erly.B 7791.JPG,Tomato___Early_blight,tomato__fungal__early_blight,tomato,fungal,Early Blight,256,256,3,1.0,RGB,JPEG,17.94,True,
datasets/raw/plantvillage/raw/color/Tomato___Early_blight/4d007f46-814a-4cec-93d4-0be4b32a9ed6___RS_Erly.B 6495.JPG,4d007f46-814a-4cec-93d4-0be4b32a9ed6___RS_Erly.B 6495.JPG,Tomato___Early_blight,tomato__fungal__early_blight,tomato,fungal,Early Blight,256,256,3,1.0,RGB,JPEG,14.81,True,
datasets/raw/plantvillage/raw/color/Tomato___Early_blight/7c1dc810-54ee-4442-86d5-6994d4736d92___RS_Erly.B 6430.JPG,7c1dc810-54ee-4442-86d5-6994d4736d92___RS_Erly.B 6430.JPG,Tomato___Early_blight,tomato__fungal__early_blight,tomato,fungal,Early Blight,256,256,3,1.0,RGB,JPEG,11.15,True,
datasets/raw/plantvillage/raw/color/Tomato___Early_blight/f59545f4-cded-405a-bf6f-f4b77e51e2ff___RS_Erly.B 7737.JPG,f59545f4-cded-405a-bf6f-f4b77e51e2ff___RS_Erly.B 7737.JPG,Tomato___Early_blight,tomato__fungal__early_blight,tomato,fungal,Early Blight,256,256,3,1.0,RGB,JPEG,16.58,True,
datasets/raw/plantvillage/raw/color/Tomato___Early_blight/06d0298e-18e5-4bf5-8d33-8feef6600f15___RS_Erly.B 7573.JPG,06d0298e-18e5-4bf5-8d33-8feef6600f15___RS_Erly.B 7573.JPG,Tomato___Early_blight,tomato__fungal__early_blight,tomato,fungal,Early Blight,256,256,3,1.0,RGB,JPEG,12.46,True,
datasets/raw/plantvillage/raw/color/Tomato___Early_blight/cef9fa90-aca2-4354-b79e-2486409ac685___RS_Erly.B 7563.JPG,cef9fa90-aca2-4354-b79e-2486409ac685___RS_Erly.B 7563.JPG,Tomato___Early_blight,tomato__fungal__early_blight,tomato,fungal,Early Blight,256,256,3,1.0,RGB,JPEG,7.97,True,
datasets/raw/plantvillage/raw/color/Tomato___Early_blight/ee083b4e-3abc-4d9a-8395-de6c8ee27331___RS_Erly.B 9525.JPG,ee083b4e-3abc-4d9a-8395-de6c8ee27331___RS_Erly.B 9525.JPG,Tomato___Early_blight,tomato__fungal__early_blight,tomato,fungal,Early Blight,256,256,3,1.0,RGB,JPEG,11.89,True,
datasets/raw/plantvillage/raw/color/Tomato___Early_blight/08615b7d-eca7-487e-a9ea-07842ecf81e8___RS_Erly.B 7543.JPG,08615b7d-eca7-487e-a9ea-07842ecf81e8___RS_Erly.B 7543.JPG,Tomato___Early_blight,tomato__fungal__early_blight,tomato,fungal,Early Blight,256,256,3,1.0,RGB,JPEG,12.79,True,
datasets/raw/plantvillage/raw/color/Tomato___Early_blight/072ae43a-416b-434a-a5a2-1b48bc47fada___RS_Erly.B 7472.JPG,072ae43a-416b-434a-a5a2-1b48bc47fada___RS_Erly.B 7472.JPG,Tomato___Early_blight,tomato__fungal__early_blight,tomato,fungal,Early Blight,256,256,3,1.0,RGB,JPEG,16.08,True,
datasets/raw/plantvillage/raw/color/Tomato___Early_blight/04e38351-80bc-4260-8a4d-187f7817c3e5___RS_Erly.B 7439.JPG,04e38351-80bc-4260-8a4d-187f7817c3e5___RS_Erly.B 7439.JPG,Tomato___Early_blight,tomato__fungal__early_blight,tomato,fungal,Early Blight,256,256,3,1.0,RGB,JPEG,10.62,True,
datasets/raw/plantvillage/raw/color/Tomato___Early_blight/496e8f67-eec4-47be-9c37-b7e8fd4cf230___RS_Erly.B 7743.JPG,496e8f67-eec4-47be-9c37-b7e8fd4cf230___RS_Erly.B 7743.JPG,Tomato___Early_blight,tomato__fungal__early_blight,tomato,fungal,Early Blight,256,256,3,1.0,RGB,JPEG,18.4,True,
datasets/raw/plantvillage/raw/color/Tomato___Early_blight/dc29e8de-633c-472e-8e12-c1a032437d1e___RS_Erly.B 8447.JPG,dc29e8de-633c-472e-8e12-c1a032437d1e___RS_Erly.B 8447.JPG,Tomato___Early_blight,tomato__fungal__early_blight,tomato,fungal,Early Blight,256,256,3,1.0,RGB,JPEG,18.36,True,
datasets/raw/plantvillage/raw/color/Tomato___Early_blight/5ba2c9ec-1d6f-4870-933d-6c9d05833d47___RS_Erly.B 6337.JPG,5ba2c9ec-1d6f-4870-933d-6c9d05833d47___RS_Erly.B 6337.JPG,Tomato___Early_blight,tomato__fungal__early_blight,tomato,fungal,Early Blight,256,256,3,1.0,RGB,JPEG,13.21,True,
datasets/raw/plantvillage/raw/color/Tomato___Early_blight/38c6a01b-91c0-431b-8f58-05fa43cf94b7___RS_Erly.B 9408.JPG,38c6a01b-91c0-431b-8f58-05fa43cf94b7___RS_Erly.B 9408.JPG,Tomato___Early_blight,tomato__fungal__early_blight,tomato,fungal,Early Blight,256,256,3,1.0,RGB,JPEG,15.93,True,
datasets/raw/plantvillage/raw/color/Tomato___Early_blight/64d0749a-a83f-41da-a321-b03d61167454___RS_Erly.B 7846.JPG,64d0749a-a83f-41da-a321-b03d61167454___RS_Erly.B 7846.JPG,Tomato___Early_blight,tomato__fungal__early_blight,tomato,fungal,Early Blight,256,256,3,1.0,RGB,JPEG,19.8,True,
datasets/raw/plantvillage/raw/color/Tomato___Early_blight/411f8908-2bb4-45dc-b1d1-314cc951f0a9___RS_Erly.B 9526.JPG,411f8908-2bb4-45dc-b1d1-314cc951f0a9___RS_Erly.B 9526.JPG,Tomato___Early_blight,tomato__fungal__early_blight,tomato,fungal,Early Blight,256,256,3,1.0,RGB,JPEG,11.35,True,
datasets/raw/plantvillage/raw/color/Tomato___Early_blight/b5367f51-874a-4202-a6b6-02327196fd93___RS_Erly.B 8235.JPG,b5367f51-874a-4202-a6b6-02327196fd93___RS_Erly.B 8235.JPG,Tomato___Early_blight,tomato__fungal__early_blight,tomato,fungal,Early Blight,256,256,3,1.0,RGB,JPEG,16.87,True,
datasets/raw/plantvillage/raw/color/Tomato___Early_blight/30480c06-fc07-47f2-8059-51d08240aad8___RS_Erly.B 9528.JPG,30480c06-fc07-47f2-8059-51d08240aad8___RS_Erly.B 9528.JPG,Tomato___Early_blight,tomato__fungal__early_blight,tomato,fungal,Early Blight,256,256,3,1.0,RGB,JPEG,12.04,True,
datasets/raw/plantvillage/raw/color/Tomato___Early_blight/ad567130-1714-4f31-9735-9ffe4b373964___RS_Erly.B 7623.JPG,ad567130-1714-4f31-9735-9ffe4b373964___RS_Erly.B 7623.JPG,Tomato___Early_blight,tomato__fungal__early_blight,tomato,fungal,Early Blight,256,256,3,1.0,RGB,JPEG,9.42,True,
datasets/raw/plantvillage/raw/color/Tomato___Early_blight/e4739018-9e7b-4251-917f-c8502e8b5e86___RS_Erly.B 9443.JPG,e4739018-9e7b-4251-917f-c8502e8b5e86___RS_Erly.B 9443.JPG,Tomato___Early_blight,tomato__fungal__early_blight,tomato,fungal,Early Blight,256,256,3,1.0,RGB,JPEG,13.05,True,
datasets/raw/plantvillage/raw/color/Tomato___Early_blight/9f496d43-f56d-4afa-99d9-7ac5fc9d9966___RS_Erly.B 9419.JPG,9f496d43-f56d-4afa-99d9-7ac5fc9d9966___RS_Erly.B 9419.JPG,Tomato___Early_blight,tomato__fungal__early_blight,tomato,fungal,Early Blight,256,256,3,1.0,RGB,JPEG,18.42,True,
datasets/raw/plantvillage/raw/color/Tomato___Early_blight/ab52bc97-6e53-4e96-b54c-c883999143ae___RS_Erly.B 7531.JPG,ab52bc97-6e53-4e96-b54c-c883999143ae___RS_Erly.B 7531.JPG,Tomato___Early_blight,tomato__fungal__early_blight,tomato,fungal,Early Blight,256,256,3,1.0,RGB,JPEG,12.07,True,
datasets/raw/plantvillage/raw/color/Tomato___Early_blight/8714986a-ae97-489a-8259-67411bfa2379___RS_Erly.B 9400.JPG,8714986a-ae97-489a-8259-67411bfa2379___RS_Erly.B 9400.JPG,Tomato___Early_blight,tomato__fungal__early_blight,tomato,fungal,Early Blight,256,256,3,1.0,RGB,JPEG,17.21,True,
datasets/raw/plantvillage/raw/color/Tomato___Early_blight/d7dd7c0b-8c0f-46e7-88df-18e6f4e01e0b___RS_Erly.B 7687.JPG,d7dd7c0b-8c0f-46e7-88df-18e6f4e01e0b___RS_Erly.B 7687.JPG,Tomato___Early_blight,tomato__fungal__early_blight,tomato,fungal,Early Blight,256,256,3,1.0,RGB,JPEG,11.8,True,
datasets/raw/plantvillage/raw/color/Tomato___Early_blight/79b737a7-eca5-4eb9-b30e-dd3e85640e55___RS_Erly.B 9492.JPG,79b737a7-eca5-4eb9-b30e-dd3e85640e55___RS_Erly.B 9492.JPG,Tomato___Early_blight,tomato__fungal__early_blight,tomato,fungal,Early Blight,256,256,3,1.0,RGB,JPEG,14.97,True,
datasets/raw/plantvillage/raw/color/Tomato___Early_blight/eccf8abf-a178-464f-ba55-1d203f5f8a47___RS_Erly.B 6395.JPG,eccf8abf-a178-464f-ba55-1d203f5f8a47___RS_Erly.B 6395.JPG,Tomato___Early_blight,tomato__fungal__early_blight,tomato,fungal,Early Blight,256,256,3,1.0,RGB,JPEG,12.92,True,
datasets/raw/plantvillage/raw/color/Tomato___Early_blight/69eba018-9404-4e15-ad5f-75830ea4cbc9___RS_Erly.B 7691.JPG,69eba018-9404-4e15-ad5f-75830ea4cbc9___RS_Erly.B 7691.JPG,Tomato___Early_blight,tomato__fungal__early_blight,tomato,fungal,Early Blight,256,256,3,1.0,RGB,JPEG,17.65,True,
datasets/raw/plantvillage/raw/color/Tomato___Early_blight/8e4238dc-b4fd-46d0-8892-965e64dad7ab___RS_Erly.B 9404.JPG,8e4238dc-b4fd-46d0-8892-965e64dad7ab___RS_Erly.B 9404.JPG,Tomato___Early_blight,tomato__fungal__early_blight,tomato,fungal,Early Blight,256,256,3,1.0,RGB,JPEG,13.83,True,
datasets/raw/plantvillage/raw/color/Tomato___Early_blight/3253ff4e-90ab-475a-89d2-f99875c53367___RS_Erly.B 8356.JPG,3253ff4e-90ab-475a-89d2-f99875c53367___RS_Erly.B 8356.JPG,Tomato___Early_blight,tomato__fungal__early_blight,tomato,fungal,Early Blight,256,256,3,1.0,RGB,JPEG,18.85,True,
datasets/raw/plantvillage/raw/color/Tomato___Early_blight/7763d482-8290-46f4-83aa-edb87ae15297___RS_Erly.B 7766.JPG,7763d482-8290-46f4-83aa-edb87ae15297___RS_Erly.B 7766.JPG,Tomato___Early_blight,tomato__fungal__early_blight,tomato,fungal,Early Blight,256,256,3,1.0,RGB,JPEG,17.08,True,
datasets/raw/plantvillage/raw/color/Tomato___Early_blight/6376d980-2b10-4990-a58d-ca0e7dfc6af3___RS_Erly.B 8215.JPG,6376d980-2b10-4990-a58d-ca0e7dfc6af3___RS_Erly.B 8215.JPG,Tomato___Early_blight,tomato__fungal__early_blight,tomato,fungal,Early Blight,256,256,3,1.0,RGB,JPEG,16.94,True,
datasets/raw/plantvillage/raw/color/Tomato___Early_blight/801083ae-26f9-4a9a-9e9a-f73fb18b67e5___RS_Erly.B 7363.JPG,801083ae-26f9-4a9a-9e9a-f73fb18b67e5___RS_Erly.B 7363.JPG,Tomato___Early_blight,tomato__fungal__early_blight,tomato,fungal,Early Blight,256,256,3,1.0,RGB,JPEG,12.72,True,
datasets/raw/plantvillage/raw/color/Tomato___Early_blight/8a089fe7-9e6a-4db7-b0e8-9792e4abc326___RS_Erly.B 7466.JPG,8a089fe7-9e6a-4db7-b0e8-9792e4abc326___RS_Erly.B 7466.JPG,Tomato___Early_blight,tomato__fungal__early_blight,tomato,fungal,Early Blight,256,256,3,1.0,RGB,JPEG,12.95,True,
datasets/raw/plantvillage/raw/color/Tomato___Early_blight/c29f66a1-5df9-4bd7-a6cd-89a0d4a4cba5___RS_Erly.B 9608.JPG,c29f66a1-5df9-4bd7-a6cd-89a0d4a4cba5___RS_Erly.B 9608.JPG,Tomato___Early_blight,tomato__fungal__early_blight,tomato,fungal,Early Blight,256,256,3,1.0,RGB,JPEG,13.5,True,
datasets/raw/plantvillage/raw/color/Tomato___Early_blight/680b86dc-14e0-4668-95c8-776193015146___RS_Erly.B 7854.JPG,680b86dc-14e0-4668-95c8-776193015146___RS_Erly.B 7854.JPG,Tomato___Early_blight,tomato__fungal__early_blight,tomato,fungal,Early Blight,256,256,3,1.0,RGB,JPEG,13.81,True,
datasets/raw/plantvillage/raw/color/Tomato___Early_blight/a6abb0cb-af59-4136-a928-f08d5313ae36___RS_Erly.B 7561.JPG,a6abb0cb-af59-4136-a928-f08d5313ae36___RS_Erly.B 7561.JPG,Tomato___Early_blight,tomato__fungal__early_blight,tomato,fungal,Early Blight,256,256,3,1.0,RGB,JPEG,13.05,True,
datasets/raw/plantvillage/raw/color/Tomato___Early_blight/2fa6cd46-eb76-481e-b15a-44c858f705b3___RS_Erly.B 9532.JPG,2fa6cd46-eb76-481e-b15a-44c858f705b3___RS_Erly.B 9532.JPG,Tomato___Early_blight,tomato__fungal__early_blight,tomato,fungal,Early Blight,256,256,3,1.0,RGB,JPEG,13.22,True,
datasets/raw/plantvillage/raw/color/Tomato___Early_blight/dc4cc3e3-0181-48e9-93a2-7c019df0e04b___RS_Erly.B 9513.JPG,dc4cc3e3-0181-48e9-93a2-7c019df0e04b___RS_Erly.B 9513.JPG,Tomato___Early_blight,tomato__fungal__early_blight,tomato,fungal,Early Blight,256,256,3,1.0,RGB,JPEG,15.41,True,
datasets/raw/plantvillage/raw/color/Tomato___Early_blight/b45de15f-76b6-46bf-9990-e819dbef21d1___RS_Erly.B 9491.JPG,b45de15f-76b6-46bf-9990-e819dbef21d1___RS_Erly.B 9491.JPG,Tomato___Early_blight,tomato__fungal__early_blight,tomato,fungal,Early Blight,256,256,3,1.0,RGB,JPEG,17.61,True,
datasets/raw/plantvillage/raw/color/Tomato___Early_blight/860f1131-a11c-4e17-aaec-c7b96ba914f0___RS_Erly.B 6669.JPG,860f1131-a11c-4e17-aaec-c7b96ba914f0___RS_Erly.B 6669.JPG,Tomato___Early_blight,tomato__fungal__early_blight,tomato,fungal,Early Blight,256,256,3,1.0,RGB,JPEG,14.77,True,
datasets/raw/plantvillage/raw/color/Tomato___Early_blight/2ab7f21e-4a55-4895-acdb-5f161167a0f1___RS_Erly.B 8318.JPG,2ab7f21e-4a55-4895-acdb-5f161167a0f1___RS_Erly.B 8318.JPG,Tomato___Early_blight,tomato__fungal__early_blight,tomato,fungal,Early Blight,256,256,3,1.0,RGB,JPEG,15.46,True,
datasets/raw/plantvillage/raw/color/Tomato___Early_blight/4c927622-ea22-4718-8e36-319218ee53bf___RS_Erly.B 7712.JPG,4c927622-ea22-4718-8e36-319218ee53bf___RS_Erly.B 7712.JPG,Tomato___Early_blight,tomato__fungal__early_blight,tomato,fungal,Early Blight,256,256,3,1.0,RGB,JPEG,17.83,True,
datasets/raw/plantvillage/raw/color/Tomato___Early_blight/98009062-b345-4f14-bc90-f458e6027918___RS_Erly.B 7411.JPG,98009062-b345-4f14-bc90-f458e6027918___RS_Erly.B 7411.JPG,Tomato___Early_blight,tomato__fungal__early_blight,tomato,fungal,Early Blight,256,256,3,1.0,RGB,JPEG,14.44,True,
datasets/raw/plantvillage/raw/color/Tomato___Early_blight/2832ca53-be67-44c0-ac55-eb815bd85fd3___RS_Erly.B 8242.JPG,2832ca53-be67-44c0-ac55-eb815bd85fd3___RS_Erly.B 8242.JPG,Tomato___Early_blight,tomato__fungal__early_blight,tomato,fungal,Early Blight,256,256,3,1.0,RGB,JPEG,17.57,True,
datasets/raw/plantvillage/raw/color/Tomato___Early_blight/cf7acf3d-e079-4587-b3e8-bafe507c40d5___RS_Erly.B 8246.JPG,cf7acf3d-e079-4587-b3e8-bafe507c40d5___RS_Erly.B 8246.JPG,Tomato___Early_blight,tomato__fungal__early_blight,tomato,fungal,Early Blight,256,256,3,1.0,RGB,JPEG,18.33,True,
datasets/raw/plantvillage/raw/color/Tomato___Early_blight/f525cb66-09b6-4f96-93dd-d6bc936f5645___RS_Erly.B 7700.JPG,f525cb66-09b6-4f96-93dd-d6bc936f5645___RS_Erly.B 7700.JPG,Tomato___Early_blight,tomato__fungal__early_blight,tomato,fungal,Early Blight,256,256,3,1.0,RGB,JPEG,14.7,True,
datasets/raw/plantvillage/raw/color/Tomato___Early_blight/29f6e3c2-0bf9-42fe-9a39-aef42acd5191___RS_Erly.B 9480.JPG,29f6e3c2-0bf9-42fe-9a39-aef42acd5191___RS_Erly.B 9480.JPG,Tomato___Early_blight,tomato__fungal__early_blight,tomato,fungal,Early Blight,256,256,3,1.0,RGB,JPEG,18.71,True,
datasets/raw/plantvillage/raw/color/Tomato___Early_blight/375a4113-c296-4b3a-897b-da6f4ac660dc___RS_Erly.B 6408.JPG,375a4113-c296-4b3a-897b-da6f4ac660dc___RS_Erly.B 6408.JPG,Tomato___Early_blight,tomato__fungal__early_blight,tomato,fungal,Early Blight,256,256,3,1.0,RGB,JPEG,13.92,True,
datasets/raw/plantvillage/raw/color/Tomato___Early_blight/2312305e-c167-4730-a07a-db5c9956077a___RS_Erly.B 7752.JPG,2312305e-c167-4730-a07a-db5c9956077a___RS_Erly.B 7752.JPG,Tomato___Early_blight,tomato__fungal__early_blight,tomato,fungal,Early Blight,256,256,3,1.0,RGB,JPEG,14.87,True,
datasets/raw/plantvillage/raw/color/Tomato___Early_blight/5a50d734-271b-43f8-991f-b6e6f264b686___RS_Erly.B 6488.JPG,5a50d734-271b-43f8-991f-b6e6f264b686___RS_Erly.B 6488.JPG,Tomato___Early_blight,tomato__fungal__early_blight,tomato,fungal,Early Blight,256,256,3,1.0,RGB,JPEG,14.71,True,
datasets/raw/plantvillage/raw/color/Tomato___Early_blight/2a5367b1-6732-4213-b095-5953251324ee___RS_Erly.B 7585.JPG,2a5367b1-6732-4213-b095-5953251324ee___RS_Erly.B 7585.JPG,Tomato___Early_blight,tomato__fungal__early_blight,tomato,fungal,Early Blight,256,256,3,1.0,RGB,JPEG,13.22,True,
datasets/raw/plantvillage/raw/color/Tomato___Early_blight/0c865fa4-b0bf-4e69-b39a-d97b068cef84___RS_Erly.B 7477.JPG,0c865fa4-b0bf-4e69-b39a-d97b068cef84___RS_Erly.B 7477.JPG,Tomato___Early_blight,tomato__fungal__early_blight,tomato,fungal,Early Blight,256,256,3,1.0,RGB,JPEG,14.13,True,
datasets/raw/plantvillage/raw/color/Tomato___Early_blight/54a33a0e-3bf6-44de-ba94-8b5096f1cb6e___RS_Erly.B 7668.JPG,54a33a0e-3bf6-44de-ba94-8b5096f1cb6e___RS_Erly.B 7668.JPG,Tomato___Early_blight,tomato__fungal__early_blight,tomato,fungal,Early Blight,256,256,3,1.0,RGB,JPEG,11.05,True,
datasets/raw/plantvillage/raw/color/Tomato___Early_blight/9249614a-4e74-49af-81ab-f8d0689fdc50___RS_Erly.B 7610.JPG,9249614a-4e74-49af-81ab-f8d0689fdc50___RS_Erly.B 7610.JPG,Tomato___Early_blight,tomato__fungal__early_blight,tomato,fungal,Early Blight,256,256,3,1.0,RGB,JPEG,10.56,True,
datasets/raw/plantvillage/raw/color/Tomato___Early_blight/f62b2695-c850-47d4-9e42-e35e5596e729___RS_Erly.B 7777.JPG,f62b2695-c850-47d4-9e42-e35e5596e729___RS_Erly.B 7777.JPG,Tomato___Early_blight,tomato__fungal__early_blight,tomato,fungal,Early Blight,256,256,3,1.0,RGB,JPEG,12.37,True,
datasets/raw/plantvillage/raw/color/Tomato___Early_blight/54e98d19-a7a0-44d8-a004-1eaee5f3610b___RS_Erly.B 7348.JPG,54e98d19-a7a0-44d8-a004-1eaee5f3610b___RS_Erly.B 7348.JPG,Tomato___Early_blight,tomato__fungal__early_blight,tomato,fungal,Early Blight,256,256,3,1.0,RGB,JPEG,11.45,True,
datasets/raw/plantvillage/raw/color/Tomato___Early_blight/2bdecb58-7e31-4129-83ff-125b7a31c0f6___RS_Erly.B 9506.JPG,2bdecb58-7e31-4129-83ff-125b7a31c0f6___RS_Erly.B 9506.JPG,Tomato___Early_blight,tomato__fungal__early_blight,tomato,fungal,Early Blight,256,256,3,1.0,RGB,JPEG,15.76,True,
datasets/raw/plantvillage/raw/color/Tomato___Early_blight/87b7f08f-2ea2-4fce-bd6a-7aeee641652d___RS_Erly.B 8413.JPG,87b7f08f-2ea2-4fce-bd6a-7aeee641652d___RS_Erly.B 8413.JPG,Tomato___Early_blight,tomato__fungal__early_blight,tomato,fungal,Early Blight,256,256,3,1.0,RGB,JPEG,16.11,True,
datasets/raw/plantvillage/raw/color/Tomato___Early_blight/69e0581c-14a5-42d8-ad48-4f689d05632f___RS_Erly.B 6432.JPG,69e0581c-14a5-42d8-ad48-4f689d05632f___RS_Erly.B 6432.JPG,Tomato___Early_blight,tomato__fungal__early_blight,tomato,fungal,Early Blight,256,256,3,1.0,RGB,JPEG,12.71,True,
datasets/raw/plantvillage/raw/color/Tomato___Early_blight/10c1d7a4-bd14-4961-9b96-c7047589eccd___RS_Erly.B 7552.JPG,10c1d7a4-bd14-4961-9b96-c7047589eccd___RS_Erly.B 7552.JPG,Tomato___Early_blight,tomato__fungal__early_blight,tomato,fungal,Early Blight,256,256,3,1.0,RGB,JPEG,12.19,True,
datasets/raw/plantvillage/raw/color/Tomato___Early_blight/d41e78aa-0020-457b-a17d-736d426adad5___RS_Erly.B 7755.JPG,d41e78aa-0020-457b-a17d-736d426adad5___RS_Erly.B 7755.JPG,Tomato___Early_blight,tomato__fungal__early_blight,tomato,fungal,Early Blight,256,256,3,1.0,RGB,JPEG,17.98,True,
datasets/raw/plantvillage/raw/color/Tomato___Early_blight/f7ab79a6-43d3-4ece-9461-43742519a221___RS_Erly.B 8290.JPG,f7ab79a6-43d3-4ece-9461-43742519a221___RS_Erly.B 8290.JPG,Tomato___Early_blight,tomato__fungal__early_blight,tomato,fungal,Early Blight,256,256,3,1.0,RGB,JPEG,18.52,True,
datasets/raw/plantvillage/raw/color/Tomato___Early_blight/93dd10f7-791e-4c52-a8d0-f9196cafaecb___RS_Erly.B 8284.JPG,93dd10f7-791e-4c52-a8d0-f9196cafaecb___RS_Erly.B 8284.JPG,Tomato___Early_blight,tomato__fungal__early_blight,tomato,fungal,Early Blight,256,256,3,1.0,RGB,JPEG,15.4,True,
datasets/raw/plantvillage/raw/color/Tomato___Early_blight/611a3c58-8a99-401e-9745-592b55bddb85___RS_Erly.B 7679.JPG,611a3c58-8a99-401e-9745-592b55bddb85___RS_Erly.B 7679.JPG,Tomato___Early_blight,tomato__fungal__early_blight,tomato,fungal,Early Blight,256,256,3,1.0,RGB,JPEG,15.73,True,
datasets/raw/plantvillage/raw/color/Tomato___Early_blight/0bd357fe-1e54-4c65-979c-e894e0b8a3aa___RS_Erly.B 8328.JPG,0bd357fe-1e54-4c65-979c-e894e0b8a3aa___RS_Erly.B 8328.JPG,Tomato___Early_blight,tomato__fungal__early_blight,tomato,fungal,Early Blight,256,256,3,1.0,RGB,JPEG,18.05,True,
datasets/raw/plantvillage/raw/color/Tomato___Early_blight/efd88799-7fbc-4638-b66b-4e49c7bf7b9f___RS_Erly.B 9390.JPG,efd88799-7fbc-4638-b66b-4e49c7bf7b9f___RS_Erly.B 9390.JPG,Tomato___Early_blight,tomato__fungal__early_blight,tomato,fungal,Early Blight,256,256,3,1.0,RGB,JPEG,17.14,True,
datasets/raw/plantvillage/raw/color/Tomato___Early_blight/498e5205-4421-4ec6-80b5-e4f79156b1c5___RS_Erly.B 7362.JPG,498e5205-4421-4ec6-80b5-e4f79156b1c5___RS_Erly.B 7362.JPG,Tomato___Early_blight,tomato__fungal__early_blight,tomato,fungal,Early Blight,256,256,3,1.0,RGB,JPEG,13.07,True,
datasets/raw/plantvillage/raw/color/Tomato___Early_blight/dc4e5770-ed70-4ff3-b61d-a6296faae7e1___RS_Erly.B 7568.JPG,dc4e5770-ed70-4ff3-b61d-a6296faae7e1___RS_Erly.B 7568.JPG,Tomato___Early_blight,tomato__fungal__early_blight,tomato,fungal,Early Blight,256,256,3,1.0,RGB,JPEG,10.37,True,
datasets/raw/plantvillage/raw/color/Tomato___Early_blight/258e6e39-d791-482c-921d-65048753770a___RS_Erly.B 9422.JPG,258e6e39-d791-482c-921d-65048753770a___RS_Erly.B 9422.JPG,Tomato___Early_blight,tomato__fungal__early_blight,tomato,fungal,Early Blight,256,256,3,1.0,RGB,JPEG,17.03,True,
datasets/raw/plantvillage/raw/color/Tomato___Early_blight/9f77a006-11c0-4466-bdb3-9273b299450d___RS_Erly.B 7800.JPG,9f77a006-11c0-4466-bdb3-9273b299450d___RS_Erly.B 7800.JPG,Tomato___Early_blight,tomato__fungal__early_blight,tomato,fungal,Early Blight,256,256,3,1.0,RGB,JPEG,15.62,True,
datasets/raw/plantvillage/raw/color/Tomato___Early_blight/0982d864-182e-4d36-959a-dcc67d85d9e6___RS_Erly.B 9481.JPG,0982d864-182e-4d36-959a-dcc67d85d9e6___RS_Erly.B 9481.JPG,Tomato___Early_blight,tomato__fungal__early_blight,tomato,fungal,Early Blight,256,256,3,1.0,RGB,JPEG,17.65,True,
datasets/raw/plantvillage/raw/color/Tomato___Early_blight/28d03063-a772-4136-80fd-3bbff0fffa41___RS_Erly.B 7370.JPG,28d03063-a772-4136-80fd-3bbff0fffa41___RS_Erly.B 7370.JPG,Tomato___Early_blight,tomato__fungal__early_blight,tomato,fungal,Early Blight,256,256,3,1.0,RGB,JPEG,14.58,True,
datasets/raw/plantvillage/raw/color/Tomato___Early_blight/76b0d46d-8e2b-463b-8cba-eaeee6dc1851___RS_Erly.B 9527.JPG,76b0d46d-8e2b-463b-8cba-eaeee6dc1851___RS_Erly.B 9527.JPG,Tomato___Early_blight,tomato__fungal__early_blight,tomato,fungal,Early Blight,256,256,3,1.0,RGB,JPEG,12.65,True,
datasets/raw/plantvillage/raw/color/Tomato___Early_blight/264bc13b-2bcd-40f8-ae25-23aef0ccdc64___RS_Erly.B 7589.JPG,264bc13b-2bcd-40f8-ae25-23aef0ccdc64___RS_Erly.B 7589.JPG,Tomato___Early_blight,tomato__fungal__early_blight,tomato,fungal,Early Blight,256,256,3,1.0,RGB,JPEG,11.29,True,
datasets/raw/plantvillage/raw/color/Tomato___Early_blight/80c0ed57-74c8-4e02-9cd4-5c29ae099594___RS_Erly.B 6447.JPG,80c0ed57-74c8-4e02-9cd4-5c29ae099594___RS_Erly.B 6447.JPG,Tomato___Early_blight,tomato__fungal__early_blight,tomato,fungal,Early Blight,256,256,3,1.0,RGB,JPEG,13.12,True,
datasets/raw/plantvillage/raw/color/Tomato___Early_blight/a8b2bbbc-5bef-4ef4-8322-48cde639a9aa___RS_Erly.B 7438.JPG,a8b2bbbc-5bef-4ef4-8322-48cde639a9aa___RS_Erly.B 7438.JPG,Tomato___Early_blight,tomato__fungal__early_blight,tomato,fungal,Early Blight,256,256,3,1.0,RGB,JPEG,15.84,True,
datasets/raw/plantvillage/raw/color/Tomato___Early_blight/ac804481-f1b0-498c-a6af-a66da467f84e___RS_Erly.B 7760.JPG,ac804481-f1b0-498c-a6af-a66da467f84e___RS_Erly.B 7760.JPG,Tomato___Early_blight,tomato__fungal__early_blight,tomato,fungal,Early Blight,256,256,3,1.0,RGB,JPEG,16.36,True,
datasets/raw/plantvillage/raw/color/Tomato___Early_blight/9b16a9a4-c99b-4027-a301-4a8969761746___RS_Erly.B 7428.JPG,9b16a9a4-c99b-4027-a301-4a8969761746___RS_Erly.B 7428.JPG,Tomato___Early_blight,tomato__fungal__early_blight,tomato,fungal,Early Blight,256,256,3,1.0,RGB,JPEG,15.19,True,
datasets/raw/plantvillage/raw/color/Tomato___Early_blight/da3ad71b-85ba-4e94-bd12-8eff52776138___RS_Erly.B 9469.JPG,da3ad71b-85ba-4e94-bd12-8eff52776138___RS_Erly.B 9469.JPG,Tomato___Early_blight,tomato__fungal__early_blight,tomato,fungal,Early Blight,256,256,3,1.0,RGB,JPEG,13.78,True,
datasets/raw/plantvillage/raw/color/Tomato___Early_blight/0f1fb081-c715-414e-aa64-2c398ba6c320___RS_Erly.B 6382.JPG,0f1fb081-c715-414e-aa64-2c398ba6c320___RS_Erly.B 6382.JPG,Tomato___Early_blight,tomato__fungal__early_blight,tomato,fungal,Early Blight,256,256,3,1.0,RGB,JPEG,12.81,True,
datasets/raw/plantvillage/raw/color/Tomato___Early_blight/a8cade96-090a-4dcd-bc79-d13a4046370d___RS_Erly.B 7721.JPG,a8cade96-090a-4dcd-bc79-d13a4046370d___RS_Erly.B 7721.JPG,Tomato___Early_blight,tomato__fungal__early_blight,tomato,fungal,Early Blight,256,256,3,1.0,RGB,JPEG,11.87,True,
datasets/raw/plantvillage/raw/color/Tomato___Early_blight/074bc781-f586-46b0-bef5-0237e3bf5043___RS_Erly.B 8375.JPG,074bc781-f586-46b0-bef5-0237e3bf5043___RS_Erly.B 8375.JPG,Tomato___Early_blight,tomato__fungal__early_blight,tomato,fungal,Early Blight,256,256,3,1.0,RGB,JPEG,18.19,True,
datasets/raw/plantvillage/raw/color/Tomato___Early_blight/bdf7f885-1619-4b3f-bba8-e97896af0de5___RS_Erly.B 7819.JPG,bdf7f885-1619-4b3f-bba8-e97896af0de5___RS_Erly.B 7819.JPG,Tomato___Early_blight,tomato__fungal__early_blight,tomato,fungal,Early Blight,256,256,3,1.0,RGB,JPEG,15.37,True,
datasets/raw/plantvillage/raw/color/Tomato___Early_blight/4e24576f-00c2-494f-b47b-b2b3885b4749___RS_Erly.B 8279.JPG,4e24576f-00c2-494f-b47b-b2b3885b4749___RS_Erly.B 8279.JPG,Tomato___Early_blight,tomato__fungal__early_blight,tomato,fungal,Early Blight,256,256,3,1.0,RGB,JPEG,15.64,True,
datasets/raw/plantvillage/raw/color/Tomato___Early_blight/6e673a0a-ad79-489d-bd0a-d96479fd81b5___RS_Erly.B 7441.JPG,6e673a0a-ad79-489d-bd0a-d96479fd81b5___RS_Erly.B 7441.JPG,Tomato___Early_blight,tomato__fungal__early_blight,tomato,fungal,Early Blight,256,256,3,1.0,RGB,JPEG,11.82,True,
datasets/raw/plantvillage/raw/color/Tomato___Early_blight/bec8a4aa-dd9c-44db-815a-c760d49a8868___RS_Erly.B 7680.JPG,bec8a4aa-dd9c-44db-815a-c760d49a8868___RS_Erly.B 7680.JPG,Tomato___Early_blight,tomato__fungal__early_blight,tomato,fungal,Early Blight,256,256,3,1.0,RGB,JPEG,15.42,True,
datasets/raw/plantvillage/raw/color/Tomato___Early_blight/fbe86131-6873-460e-880a-6ee8576b6bc9___RS_Erly.B 7551.JPG,fbe86131-6873-460e-880a-6ee8576b6bc9___RS_Erly.B 7551.JPG,Tomato___Early_blight,tomato__fungal__early_blight,tomato,fungal,Early Blight,256,256,3,1.0,RGB,JPEG,12.74,True,
datasets/raw/plantvillage/raw/color/Tomato___Early_blight/0621aab4-b9fd-4012-b0a6-ba72e63cd87d___RS_Erly.B 8220.JPG,0621aab4-b9fd-4012-b0a6-ba72e63cd87d___RS_Erly.B 8220.JPG,Tomato___Early_blight,tomato__fungal__early_blight,tomato,fungal,Early Blight,256,256,3,1.0,RGB,JPEG,16.81,True,
datasets/raw/plantvillage/raw/color/Tomato___Early_blight/62ce29f9-81ea-4616-8562-22a5830b3286___RS_Erly.B 7436.JPG,62ce29f9-81ea-4616-8562-22a5830b3286___RS_Erly.B 7436.JPG,Tomato___Early_blight,tomato__fungal__early_blight,tomato,fungal,Early Blight,256,256,3,1.0,RGB,JPEG,11.76,True,
datasets/raw/plantvillage/raw/color/Tomato___Early_blight/8597694d-3162-40ab-9f5b-e8c7cf03e045___RS_Erly.B 9485.JPG,8597694d-3162-40ab-9f5b-e8c7cf03e045___RS_Erly.B 9485.JPG,Tomato___Early_blight,tomato__fungal__early_blight,tomato,fungal,Early Blight,256,256,3,1.0,RGB,JPEG,17.27,True,
datasets/raw/plantvillage/raw/color/Tomato___Early_blight/e2e1bccc-15ec-47f8-8ee7-d33be16fac07___RS_Erly.B 9523.JPG,e2e1bccc-15ec-47f8-8ee7-d33be16fac07___RS_Erly.B 9523.JPG,Tomato___Early_blight,tomato__fungal__early_blight,tomato,fungal,Early Blight,256,256,3,1.0,RGB,JPEG,11.73,True,
datasets/raw/plantvillage/raw/color/Tomato___Early_blight/1d3d164e-43a9-4e0a-9e4f-9c9abab64d88___RS_Erly.B 7824.JPG,1d3d164e-43a9-4e0a-9e4f-9c9abab64d88___RS_Erly.B 7824.JPG,Tomato___Early_blight,tomato__fungal__early_blight,tomato,fungal,Early Blight,256,256,3,1.0,RGB,JPEG,12.13,True,
datasets/raw/plantvillage/raw/color/Tomato___Early_blight/ea08bf85-06df-41d8-8b09-29feb53cdccf___RS_Erly.B 7486.JPG,ea08bf85-06df-41d8-8b09-29feb53cdccf___RS_Erly.B 7486.JPG,Tomato___Early_blight,tomato__fungal__early_blight,tomato,fungal,Early Blight,256,256,3,1.0,RGB,JPEG,13.22,True,
datasets/raw/plantvillage/raw/color/Tomato___Early_blight/de8d6c32-2b7c-4c2c-a974-9c1c9c30486e___RS_Erly.B 9560.JPG,de8d6c32-2b7c-4c2c-a974-9c1c9c30486e___RS_Erly.B 9560.JPG,Tomato___Early_blight,tomato__fungal__early_blight,tomato,fungal,Early Blight,256,256,3,1.0,RGB,JPEG,13.37,True,
datasets/raw/plantvillage/raw/color/Tomato___Early_blight/4c524fa6-db92-41e1-8d32-84732f78343f___RS_Erly.B 7768.JPG,4c524fa6-db92-41e1-8d32-84732f78343f___RS_Erly.B 7768.JPG,Tomato___Early_blight,tomato__fungal__early_blight,tomato,fungal,Early Blight,256,256,3,1.0,RGB,JPEG,16.36,True,
datasets/raw/plantvillage/raw/color/Tomato___Early_blight/9cb2abac-0c5b-4b49-ad84-d97805de271c___RS_Erly.B 7457.JPG,9cb2abac-0c5b-4b49-ad84-d97805de271c___RS_Erly.B 7457.JPG,Tomato___Early_blight,tomato__fungal__early_blight,tomato,fungal,Early Blight,256,256,3,1.0,RGB,JPEG,14.07,True,
datasets/raw/plantvillage/raw/color/Tomato___Early_blight/fbb79594-419e-4bb7-9afa-6b9c0ba89033___RS_Erly.B 7644.JPG,fbb79594-419e-4bb7-9afa-6b9c0ba89033___RS_Erly.B 7644.JPG,Tomato___Early_blight,tomato__fungal__early_blight,tomato,fungal,Early Blight,256,256,3,1.0,RGB,JPEG,8.69,True,
datasets/raw/plantvillage/raw/color/Tomato___Early_blight/c78c9d19-e83d-4c3b-a690-e6e3b95c979d___RS_Erly.B 9569.JPG,c78c9d19-e83d-4c3b-a690-e6e3b95c979d___RS_Erly.B 9569.JPG,Tomato___Early_blight,tomato__fungal__early_blight,tomato,fungal,Early Blight,256,256,3,1.0,RGB,JPEG,12.59,True,
datasets/raw/plantvillage/raw/color/Tomato___Early_blight/b8421c32-9111-49c0-8e78-f86a9912ece4___RS_Erly.B 7706.JPG,b8421c32-9111-49c0-8e78-f86a9912ece4___RS_Erly.B 7706.JPG,Tomato___Early_blight,tomato__fungal__early_blight,tomato,fungal,Early Blight,256,256,3,1.0,RGB,JPEG,20.33,True,
datasets/raw/plantvillage/raw/color/Tomato___Early_blight/a24d6927-cb21-4d9b-acc1-780ef36cbbf8___RS_Erly.B 7671.JPG,a24d6927-cb21-4d9b-acc1-780ef36cbbf8___RS_Erly.B 7671.JPG,Tomato___Early_blight,tomato__fungal__early_blight,tomato,fungal,Early Blight,256,256,3,1.0,RGB,JPEG,11.63,True,
datasets/raw/plantvillage/raw/color/Tomato___Early_blight/f7beb64a-f8be-46d8-b4ea-637fb71e7509___RS_Erly.B 7711.JPG,f7beb64a-f8be-46d8-b4ea-637fb71e7509___RS_Erly.B 7711.JPG,Tomato___Early_blight,tomato__fungal__early_blight,tomato,fungal,Early Blight,256,256,3,1.0,RGB,JPEG,18.52,True,
datasets/raw/plantvillage/raw/color/Tomato___Early_blight/6ccc0cdb-d420-4bc6-9a1a-d195a0521c19___RS_Erly.B 9437.JPG,6ccc0cdb-d420-4bc6-9a1a-d195a0521c19___RS_Erly.B 9437.JPG,Tomato___Early_blight,tomato__fungal__early_blight,tomato,fungal,Early Blight,256,256,3,1.0,RGB,JPEG,12.43,True,
datasets/raw/plantvillage/raw/color/Tomato___Early_blight/a1d275d1-5405-4829-9328-4225ffe69506___RS_Erly.B 7515.JPG,a1d275d1-5405-4829-9328-4225ffe69506___RS_Erly.B 7515.JPG,Tomato___Early_blight,tomato__fungal__early_blight,tomato,fungal,Early Blight,256,256,3,1.0,RGB,JPEG,11.18,True,
datasets/raw/plantvillage/raw/color/Tomato___Early_blight/55d4f7b2-17d3-4987-92fe-6aff1a8c4f3a___RS_Erly.B 7558.JPG,55d4f7b2-17d3-4987-92fe-6aff1a8c4f3a___RS_Erly.B 7558.JPG,Tomato___Early_blight,tomato__fungal__early_blight,tomato,fungal,Early Blight,256,256,3,1.0,RGB,JPEG,10.65,True,
datasets/raw/plantvillage/raw/color/Tomato___Early_blight/591ec786-c9bb-4054-be3a-055f0dbecbd2___RS_Erly.B 7416.JPG,591ec786-c9bb-4054-be3a-055f0dbecbd2___RS_Erly.B 7416.JPG,Tomato___Early_blight,tomato__fungal__early_blight,tomato,fungal,Early Blight,256,256,3,1.0,RGB,JPEG,10.03,True,
datasets/raw/plantvillage/raw/color/Tomato___Early_blight/d60c253c-b97e-4076-8eac-bae34e1bbdc9___RS_Erly.B 7749.JPG,d60c253c-b97e-4076-8eac-bae34e1bbdc9___RS_Erly.B 7749.JPG,Tomato___Early_blight,tomato__fungal__early_blight,tomato,fungal,Early Blight,256,256,3,1.0,RGB,JPEG,18.94,True,
datasets/raw/plantvillage/raw/color/Tomato___Early_blight/c084fdcc-8347-4e73-be57-e66840ffba28___RS_Erly.B 7787.JPG,c084fdcc-8347-4e73-be57-e66840ffba28___RS_Erly.B 7787.JPG,Tomato___Early_blight,tomato__fungal__early_blight,tomato,fungal,Early Blight,256,256,3,1.0,RGB,JPEG,16.32,True,
datasets/raw/plantvillage/raw/color/Tomato___Early_blight/77b824b4-8d93-44cf-8e8d-b6433fea90b7___RS_Erly.B 6459.JPG,77b824b4-8d93-44cf-8e8d-b6433fea90b7___RS_Erly.B 6459.JPG,Tomato___Early_blight,tomato__fungal__early_blight,tomato,fungal,Early Blight,256,256,3,1.0,RGB,JPEG,15.3,True,
datasets/raw/plantvillage/raw/color/Tomato___Early_blight/49c8f57f-3418-45db-b807-6192c20dfc6a___RS_Erly.B 7784.JPG,49c8f57f-3418-45db-b807-6192c20dfc6a___RS_Erly.B 7784.JPG,Tomato___Early_blight,tomato__fungal__early_blight,tomato,fungal,Early Blight,256,256,3,1.0,RGB,JPEG,16.77,True,
datasets/raw/plantvillage/raw/color/Tomato___Early_blight/467b230b-ca0c-4f44-bf22-3e6e0454d51a___RS_Erly.B 9429.JPG,467b230b-ca0c-4f44-bf22-3e6e0454d51a___RS_Erly.B 9429.JPG,Tomato___Early_blight,tomato__fungal__early_blight,tomato,fungal,Early Blight,256,256,3,1.0,RGB,JPEG,14.46,True,
datasets/raw/plantvillage/raw/color/Tomato___Early_blight/3726eff6-547d-411e-bc00-f8b533d067e3___RS_Erly.B 6494.JPG,3726eff6-547d-411e-bc00-f8b533d067e3___RS_Erly.B 6494.JPG,Tomato___Early_blight,tomato__fungal__early_blight,tomato,fungal,Early Blight,256,256,3,1.0,RGB,JPEG,12.3,True,
datasets/raw/plantvillage/raw/color/Tomato___Early_blight/a28eb895-ef7c-49cc-bc0f-5e01498e5ca2___RS_Erly.B 6463.JPG,a28eb895-ef7c-49cc-bc0f-5e01498e5ca2___RS_Erly.B 6463.JPG,Tomato___Early_blight,tomato__fungal__early_blight,tomato,fungal,Early Blight,256,256,3,1.0,RGB,JPEG,14.25,True,
datasets/raw/plantvillage/raw/color/Tomato___Early_blight/d418610e-e676-4722-b84a-6de973499fa9___RS_Erly.B 9425.JPG,d418610e-e676-4722-b84a-6de973499fa9___RS_Erly.B 9425.JPG,Tomato___Early_blight,tomato__fungal__early_blight,tomato,fungal,Early Blight,256,256,3,1.0,RGB,JPEG,14.62,True,
datasets/raw/plantvillage/raw/color/Tomato___Early_blight/8485290f-ef3b-4011-8ff1-02060013a722___RS_Erly.B 7703.JPG,8485290f-ef3b-4011-8ff1-02060013a722___RS_Erly.B 7703.JPG,Tomato___Early_blight,tomato__fungal__early_blight,tomato,fungal,Early Blight,256,256,3,1.0,RGB,JPEG,15.57,True,
datasets/raw/plantvillage/raw/color/Tomato___Early_blight/aea263ac-87a1-42b7-a3ca-15d69e55204e___RS_Erly.B 9486.JPG,aea263ac-87a1-42b7-a3ca-15d69e55204e___RS_Erly.B 9486.JPG,Tomato___Early_blight,tomato__fungal__early_blight,tomato,fungal,Early Blight,256,256,3,1.0,RGB,JPEG,14.12,True,
datasets/raw/plantvillage/raw/color/Tomato___Early_blight/3d7f5e7a-3149-4bce-8fc3-f0df073d5a73___RS_Erly.B 7518.JPG,3d7f5e7a-3149-4bce-8fc3-f0df073d5a73___RS_Erly.B 7518.JPG,Tomato___Early_blight,tomato__fungal__early_blight,tomato,fungal,Early Blight,256,256,3,1.0,RGB,JPEG,13.19,True,
datasets/raw/plantvillage/raw/color/Tomato___Early_blight/dbbc206a-90ab-4b29-abe0-5613028278be___RS_Erly.B 8409.JPG,dbbc206a-90ab-4b29-abe0-5613028278be___RS_Erly.B 8409.JPG,Tomato___Early_blight,tomato__fungal__early_blight,tomato,fungal,Early Blight,256,256,3,1.0,RGB,JPEG,17.59,True,
datasets/raw/plantvillage/raw/color/Tomato___Early_blight/1e02dbef-ecc2-4c1b-ae5a-b90057505574___RS_Erly.B 9475.JPG,1e02dbef-ecc2-4c1b-ae5a-b90057505574___RS_Erly.B 9475.JPG,Tomato___Early_blight,tomato__fungal__early_blight,tomato,fungal,Early Blight,256,256,3,1.0,RGB,JPEG,12.84,True,
datasets/raw/plantvillage/raw/color/Tomato___Early_blight/cbbd6255-f338-45b2-816d-47903ab67be7___RS_Erly.B 7537.JPG,cbbd6255-f338-45b2-816d-47903ab67be7___RS_Erly.B 7537.JPG,Tomato___Early_blight,tomato__fungal__early_blight,tomato,fungal,Early Blight,256,256,3,1.0,RGB,JPEG,13.15,True,
datasets/raw/plantvillage/raw/color/Tomato___Early_blight/748ed7a9-9044-49d2-943d-8c82a1763c55___RS_Erly.B 8230.JPG,748ed7a9-9044-49d2-943d-8c82a1763c55___RS_Erly.B 8230.JPG,Tomato___Early_blight,tomato__fungal__early_blight,tomato,fungal,Early Blight,256,256,3,1.0,RGB,JPEG,16.9,True,
datasets/raw/plantvillage/raw/color/Tomato___Early_blight/f7682a27-eeb7-4e22-89f0-df8531c5fb8f___RS_Erly.B 7728.JPG,f7682a27-eeb7-4e22-89f0-df8531c5fb8f___RS_Erly.B 7728.JPG,Tomato___Early_blight,tomato__fungal__early_blight,tomato,fungal,Early Blight,256,256,3,1.0,RGB,JPEG,16.41,True,
datasets/raw/plantvillage/raw/color/Tomato___Early_blight/29f5538a-fda9-4040-81c2-02269a45ad68___RS_Erly.B 7670.JPG,29f5538a-fda9-4040-81c2-02269a45ad68___RS_Erly.B 7670.JPG,Tomato___Early_blight,tomato__fungal__early_blight,tomato,fungal,Early Blight,256,256,3,1.0,RGB,JPEG,11.34,True,
datasets/raw/plantvillage/raw/color/Tomato___Early_blight/e221d1fa-e003-44eb-a0b0-57e8fcd73fd3___RS_Erly.B 7571.JPG,e221d1fa-e003-44eb-a0b0-57e8fcd73fd3___RS_Erly.B 7571.JPG,Tomato___Early_blight,tomato__fungal__early_blight,tomato,fungal,Early Blight,256,256,3,1.0,RGB,JPEG,12.03,True,
datasets/raw/plantvillage/raw/color/Tomato___Early_blight/4fd3f0e7-cdd9-4151-8734-5f0ad1f52614___RS_Erly.B 9564.JPG,4fd3f0e7-cdd9-4151-8734-5f0ad1f52614___RS_Erly.B 9564.JPG,Tomato___Early_blight,tomato__fungal__early_blight,tomato,fungal,Early Blight,256,256,3,1.0,RGB,JPEG,11.83,True,
datasets/raw/plantvillage/raw/color/Tomato___Early_blight/db4241a0-d3ee-44c8-aebb-ba1783e47609___RS_Erly.B 7547.JPG,db4241a0-d3ee-44c8-aebb-ba1783e47609___RS_Erly.B 7547.JPG,Tomato___Early_blight,tomato__fungal__early_blight,tomato,fungal,Early Blight,256,256,3,1.0,RGB,JPEG,11.12,True,
datasets/raw/plantvillage/raw/color/Tomato___Early_blight/0f12e22b-49a9-4d9a-84bc-76bb86ed2a14___RS_Erly.B 9572.JPG,0f12e22b-49a9-4d9a-84bc-76bb86ed2a14___RS_Erly.B 9572.JPG,Tomato___Early_blight,tomato__fungal__early_blight,tomato,fungal,Early Blight,256,256,3,1.0,RGB,JPEG,13.56,True,
datasets/raw/plantvillage/raw/color/Tomato___Early_blight/d4d20c99-4cf3-4ecc-95ae-a964560cfeed___RS_Erly.B 9604.JPG,d4d20c99-4cf3-4ecc-95ae-a964560cfeed___RS_Erly.B 9604.JPG,Tomato___Early_blight,tomato__fungal__early_blight,tomato,fungal,Early Blight,256,256,3,1.0,RGB,JPEG,14.42,True,
datasets/raw/plantvillage/raw/color/Tomato___Early_blight/93296d31-4bc2-4998-adce-ec243e940152___RS_Erly.B 7410.JPG,93296d31-4bc2-4998-adce-ec243e940152___RS_Erly.B 7410.JPG,Tomato___Early_blight,tomato__fungal__early_blight,tomato,fungal,Early Blight,256,256,3,1.0,RGB,JPEG,15.53,True,
datasets/raw/plantvillage/raw/color/Tomato___Early_blight/8387d34a-777f-457f-82ed-24856d75f0cc___RS_Erly.B 6394.JPG,8387d34a-777f-457f-82ed-24856d75f0cc___RS_Erly.B 6394.JPG,Tomato___Early_blight,tomato__fungal__early_blight,tomato,fungal,Early Blight,256,256,3,1.0,RGB,JPEG,15.58,True,
datasets/raw/plantvillage/raw/color/Tomato___Early_blight/3d9a4538-4797-45fe-8cff-104237e19368___RS_Erly.B 7729.JPG,3d9a4538-4797-45fe-8cff-104237e19368___RS_Erly.B 7729.JPG,Tomato___Early_blight,tomato__fungal__early_blight,tomato,fungal,Early Blight,256,256,3,1.0,RGB,JPEG,20.11,True,
datasets/raw/plantvillage/raw/color/Tomato___Early_blight/c581e384-d3bd-4a55-a03a-761ebe1e4895___RS_Erly.B 7567.JPG,c581e384-d3bd-4a55-a03a-761ebe1e4895___RS_Erly.B 7567.JPG,Tomato___Early_blight,tomato__fungal__early_blight,tomato,fungal,Early Blight,256,256,3,1.0,RGB,JPEG,11.02,True,
datasets/raw/plantvillage/raw/color/Tomato___Early_blight/a4bf3663-8d32-49e7-8394-cd0d29531704___RS_Erly.B 9465.JPG,a4bf3663-8d32-49e7-8394-cd0d29531704___RS_Erly.B 9465.JPG,Tomato___Early_blight,tomato__fungal__early_blight,tomato,fungal,Early Blight,256,256,3,1.0,RGB,JPEG,15.93,True,
datasets/raw/plantvillage/raw/color/Tomato___Early_blight/8eba4e89-f5bf-45d4-be9b-30dfde83f538___RS_Erly.B 7586.JPG,8eba4e89-f5bf-45d4-be9b-30dfde83f538___RS_Erly.B 7586.JPG,Tomato___Early_blight,tomato__fungal__early_blight,tomato,fungal,Early Blight,256,256,3,1.0,RGB,JPEG,12.26,True,
datasets/raw/plantvillage/raw/color/Tomato___Early_blight/8c9b351b-520c-46f9-960f-8850386e54ab___RS_Erly.B 7677.JPG,8c9b351b-520c-46f9-960f-8850386e54ab___RS_Erly.B 7677.JPG,Tomato___Early_blight,tomato__fungal__early_blight,tomato,fungal,Early Blight,256,256,3,1.0,RGB,JPEG,19.08,True,
datasets/raw/plantvillage/raw/color/Tomato___Early_blight/605ce000-1122-45ae-8742-93a7de8c712c___RS_Erly.B 7627.JPG,605ce000-1122-45ae-8742-93a7de8c712c___RS_Erly.B 7627.JPG,Tomato___Early_blight,tomato__fungal__early_blight,tomato,fungal,Early Blight,256,256,3,1.0,RGB,JPEG,11.42,True,
datasets/raw/plantvillage/raw/color/Tomato___Early_blight/4f4ef45f-80b4-4fde-b052-f932d2b5a9f3___RS_Erly.B 9410.JPG,4f4ef45f-80b4-4fde-b052-f932d2b5a9f3___RS_Erly.B 9410.JPG,Tomato___Early_blight,tomato__fungal__early_blight,tomato,fungal,Early Blight,256,256,3,1.0,RGB,JPEG,19.07,True,
datasets/raw/plantvillage/raw/color/Tomato___Early_blight/58268d35-a896-406d-9686-5f2f2b9a5b10___RS_Erly.B 7433.JPG,58268d35-a896-406d-9686-5f2f2b9a5b10___RS_Erly.B 7433.JPG,Tomato___Early_blight,tomato__fungal__early_blight,tomato,fungal,Early Blight,256,256,3,1.0,RGB,JPEG,14.96,True,
datasets/raw/plantvillage/raw/color/Tomato___Early_blight/3537d467-9926-49dc-8d11-74a76b196354___RS_Erly.B 7665.JPG,3537d467-9926-49dc-8d11-74a76b196354___RS_Erly.B 7665.JPG,Tomato___Early_blight,tomato__fungal__early_blight,tomato,fungal,Early Blight,256,256,3,1.0,RGB,JPEG,11.43,True,
datasets/raw/plantvillage/raw/color/Tomato___Early_blight/48160d05-d3e5-44bb-810e-18d08407b529___RS_Erly.B 9606.JPG,48160d05-d3e5-44bb-810e-18d08407b529___RS_Erly.B 9606.JPG,Tomato___Early_blight,tomato__fungal__early_blight,tomato,fungal,Early Blight,256,256,3,1.0,RGB,JPEG,14.06,True,
datasets/raw/plantvillage/raw/color/Tomato___Early_blight/5a05e4e9-74d1-40a8-aca2-dc3500ef5fbc___RS_Erly.B 9489.JPG,5a05e4e9-74d1-40a8-aca2-dc3500ef5fbc___RS_Erly.B 9489.JPG,Tomato___Early_blight,tomato__fungal__early_blight,tomato,fungal,Early Blight,256,256,3,1.0,RGB,JPEG,17.21,True,
datasets/raw/plantvillage/raw/color/Tomato___Early_blight/76e4e737-6526-4007-923f-5b6c1e9951ed___RS_Erly.B 7759.JPG,76e4e737-6526-4007-923f-5b6c1e9951ed___RS_Erly.B 7759.JPG,Tomato___Early_blight,tomato__fungal__early_blight,tomato,fungal,Early Blight,256,256,3,1.0,RGB,JPEG,14.66,True,
datasets/raw/plantvillage/raw/color/Tomato___Early_blight/01f87f04-ff38-4aba-b7d1-587aa06e5282___RS_Erly.B 7851.JPG,01f87f04-ff38-4aba-b7d1-587aa06e5282___RS_Erly.B 7851.JPG,Tomato___Early_blight,tomato__fungal__early_blight,tomato,fungal,Early Blight,256,256,3,1.0,RGB,JPEG,15.42,True,
datasets/raw/plantvillage/raw/color/Tomato___Early_blight/e9e56650-8172-4a98-8100-72e79a3a5858___RS_Erly.B 7481.JPG,e9e56650-8172-4a98-8100-72e79a3a5858___RS_Erly.B 7481.JPG,Tomato___Early_blight,tomato__fungal__early_blight,tomato,fungal,Early Blight,256,256,3,1.0,RGB,JPEG,13.36,True,
datasets/raw/plantvillage/raw/color/Tomato___Early_blight/944646f0-3c8f-482b-8009-64d5fad8cdd7___RS_Erly.B 7468.JPG,944646f0-3c8f-482b-8009-64d5fad8cdd7___RS_Erly.B 7468.JPG,Tomato___Early_blight,tomato__fungal__early_blight,tomato,fungal,Early Blight,256,256,3,1.0,RGB,JPEG,10.62,True,
datasets/raw/plantvillage/raw/color/Tomato___Early_blight/ac6a9426-691d-46f4-941a-6637659bbbf7___RS_Erly.B 9394.JPG,ac6a9426-691d-46f4-941a-6637659bbbf7___RS_Erly.B 9394.JPG,Tomato___Early_blight,tomato__fungal__early_blight,tomato,fungal,Early Blight,256,256,3,1.0,RGB,JPEG,17.14,True,
datasets/raw/plantvillage/raw/color/Tomato___Early_blight/30542417-544f-4bd5-9fa6-bdeb844c11a4___RS_Erly.B 6454.JPG,30542417-544f-4bd5-9fa6-bdeb844c11a4___RS_Erly.B 6454.JPG,Tomato___Early_blight,tomato__fungal__early_blight,tomato,fungal,Early Blight,256,256,3,1.0,RGB,JPEG,12.75,True,
datasets/raw/plantvillage/raw/color/Tomato___Early_blight/b0f9d534-0c29-4185-bdd1-43b83dc586f8___RS_Erly.B 6453.JPG,b0f9d534-0c29-4185-bdd1-43b83dc586f8___RS_Erly.B 6453.JPG,Tomato___Early_blight,tomato__fungal__early_blight,tomato,fungal,Early Blight,256,256,3,1.0,RGB,JPEG,11.93,True,
datasets/raw/plantvillage/raw/color/Tomato___Early_blight/a6041f09-68f2-4865-ad78-81018617d2c4___RS_Erly.B 6450.JPG,a6041f09-68f2-4865-ad78-81018617d2c4___RS_Erly.B 6450.JPG,Tomato___Early_blight,tomato__fungal__early_blight,tomato,fungal,Early Blight,256,256,3,1.0,RGB,JPEG,14.23,True,
datasets/raw/plantvillage/raw/color/Tomato___Early_blight/18d8f15c-4948-4506-ae09-54169f95cf36___RS_Erly.B 7496.JPG,18d8f15c-4948-4506-ae09-54169f95cf36___RS_Erly.B 7496.JPG,Tomato___Early_blight,tomato__fungal__early_blight,tomato,fungal,Early Blight,256,256,3,1.0,RGB,JPEG,15.71,True,
datasets/raw/plantvillage/raw/color/Tomato___Early_blight/762585ed-e09c-43c8-8297-8b6ef503ecb0___RS_Erly.B 7420.JPG,762585ed-e09c-43c8-8297-8b6ef503ecb0___RS_Erly.B 7420.JPG,Tomato___Early_blight,tomato__fungal__early_blight,tomato,fungal,Early Blight,256,256,3,1.0,RGB,JPEG,11.07,True,
datasets/raw/plantvillage/raw/color/Tomato___Early_blight/248f220e-56ac-43f1-8f17-641ed4637138___RS_Erly.B 7802.JPG,248f220e-56ac-43f1-8f17-641ed4637138___RS_Erly.B 7802.JPG,Tomato___Early_blight,tomato__fungal__early_blight,tomato,fungal,Early Blight,256,256,3,1.0,RGB,JPEG,22.31,True,
datasets/raw/plantvillage/raw/color/Tomato___Early_blight/345b59b4-87fd-43a2-9783-fed3e492c4d7___RS_Erly.B 7402.JPG,345b59b4-87fd-43a2-9783-fed3e492c4d7___RS_Erly.B 7402.JPG,Tomato___Early_blight,tomato__fungal__early_blight,tomato,fungal,Early Blight,256,256,3,1.0,RGB,JPEG,12.55,True,
datasets/raw/plantvillage/raw/color/Tomato___Early_blight/22742bf8-7e7f-41cc-bf74-5fe80d6cf0cd___RS_Erly.B 6370.JPG,22742bf8-7e7f-41cc-bf74-5fe80d6cf0cd___RS_Erly.B 6370.JPG,Tomato___Early_blight,tomato__fungal__early_blight,tomato,fungal,Early Blight,256,256,3,1.0,RGB,JPEG,12.71,True,
datasets/raw/plantvillage/raw/color/Tomato___Early_blight/71eb9b0a-a7ea-47a0-8108-71949d74e22d___RS_Erly.B 7557.JPG,71eb9b0a-a7ea-47a0-8108-71949d74e22d___RS_Erly.B 7557.JPG,Tomato___Early_blight,tomato__fungal__early_blight,tomato,fungal,Early Blight,256,256,3,1.0,RGB,JPEG,13.39,True,
datasets/raw/plantvillage/raw/color/Tomato___Early_blight/3a634ad7-1119-4ea1-9268-bedc8308fdc8___RS_Erly.B 7841.JPG,3a634ad7-1119-4ea1-9268-bedc8308fdc8___RS_Erly.B 7841.JPG,Tomato___Early_blight,tomato__fungal__early_blight,tomato,fungal,Early Blight,256,256,3,1.0,RGB,JPEG,22.35,True,
datasets/raw/plantvillage/raw/color/Tomato___Early_blight/113562f3-fe24-4b28-9ec8-7ca432bded47___RS_Erly.B 9402.JPG,113562f3-fe24-4b28-9ec8-7ca432bded47___RS_Erly.B 9402.JPG,Tomato___Early_blight,tomato__fungal__early_blight,tomato,fungal,Early Blight,256,256,3,1.0,RGB,JPEG,13.85,True,
datasets/raw/plantvillage/raw/color/Tomato___Early_blight/05fab431-cc13-4d6d-b4e1-912e0059c7c1___RS_Erly.B 8349.JPG,05fab431-cc13-4d6d-b4e1-912e0059c7c1___RS_Erly.B 8349.JPG,Tomato___Early_blight,tomato__fungal__early_blight,tomato,fungal,Early Blight,256,256,3,1.0,RGB,JPEG,16.9,True,
datasets/raw/plantvillage/raw/color/Tomato___Early_blight/1c29bc72-967e-46df-844b-467c95b298a3___RS_Erly.B 9549.JPG,1c29bc72-967e-46df-844b-467c95b298a3___RS_Erly.B 9549.JPG,Tomato___Early_blight,tomato__fungal__early_blight,tomato,fungal,Early Blight,256,256,3,1.0,RGB,JPEG,12.29,True,
datasets/raw/plantvillage/raw/color/Tomato___Early_blight/5592a349-b19a-4fe8-a131-a89bbae8b655___RS_Erly.B 7474.JPG,5592a349-b19a-4fe8-a131-a89bbae8b655___RS_Erly.B 7474.JPG,Tomato___Early_blight,tomato__fungal__early_blight,tomato,fungal,Early Blight,256,256,3,1.0,RGB,JPEG,13.03,True,
datasets/raw/plantvillage/raw/color/Tomato___Early_blight/7b962f23-1e0e-4c28-b741-d21c51ab6d4b___RS_Erly.B 7835.JPG,7b962f23-1e0e-4c28-b741-d21c51ab6d4b___RS_Erly.B 7835.JPG,Tomato___Early_blight,tomato__fungal__early_blight,tomato,fungal,Early Blight,256,256,3,1.0,RGB,JPEG,16.75,True,
datasets/raw/plantvillage/raw/color/Tomato___Early_blight/b24f8f98-4bfe-4605-85f5-738fc09e58fe___RS_Erly.B 6406.JPG,b24f8f98-4bfe-4605-85f5-738fc09e58fe___RS_Erly.B 6406.JPG,Tomato___Early_blight,tomato__fungal__early_blight,tomato,fungal,Early Blight,256,256,3,1.0,RGB,JPEG,15.23,True,
datasets/raw/plantvillage/raw/color/Tomato___Early_blight/b81b4276-e0c9-460a-ab94-79b6a5d0f2d6___RS_Erly.B 7538.JPG,b81b4276-e0c9-460a-ab94-79b6a5d0f2d6___RS_Erly.B 7538.JPG,Tomato___Early_blight,tomato__fungal__early_blight,tomato,fungal,Early Blight,256,256,3,1.0,RGB,JPEG,13.8,True,
datasets/raw/plantvillage/raw/color/Tomato___Early_blight/2f3c483a-b18d-4571-8c00-fb24f166d328___RS_Erly.B 7667.JPG,2f3c483a-b18d-4571-8c00-fb24f166d328___RS_Erly.B 7667.JPG,Tomato___Early_blight,tomato__fungal__early_blight,tomato,fungal,Early Blight,256,256,3,1.0,RGB,JPEG,13.13,True,
datasets/raw/plantvillage/raw/color/Tomato___Early_blight/1e671658-3463-4a38-8b6a-e2867aeeda10___RS_Erly.B 6359.JPG,1e671658-3463-4a38-8b6a-e2867aeeda10___RS_Erly.B 6359.JPG,Tomato___Early_blight,tomato__fungal__early_blight,tomato,fungal,Early Blight,256,256,3,1.0,RGB,JPEG,12.22,True,
datasets/raw/plantvillage/raw/color/Tomato___Early_blight/de96e7a2-6de3-4699-9680-9eb4d4e215c8___RS_Erly.B 9445.JPG,de96e7a2-6de3-4699-9680-9eb4d4e215c8___RS_Erly.B 9445.JPG,Tomato___Early_blight,tomato__fungal__early_blight,tomato,fungal,Early Blight,256,256,3,1.0,RGB,JPEG,9.85,True,
datasets/raw/plantvillage/raw/color/Tomato___Early_blight/0f111718-a749-42cf-9495-412f4b51acf0___RS_Erly.B 7482.JPG,0f111718-a749-42cf-9495-412f4b51acf0___RS_Erly.B 7482.JPG,Tomato___Early_blight,tomato__fungal__early_blight,tomato,fungal,Early Blight,256,256,3,1.0,RGB,JPEG,11.9,True,
datasets/raw/plantvillage/raw/color/Tomato___Early_blight/676eb874-87e8-4f5d-bd38-013799c31996___RS_Erly.B 6458.JPG,676eb874-87e8-4f5d-bd38-013799c31996___RS_Erly.B 6458.JPG,Tomato___Early_blight,tomato__fungal__early_blight,tomato,fungal,Early Blight,256,256,3,1.0,RGB,JPEG,15.02,True,
datasets/raw/plantvillage/raw/color/Tomato___Early_blight/4845b02b-1b59-454b-8aae-c4df6c02cbd8___RS_Erly.B 7660.JPG,4845b02b-1b59-454b-8aae-c4df6c02cbd8___RS_Erly.B 7660.JPG,Tomato___Early_blight,tomato__fungal__early_blight,tomato,fungal,Early Blight,256,256,3,1.0,RGB,JPEG,13.03,True,
datasets/raw/plantvillage/raw/color/Tomato___Early_blight/ac04851f-ae27-4dc8-9ccf-d23e5a56d6f3___RS_Erly.B 9587.JPG,ac04851f-ae27-4dc8-9ccf-d23e5a56d6f3___RS_Erly.B 9587.JPG,Tomato___Early_blight,tomato__fungal__early_blight,tomato,fungal,Early Blight,256,256,3,1.0,RGB,JPEG,14.18,True,
datasets/raw/plantvillage/raw/color/Tomato___Early_blight/5ac465b8-86c9-469a-a656-add4ab1f14e4___RS_Erly.B 6473.JPG,5ac465b8-86c9-469a-a656-add4ab1f14e4___RS_Erly.B 6473.JPG,Tomato___Early_blight,tomato__fungal__early_blight,tomato,fungal,Early Blight,256,256,3,1.0,RGB,JPEG,12.6,True,
datasets/raw/plantvillage/raw/color/Tomato___Early_blight/a2ec9710-99ea-4dc5-a88c-69974e0557dc___RS_Erly.B 9412.JPG,a2ec9710-99ea-4dc5-a88c-69974e0557dc___RS_Erly.B 9412.JPG,Tomato___Early_blight,tomato__fungal__early_blight,tomato,fungal,Early Blight,256,256,3,1.0,RGB,JPEG,18.84,True,
datasets/raw/plantvillage/raw/color/Tomato___Early_blight/ab6d16d4-8426-472d-9644-61609392cd6a___RS_Erly.B 7628.JPG,ab6d16d4-8426-472d-9644-61609392cd6a___RS_Erly.B 7628.JPG,Tomato___Early_blight,tomato__fungal__early_blight,tomato,fungal,Early Blight,256,256,3,1.0,RGB,JPEG,9.39,True,
datasets/raw/plantvillage/raw/color/Tomato___Early_blight/5b71fe03-84fc-4866-9bf8-e557ce918c6e___RS_Erly.B 9580.JPG,5b71fe03-84fc-4866-9bf8-e557ce918c6e___RS_Erly.B 9580.JPG,Tomato___Early_blight,tomato__fungal__early_blight,tomato,fungal,Early Blight,256,256,3,1.0,RGB,JPEG,13.33,True,
datasets/raw/plantvillage/raw/color/Tomato___Early_blight/c7005da5-2322-44e9-aceb-c6abe348f98c___RS_Erly.B 6490.JPG,c7005da5-2322-44e9-aceb-c6abe348f98c___RS_Erly.B 6490.JPG,Tomato___Early_blight,tomato__fungal__early_blight,tomato,fungal,Early Blight,256,256,3,1.0,RGB,JPEG,14.16,True,
datasets/raw/plantvillage/raw/color/Tomato___Early_blight/ba789eab-7c04-4012-b8fa-98106b20b50c___RS_Erly.B 7771.JPG,ba789eab-7c04-4012-b8fa-98106b20b50c___RS_Erly.B 7771.JPG,Tomato___Early_blight,tomato__fungal__early_blight,tomato,fungal,Early Blight,256,256,3,1.0,RGB,JPEG,17.46,True,
datasets/raw/plantvillage/raw/color/Tomato___Early_blight/6f8ac19d-d97f-47ee-8ad4-bb53ab7984a0___RS_Erly.B 7786.JPG,6f8ac19d-d97f-47ee-8ad4-bb53ab7984a0___RS_Erly.B 7786.JPG,Tomato___Early_blight,tomato__fungal__early_blight,tomato,fungal,Early Blight,256,256,3,1.0,RGB,JPEG,19.85,True,
datasets/raw/plantvillage/raw/color/Tomato___Early_blight/484250ea-cc2c-4614-bee8-7f24007e00ac___RS_Erly.B 9463.JPG,484250ea-cc2c-4614-bee8-7f24007e00ac___RS_Erly.B 9463.JPG,Tomato___Early_blight,tomato__fungal__early_blight,tomato,fungal,Early Blight,256,256,3,1.0,RGB,JPEG,14.12,True,
datasets/raw/plantvillage/raw/color/Tomato___Early_blight/36c17d6d-9e00-4e7c-bf14-eaadb64b508d___RS_Erly.B 7641.JPG,36c17d6d-9e00-4e7c-bf14-eaadb64b508d___RS_Erly.B 7641.JPG,Tomato___Early_blight,tomato__fungal__early_blight,tomato,fungal,Early Blight,256,256,3,1.0,RGB,JPEG,13.06,True,
datasets/raw/plantvillage/raw/color/Tomato___Early_blight/5ac54e63-40a4-4651-a900-fd3ab4d32bae___RS_Erly.B 7727.JPG,5ac54e63-40a4-4651-a900-fd3ab4d32bae___RS_Erly.B 7727.JPG,Tomato___Early_blight,tomato__fungal__early_blight,tomato,fungal,Early Blight,256,256,3,1.0,RGB,JPEG,17.35,True,
datasets/raw/plantvillage/raw/color/Tomato___Early_blight/ba19f779-d0cf-4bc7-88df-96e6080fdc96___RS_Erly.B 7599.JPG,ba19f779-d0cf-4bc7-88df-96e6080fdc96___RS_Erly.B 7599.JPG,Tomato___Early_blight,tomato__fungal__early_blight,tomato,fungal,Early Blight,256,256,3,1.0,RGB,JPEG,13.05,True,
datasets/raw/plantvillage/raw/color/Tomato___Early_blight/a442ef7e-3c93-45d9-85c0-5fa66fe32bb8___RS_Erly.B 7504.JPG,a442ef7e-3c93-45d9-85c0-5fa66fe32bb8___RS_Erly.B 7504.JPG,Tomato___Early_blight,tomato__fungal__early_blight,tomato,fungal,Early Blight,256,256,3,1.0,RGB,JPEG,9.58,True,
datasets/raw/plantvillage/raw/color/Tomato___Early_blight/121b3f84-70ed-4d1c-882c-d3204e2af046___RS_Erly.B 8421.JPG,121b3f84-70ed-4d1c-882c-d3204e2af046___RS_Erly.B 8421.JPG,Tomato___Early_blight,tomato__fungal__early_blight,tomato,fungal,Early Blight,256,256,3,1.0,RGB,JPEG,16.76,True,
datasets/raw/plantvillage/raw/color/Tomato___Early_blight/d529889a-662a-4321-9bd8-888244d50af8___RS_Erly.B 8381.JPG,d529889a-662a-4321-9bd8-888244d50af8___RS_Erly.B 8381.JPG,Tomato___Early_blight,tomato__fungal__early_blight,tomato,fungal,Early Blight,256,256,3,1.0,RGB,JPEG,18.4,True,
datasets/raw/plantvillage/raw/color/Tomato___Early_blight/809042e0-7587-4a45-93e8-e166c07a55ec___RS_Erly.B 7692.JPG,809042e0-7587-4a45-93e8-e166c07a55ec___RS_Erly.B 7692.JPG,Tomato___Early_blight,tomato__fungal__early_blight,tomato,fungal,Early Blight,256,256,3,1.0,RGB,JPEG,15.46,True,
datasets/raw/plantvillage/raw/color/Tomato___Early_blight/eb94014e-83b7-46a4-9b1a-7cae23876302___RS_Erly.B 7471.JPG,eb94014e-83b7-46a4-9b1a-7cae23876302___RS_Erly.B 7471.JPG,Tomato___Early_blight,tomato__fungal__early_blight,tomato,fungal,Early Blight,256,256,3,1.0,RGB,JPEG,14.29,True,
datasets/raw/plantvillage/raw/color/Tomato___Early_blight/90b9c783-480b-4f9b-a97a-d632f60a8f24___RS_Erly.B 9566.JPG,90b9c783-480b-4f9b-a97a-d632f60a8f24___RS_Erly.B 9566.JPG,Tomato___Early_blight,tomato__fungal__early_blight,tomato,fungal,Early Blight,256,256,3,1.0,RGB,JPEG,11.54,True,
datasets/raw/plantvillage/raw/color/Tomato___Early_blight/10e7dcfd-2cbc-4623-ba9f-94f0e2e4fe13___RS_Erly.B 7648.JPG,10e7dcfd-2cbc-4623-ba9f-94f0e2e4fe13___RS_Erly.B 7648.JPG,Tomato___Early_blight,tomato__fungal__early_blight,tomato,fungal,Early Blight,256,256,3,1.0,RGB,JPEG,10.32,True,
datasets/raw/plantvillage/raw/color/Tomato___Early_blight/71ec70cc-dfa7-4798-8970-80edfa6435f2___RS_Erly.B 7484.JPG,71ec70cc-dfa7-4798-8970-80edfa6435f2___RS_Erly.B 7484.JPG,Tomato___Early_blight,tomato__fungal__early_blight,tomato,fungal,Early Blight,256,256,3,1.0,RGB,JPEG,16.73,True,
datasets/raw/plantvillage/raw/color/Tomato___Early_blight/389a93c4-2ea1-4df5-94c6-01ea8ad856db___RS_Erly.B 7720.JPG,389a93c4-2ea1-4df5-94c6-01ea8ad856db___RS_Erly.B 7720.JPG,Tomato___Early_blight,tomato__fungal__early_blight,tomato,fungal,Early Blight,256,256,3,1.0,RGB,JPEG,14.98,True,
datasets/raw/plantvillage/raw/color/Tomato___Early_blight/546af1f7-3d4f-4024-88b1-f981fea7f2dd___RS_Erly.B 9455.JPG,546af1f7-3d4f-4024-88b1-f981fea7f2dd___RS_Erly.B 9455.JPG,Tomato___Early_blight,tomato__fungal__early_blight,tomato,fungal,Early Blight,256,256,3,1.0,RGB,JPEG,16.4,True,
datasets/raw/plantvillage/raw/color/Tomato___Early_blight/be03b7aa-4c59-4ea9-b3cc-33a93a34b402___RS_Erly.B 7742.JPG,be03b7aa-4c59-4ea9-b3cc-33a93a34b402___RS_Erly.B 7742.JPG,Tomato___Early_blight,tomato__fungal__early_blight,tomato,fungal,Early Blight,256,256,3,1.0,RGB,JPEG,22.63,True,
datasets/raw/plantvillage/raw/color/Tomato___Early_blight/503785a3-9eaa-4887-b832-2288f747624a___RS_Erly.B 7636.JPG,503785a3-9eaa-4887-b832-2288f747624a___RS_Erly.B 7636.JPG,Tomato___Early_blight,tomato__fungal__early_blight,tomato,fungal,Early Blight,256,256,3,1.0,RGB,JPEG,13.79,True,
datasets/raw/plantvillage/raw/color/Tomato___Early_blight/cc822ace-0411-4ff9-b040-3670031c6467___RS_Erly.B 7553.JPG,cc822ace-0411-4ff9-b040-3670031c6467___RS_Erly.B 7553.JPG,Tomato___Early_blight,tomato__fungal__early_blight,tomato,fungal,Early Blight,256,256,3,1.0,RGB,JPEG,13.22,True,
datasets/raw/plantvillage/raw/color/Tomato___Early_blight/eaaea397-5e49-47e8-adad-f9a17e1cce65___RS_Erly.B 6487.JPG,eaaea397-5e49-47e8-adad-f9a17e1cce65___RS_Erly.B 6487.JPG,Tomato___Early_blight,tomato__fungal__early_blight,tomato,fungal,Early Blight,256,256,3,1.0,RGB,JPEG,14.82,True,
datasets/raw/plantvillage/raw/color/Tomato___Early_blight/6873f362-d13b-41f7-a44d-da51875e46f1___RS_Erly.B 9436.JPG,6873f362-d13b-41f7-a44d-da51875e46f1___RS_Erly.B 9436.JPG,Tomato___Early_blight,tomato__fungal__early_blight,tomato,fungal,Early Blight,256,256,3,1.0,RGB,JPEG,14.29,True,
datasets/raw/plantvillage/raw/color/Tomato___Early_blight/6043e8e3-0ab2-4b30-b125-e2a26123b487___RS_Erly.B 8307.JPG,6043e8e3-0ab2-4b30-b125-e2a26123b487___RS_Erly.B 8307.JPG,Tomato___Early_blight,tomato__fungal__early_blight,tomato,fungal,Early Blight,256,256,3,1.0,RGB,JPEG,17.75,True,
datasets/raw/plantvillage/raw/color/Tomato___Early_blight/45d27217-fbb3-4b74-93e7-d84f70b784f8___RS_Erly.B 7713.JPG,45d27217-fbb3-4b74-93e7-d84f70b784f8___RS_Erly.B 7713.JPG,Tomato___Early_blight,tomato__fungal__early_blight,tomato,fungal,Early Blight,256,256,3,1.0,RGB,JPEG,13.58,True,
datasets/raw/plantvillage/raw/color/Tomato___Early_blight/f0dfdada-f425-46d7-8cf3-2957850b5a2e___RS_Erly.B 9466.JPG,f0dfdada-f425-46d7-8cf3-2957850b5a2e___RS_Erly.B 9466.JPG,Tomato___Early_blight,tomato__fungal__early_blight,tomato,fungal,Early Blight,256,256,3,1.0,RGB,JPEG,15.49,True,
datasets/raw/plantvillage/raw/color/Tomato___Early_blight/6ceca8a9-a257-4238-a779-bdb0dccc528e___RS_Erly.B 7604.JPG,6ceca8a9-a257-4238-a779-bdb0dccc528e___RS_Erly.B 7604.JPG,Tomato___Early_blight,tomato__fungal__early_blight,tomato,fungal,Early Blight,256,256,3,1.0,RGB,JPEG,12.97,True,
datasets/raw/plantvillage/raw/color/Tomato___Early_blight/afc527c5-c9b2-478b-8df0-ff66767191df___RS_Erly.B 7473.JPG,afc527c5-c9b2-478b-8df0-ff66767191df___RS_Erly.B 7473.JPG,Tomato___Early_blight,tomato__fungal__early_blight,tomato,fungal,Early Blight,256,256,3,1.0,RGB,JPEG,11.88,True,
datasets/raw/plantvillage/raw/color/Tomato___Early_blight/b857a91a-c6e2-4d47-a025-5a5c3254e0a2___RS_Erly.B 7662.JPG,b857a91a-c6e2-4d47-a025-5a5c3254e0a2___RS_Erly.B 7662.JPG,Tomato___Early_blight,tomato__fungal__early_blight,tomato,fungal,Early Blight,256,256,3,1.0,RGB,JPEG,13.47,True,
datasets/raw/plantvillage/raw/color/Tomato___Early_blight/a9a349e8-bf20-4495-8db5-70ca9293608d___RS_Erly.B 7367.JPG,a9a349e8-bf20-4495-8db5-70ca9293608d___RS_Erly.B 7367.JPG,Tomato___Early_blight,tomato__fungal__early_blight,tomato,fungal,Early Blight,256,256,3,1.0,RGB,JPEG,15.92,True,
datasets/raw/plantvillage/raw/color/Tomato___Early_blight/b868515e-a566-4b0b-9633-30203270943f___RS_Erly.B 9401.JPG,b868515e-a566-4b0b-9633-30203270943f___RS_Erly.B 9401.JPG,Tomato___Early_blight,tomato__fungal__early_blight,tomato,fungal,Early Blight,256,256,3,1.0,RGB,JPEG,17.04,True,
datasets/raw/plantvillage/raw/color/Tomato___Early_blight/b2b63d7c-d8f7-44ff-b53e-6214ddbed5d9___RS_Erly.B 9509.JPG,b2b63d7c-d8f7-44ff-b53e-6214ddbed5d9___RS_Erly.B 9509.JPG,Tomato___Early_blight,tomato__fungal__early_blight,tomato,fungal,Early Blight,256,256,3,1.0,RGB,JPEG,16.7,True,
datasets/raw/plantvillage/raw/color/Tomato___Early_blight/1de17623-e625-4a3a-91e8-64973e6d09fd___RS_Erly.B 9577.JPG,1de17623-e625-4a3a-91e8-64973e6d09fd___RS_Erly.B 9577.JPG,Tomato___Early_blight,tomato__fungal__early_blight,tomato,fungal,Early Blight,256,256,3,1.0,RGB,JPEG,12.71,True,
datasets/raw/plantvillage/raw/color/Tomato___Early_blight/32e59188-5c46-4369-8991-5acfa253263b___RS_Erly.B 7781.JPG,32e59188-5c46-4369-8991-5acfa253263b___RS_Erly.B 7781.JPG,Tomato___Early_blight,tomato__fungal__early_blight,tomato,fungal,Early Blight,256,256,3,1.0,RGB,JPEG,19.31,True,
datasets/raw/plantvillage/raw/color/Tomato___Early_blight/62b8d81a-906b-4885-8b2d-e317d7bdd705___RS_Erly.B 7832.JPG,62b8d81a-906b-4885-8b2d-e317d7bdd705___RS_Erly.B 7832.JPG,Tomato___Early_blight,tomato__fungal__early_blight,tomato,fungal,Early Blight,256,256,3,1.0,RGB,JPEG,16.14,True,
datasets/raw/plantvillage/raw/color/Tomato___Early_blight/ef1bea6d-41dd-4f88-9a5e-854abf1a5101___RS_Erly.B 9539.JPG,ef1bea6d-41dd-4f88-9a5e-854abf1a5101___RS_Erly.B 9539.JPG,Tomato___Early_blight,tomato__fungal__early_blight,tomato,fungal,Early Blight,256,256,3,1.0,RGB,JPEG,14.25,True,
datasets/raw/plantvillage/raw/color/Tomato___Early_blight/a7782a03-c8c5-459a-af4c-fbca70cea302___RS_Erly.B 8303.JPG,a7782a03-c8c5-459a-af4c-fbca70cea302___RS_Erly.B 8303.JPG,Tomato___Early_blight,tomato__fungal__early_blight,tomato,fungal,Early Blight,256,256,3,1.0,RGB,JPEG,17.07,True,
datasets/raw/plantvillage/raw/color/Tomato___Early_blight/cfe67544-6d8c-48e5-af01-51732c571cb5___RS_Erly.B 8291.JPG,cfe67544-6d8c-48e5-af01-51732c571cb5___RS_Erly.B 8291.JPG,Tomato___Early_blight,tomato__fungal__early_blight,tomato,fungal,Early Blight,256,256,3,1.0,RGB,JPEG,15.62,True,
datasets/raw/plantvillage/raw/color/Tomato___Early_blight/5bbfc062-042e-4929-98ba-fd034a03092d___RS_Erly.B 7581.JPG,5bbfc062-042e-4929-98ba-fd034a03092d___RS_Erly.B 7581.JPG,Tomato___Early_blight,tomato__fungal__early_blight,tomato,fungal,Early Blight,256,256,3,1.0,RGB,JPEG,12.14,True,
datasets/raw/plantvillage/raw/color/Tomato___Early_blight/f9095543-43a8-4dac-8d06-041203fa5af5___RS_Erly.B 6435.JPG,f9095543-43a8-4dac-8d06-041203fa5af5___RS_Erly.B 6435.JPG,Tomato___Early_blight,tomato__fungal__early_blight,tomato,fungal,Early Blight,256,256,3,1.0,RGB,JPEG,11.67,True,
datasets/raw/plantvillage/raw/color/Tomato___Early_blight/394ebb8a-49b8-4122-bd81-f3c862491db9___RS_Erly.B 7513.JPG,394ebb8a-49b8-4122-bd81-f3c862491db9___RS_Erly.B 7513.JPG,Tomato___Early_blight,tomato__fungal__early_blight,tomato,fungal,Early Blight,256,256,3,1.0,RGB,JPEG,11.57,True,
datasets/raw/plantvillage/raw/color/Tomato___Early_blight/ecafc299-bc29-4b5a-9a9b-537362b81ed2___RS_Erly.B 7435.JPG,ecafc299-bc29-4b5a-9a9b-537362b81ed2___RS_Erly.B 7435.JPG,Tomato___Early_blight,tomato__fungal__early_blight,tomato,fungal,Early Blight,256,256,3,1.0,RGB,JPEG,16.25,True,
datasets/raw/plantvillage/raw/color/Tomato___Early_blight/7dc08826-98ed-4885-abfe-85beedbd8cab___RS_Erly.B 9498.JPG,7dc08826-98ed-4885-abfe-85beedbd8cab___RS_Erly.B 9498.JPG,Tomato___Early_blight,tomato__fungal__early_blight,tomato,fungal,Early Blight,256,256,3,1.0,RGB,JPEG,17.17,True,
datasets/raw/plantvillage/raw/color/Tomato___Early_blight/b450abe9-9282-42a8-af4d-3fa7da258f40___RS_Erly.B 7735.JPG,b450abe9-9282-42a8-af4d-3fa7da258f40___RS_Erly.B 7735.JPG,Tomato___Early_blight,tomato__fungal__early_blight,tomato,fungal,Early Blight,256,256,3,1.0,RGB,JPEG,18.08,True,
datasets/raw/plantvillage/raw/color/Tomato___Early_blight/b6d8ce15-f786-4998-a67c-1390da696a07___RS_Erly.B 9521.JPG,b6d8ce15-f786-4998-a67c-1390da696a07___RS_Erly.B 9521.JPG,Tomato___Early_blight,tomato__fungal__early_blight,tomato,fungal,Early Blight,256,256,3,1.0,RGB,JPEG,12.46,True,
datasets/raw/plantvillage/raw/color/Tomato___Early_blight/3889a459-3e30-4345-83e1-57c68b32af30___RS_Erly.B 7638.JPG,3889a459-3e30-4345-83e1-57c68b32af30___RS_Erly.B 7638.JPG,Tomato___Early_blight,tomato__fungal__early_blight,tomato,fungal,Early Blight,256,256,3,1.0,RGB,JPEG,13.29,True,
datasets/raw/plantvillage/raw/color/Tomato___Early_blight/2792287f-aa8e-4c03-aabe-479e75cdc0f8___RS_Erly.B 9584.JPG,2792287f-aa8e-4c03-aabe-479e75cdc0f8___RS_Erly.B 9584.JPG,Tomato___Early_blight,tomato__fungal__early_blight,tomato,fungal,Early Blight,256,256,3,1.0,RGB,JPEG,13.34,True,
datasets/raw/plantvillage/raw/color/Tomato___Early_blight/98f19e26-5889-4e8e-9175-8dbbaa3439ef___RS_Erly.B 6449.JPG,98f19e26-5889-4e8e-9175-8dbbaa3439ef___RS_Erly.B 6449.JPG,Tomato___Early_blight,tomato__fungal__early_blight,tomato,fungal,Early Blight,256,256,3,1.0,RGB,JPEG,13.48,True,
datasets/raw/plantvillage/raw/color/Tomato___Early_blight/23e8ae15-6cfc-4518-9266-3a289a7bced7___RS_Erly.B 6479.JPG,23e8ae15-6cfc-4518-9266-3a289a7bced7___RS_Erly.B 6479.JPG,Tomato___Early_blight,tomato__fungal__early_blight,tomato,fungal,Early Blight,256,256,3,1.0,RGB,JPEG,12.99,True,
datasets/raw/plantvillage/raw/color/Tomato___Early_blight/e0f7927f-2310-4db1-92cf-cb89a3e14678___RS_Erly.B 7848.JPG,e0f7927f-2310-4db1-92cf-cb89a3e14678___RS_Erly.B 7848.JPG,Tomato___Early_blight,tomato__fungal__early_blight,tomato,fungal,Early Blight,256,256,3,1.0,RGB,JPEG,17.87,True,
datasets/raw/plantvillage/raw/color/Tomato___Early_blight/6b52f204-547d-47aa-926c-b9508a5e6cbc___RS_Erly.B 7434.JPG,6b52f204-547d-47aa-926c-b9508a5e6cbc___RS_Erly.B 7434.JPG,Tomato___Early_blight,tomato__fungal__early_blight,tomato,fungal,Early Blight,256,256,3,1.0,RGB,JPEG,11.84,True,
datasets/raw/plantvillage/raw/color/Tomato___Early_blight/b8b9300b-f085-49ce-a052-5c003e493f7e___RS_Erly.B 7507.JPG,b8b9300b-f085-49ce-a052-5c003e493f7e___RS_Erly.B 7507.JPG,Tomato___Early_blight,tomato__fungal__early_blight,tomato,fungal,Early Blight,256,256,3,1.0,RGB,JPEG,12.24,True,
datasets/raw/plantvillage/raw/color/Tomato___Early_blight/57ff9c36-2345-4401-986e-d9c06a784c15___RS_Erly.B 9515.JPG,57ff9c36-2345-4401-986e-d9c06a784c15___RS_Erly.B 9515.JPG,Tomato___Early_blight,tomato__fungal__early_blight,tomato,fungal,Early Blight,256,256,3,1.0,RGB,JPEG,12.81,True,
datasets/raw/plantvillage/raw/color/Tomato___Early_blight/fe856320-407c-4390-9960-a6a539371182___RS_Erly.B 7624.JPG,fe856320-407c-4390-9960-a6a539371182___RS_Erly.B 7624.JPG,Tomato___Early_blight,tomato__fungal__early_blight,tomato,fungal,Early Blight,256,256,3,1.0,RGB,JPEG,13.49,True,
datasets/raw/plantvillage/raw/color/Tomato___Early_blight/8824899d-1dce-4729-860b-336d563bc268___RS_Erly.B 7837.JPG,8824899d-1dce-4729-860b-336d563bc268___RS_Erly.B 7837.JPG,Tomato___Early_blight,tomato__fungal__early_blight,tomato,fungal,Early Blight,256,256,3,1.0,RGB,JPEG,19.31,True,
datasets/raw/plantvillage/raw/color/Tomato___Early_blight/2165f0a3-1265-491d-ad8a-e53102a87e9b___RS_Erly.B 9376.JPG,2165f0a3-1265-491d-ad8a-e53102a87e9b___RS_Erly.B 9376.JPG,Tomato___Early_blight,tomato__fungal__early_blight,tomato,fungal,Early Blight,256,256,3,1.0,RGB,JPEG,15.32,True,
datasets/raw/plantvillage/raw/color/Tomato___Early_blight/f459c3ee-91f9-42e4-8a61-8c2b6ba9a435___RS_Erly.B 9522.JPG,f459c3ee-91f9-42e4-8a61-8c2b6ba9a435___RS_Erly.B 9522.JPG,Tomato___Early_blight,tomato__fungal__early_blight,tomato,fungal,Early Blight,256,256,3,1.0,RGB,JPEG,12.27,True,
datasets/raw/plantvillage/raw/color/Tomato___Early_blight/e468b44a-912b-4e7f-9383-41050a5d421b___RS_Erly.B 8445.JPG,e468b44a-912b-4e7f-9383-41050a5d421b___RS_Erly.B 8445.JPG,Tomato___Early_blight,tomato__fungal__early_blight,tomato,fungal,Early Blight,256,256,3,1.0,RGB,JPEG,19.67,True,
datasets/raw/plantvillage/raw/color/Tomato___Early_blight/24f5a397-b5ac-451c-b979-28ee2bb056e6___RS_Erly.B 7795.JPG,24f5a397-b5ac-451c-b979-28ee2bb056e6___RS_Erly.B 7795.JPG,Tomato___Early_blight,tomato__fungal__early_blight,tomato,fungal,Early Blight,256,256,3,1.0,RGB,JPEG,17.51,True,
datasets/raw/plantvillage/raw/color/Tomato___Early_blight/0f4e562d-77ee-47c2-8ee9-34b391bc0fc3___RS_Erly.B 9434.JPG,0f4e562d-77ee-47c2-8ee9-34b391bc0fc3___RS_Erly.B 9434.JPG,Tomato___Early_blight,tomato__fungal__early_blight,tomato,fungal,Early Blight,256,256,3,1.0,RGB,JPEG,16.12,True,
datasets/raw/plantvillage/raw/color/Tomato___Early_blight/932fabe0-247e-4e51-92d3-cd824fc6bc5d___RS_Erly.B 9540.JPG,932fabe0-247e-4e51-92d3-cd824fc6bc5d___RS_Erly.B 9540.JPG,Tomato___Early_blight,tomato__fungal__early_blight,tomato,fungal,Early Blight,256,256,3,1.0,RGB,JPEG,13.15,True,
datasets/raw/plantvillage/raw/color/Tomato___Early_blight/30e6be40-743f-49c1-a736-e279d53ffdd7___RS_Erly.B 7862.JPG,30e6be40-743f-49c1-a736-e279d53ffdd7___RS_Erly.B 7862.JPG,Tomato___Early_blight,tomato__fungal__early_blight,tomato,fungal,Early Blight,256,256,3,1.0,RGB,JPEG,20.87,True,
datasets/raw/plantvillage/raw/color/Tomato___Early_blight/ee18e688-a12c-45aa-bd18-74df670c71bb___RS_Erly.B 7776.JPG,ee18e688-a12c-45aa-bd18-74df670c71bb___RS_Erly.B 7776.JPG,Tomato___Early_blight,tomato__fungal__early_blight,tomato,fungal,Early Blight,256,256,3,1.0,RGB,JPEG,16.29,True,
datasets/raw/plantvillage/raw/color/Tomato___Early_blight/70d0d259-85a6-4be5-8d47-dba059c5c259___RS_Erly.B 7539.JPG,70d0d259-85a6-4be5-8d47-dba059c5c259___RS_Erly.B 7539.JPG,Tomato___Early_blight,tomato__fungal__early_blight,tomato,fungal,Early Blight,256,256,3,1.0,RGB,JPEG,11.51,True,
datasets/raw/plantvillage/raw/color/Tomato___Early_blight/e31c2f10-8b8d-4aec-9bc7-764d2995ebec___RS_Erly.B 7398.JPG,e31c2f10-8b8d-4aec-9bc7-764d2995ebec___RS_Erly.B 7398.JPG,Tomato___Early_blight,tomato__fungal__early_blight,tomato,fungal,Early Blight,256,256,3,1.0,RGB,JPEG,16.59,True,
datasets/raw/plantvillage/raw/color/Tomato___Early_blight/5fdc3c4f-b88a-4aef-8a56-87336f220ff4___RS_Erly.B 6376.JPG,5fdc3c4f-b88a-4aef-8a56-87336f220ff4___RS_Erly.B 6376.JPG,Tomato___Early_blight,tomato__fungal__early_blight,tomato,fungal,Early Blight,256,256,3,1.0,RGB,JPEG,13.19,True,
datasets/raw/plantvillage/raw/color/Tomato___Early_blight/11922494-321b-4742-afbe-f6db6a8b4005___RS_Erly.B 9392.JPG,11922494-321b-4742-afbe-f6db6a8b4005___RS_Erly.B 9392.JPG,Tomato___Early_blight,tomato__fungal__early_blight,tomato,fungal,Early Blight,256,256,3,1.0,RGB,JPEG,17.3,True,
datasets/raw/plantvillage/raw/color/Tomato___Early_blight/ef7a2893-ca76-4f77-beb4-5bfcc729e324___RS_Erly.B 7454.JPG,ef7a2893-ca76-4f77-beb4-5bfcc729e324___RS_Erly.B 7454.JPG,Tomato___Early_blight,tomato__fungal__early_blight,tomato,fungal,Early Blight,256,256,3,1.0,RGB,JPEG,13.88,True,
datasets/raw/plantvillage/raw/color/Tomato___Early_blight/38b7f839-7d01-4062-a858-a64b841b7996___RS_Erly.B 7390.JPG,38b7f839-7d01-4062-a858-a64b841b7996___RS_Erly.B 7390.JPG,Tomato___Early_blight,tomato__fungal__early_blight,tomato,fungal,Early Blight,256,256,3,1.0,RGB,JPEG,12.22,True,
datasets/raw/plantvillage/raw/color/Tomato___Early_blight/5d45c117-439e-454a-bc77-93a27ce98761___RS_Erly.B 7546.JPG,5d45c117-439e-454a-bc77-93a27ce98761___RS_Erly.B 7546.JPG,Tomato___Early_blight,tomato__fungal__early_blight,tomato,fungal,Early Blight,256,256,3,1.0,RGB,JPEG,12.46,True,
datasets/raw/plantvillage/raw/color/Tomato___Early_blight/647ccba0-4f5e-4c64-a7ea-a34c8a39a439___RS_Erly.B 7355.JPG,647ccba0-4f5e-4c64-a7ea-a34c8a39a439___RS_Erly.B 7355.JPG,Tomato___Early_blight,tomato__fungal__early_blight,tomato,fungal,Early Blight,256,256,3,1.0,RGB,JPEG,14.2,True,
datasets/raw/plantvillage/raw/color/Tomato___Early_blight/bbcccb3c-bcf2-4dc9-b2e2-6aecd86f52d5___RS_Erly.B 8370.JPG,bbcccb3c-bcf2-4dc9-b2e2-6aecd86f52d5___RS_Erly.B 8370.JPG,Tomato___Early_blight,tomato__fungal__early_blight,tomato,fungal,Early Blight,256,256,3,1.0,RGB,JPEG,18.69,True,
datasets/raw/plantvillage/raw/color/Tomato___Early_blight/16ae1b64-2954-4135-bea5-d599ba56740c___RS_Erly.B 7649.JPG,16ae1b64-2954-4135-bea5-d599ba56740c___RS_Erly.B 7649.JPG,Tomato___Early_blight,tomato__fungal__early_blight,tomato,fungal,Early Blight,256,256,3,1.0,RGB,JPEG,14.49,True,
datasets/raw/plantvillage/raw/color/Tomato___Early_blight/243a77c6-b401-43c4-9230-68b4b11f3b83___RS_Erly.B 7754.JPG,243a77c6-b401-43c4-9230-68b4b11f3b83___RS_Erly.B 7754.JPG,Tomato___Early_blight,tomato__fungal__early_blight,tomato,fungal,Early Blight,256,256,3,1.0,RGB,JPEG,21.97,True,
datasets/raw/plantvillage/raw/color/Tomato___Early_blight/b0bc0b85-fce9-43cc-87d1-481d4a107b5c___RS_Erly.B 9451.JPG,b0bc0b85-fce9-43cc-87d1-481d4a107b5c___RS_Erly.B 9451.JPG,Tomato___Early_blight,tomato__fungal__early_blight,tomato,fungal,Early Blight,256,256,3,1.0,RGB,JPEG,14.95,True,
datasets/raw/plantvillage/raw/color/Tomato___Early_blight/3f35dad7-734b-46ee-8193-09fd3c8562ff___RS_Erly.B 7600.JPG,3f35dad7-734b-46ee-8193-09fd3c8562ff___RS_Erly.B 7600.JPG,Tomato___Early_blight,tomato__fungal__early_blight,tomato,fungal,Early Blight,256,256,3,1.0,RGB,JPEG,11.79,True,
datasets/raw/plantvillage/raw/color/Tomato___Early_blight/7a5ff9e1-b55d-490c-ac89-8b5003e407d9___RS_Erly.B 8231.JPG,7a5ff9e1-b55d-490c-ac89-8b5003e407d9___RS_Erly.B 8231.JPG,Tomato___Early_blight,tomato__fungal__early_blight,tomato,fungal,Early Blight,256,256,3,1.0,RGB,JPEG,16.36,True,
datasets/raw/plantvillage/raw/color/Tomato___Early_blight/ff422d28-d002-4382-80bf-30f78f66c677___RS_Erly.B 6492.JPG,ff422d28-d002-4382-80bf-30f78f66c677___RS_Erly.B 6492.JPG,Tomato___Early_blight,tomato__fungal__early_blight,tomato,fungal,Early Blight,256,256,3,1.0,RGB,JPEG,13.72,True,
datasets/raw/plantvillage/raw/color/Tomato___Early_blight/bbaa5bf2-ded0-422a-babb-350da80266a9___RS_Erly.B 7575.JPG,bbaa5bf2-ded0-422a-babb-350da80266a9___RS_Erly.B 7575.JPG,Tomato___Early_blight,tomato__fungal__early_blight,tomato,fungal,Early Blight,256,256,3,1.0,RGB,JPEG,11.57,True,
datasets/raw/plantvillage/raw/color/Tomato___Early_blight/ba75cd48-68cb-49cb-9d79-d03c1b007852___RS_Erly.B 7432.JPG,ba75cd48-68cb-49cb-9d79-d03c1b007852___RS_Erly.B 7432.JPG,Tomato___Early_blight,tomato__fungal__early_blight,tomato,fungal,Early Blight,256,256,3,1.0,RGB,JPEG,13.36,True,
datasets/raw/plantvillage/raw/color/Tomato___Early_blight/92df4dc7-e952-4454-9fed-a7897d16903b___RS_Erly.B 6448.JPG,92df4dc7-e952-4454-9fed-a7897d16903b___RS_Erly.B 6448.JPG,Tomato___Early_blight,tomato__fungal__early_blight,tomato,fungal,Early Blight,256,256,3,1.0,RGB,JPEG,13.69,True,
datasets/raw/plantvillage/raw/color/Tomato___Early_blight/5f96c793-8015-458b-b3fe-7e718b673b1b___RS_Erly.B 7813.JPG,5f96c793-8015-458b-b3fe-7e718b673b1b___RS_Erly.B 7813.JPG,Tomato___Early_blight,tomato__fungal__early_blight,tomato,fungal,Early Blight,256,256,3,1.0,RGB,JPEG,17.66,True,
datasets/raw/plantvillage/raw/color/Tomato___Early_blight/f547a0f4-912a-45ec-81aa-371ad12ecacf___RS_Erly.B 7608.JPG,f547a0f4-912a-45ec-81aa-371ad12ecacf___RS_Erly.B 7608.JPG,Tomato___Early_blight,tomato__fungal__early_blight,tomato,fungal,Early Blight,256,256,3,1.0,RGB,JPEG,12.68,True,
datasets/raw/plantvillage/raw/color/Tomato___Early_blight/60b089ee-97ea-4df8-bb95-cd8c2094b24e___RS_Erly.B 9426.JPG,60b089ee-97ea-4df8-bb95-cd8c2094b24e___RS_Erly.B 9426.JPG,Tomato___Early_blight,tomato__fungal__early_blight,tomato,fungal,Early Blight,256,256,3,1.0,RGB,JPEG,14.81,True,
datasets/raw/plantvillage/raw/color/Tomato___Early_blight/e7d248e4-a5e5-431f-9061-6383c14d8526___RS_Erly.B 7426.JPG,e7d248e4-a5e5-431f-9061-6383c14d8526___RS_Erly.B 7426.JPG,Tomato___Early_blight,tomato__fungal__early_blight,tomato,fungal,Early Blight,256,256,3,1.0,RGB,JPEG,14.84,True,
datasets/raw/plantvillage/raw/color/Tomato___Early_blight/c5ab9d87-f1bf-4fce-8133-c80ac2d52dd5___RS_Erly.B 7849.JPG,c5ab9d87-f1bf-4fce-8133-c80ac2d52dd5___RS_Erly.B 7849.JPG,Tomato___Early_blight,tomato__fungal__early_blight,tomato,fungal,Early Blight,256,256,3,1.0,RGB,JPEG,23.61,True,
datasets/raw/plantvillage/raw/color/Tomato___Early_blight/b383b96d-13d9-454a-a179-3093e48d8708___RS_Erly.B 7500.JPG,b383b96d-13d9-454a-a179-3093e48d8708___RS_Erly.B 7500.JPG,Tomato___Early_blight,tomato__fungal__early_blight,tomato,fungal,Early Blight,256,256,3,1.0,RGB,JPEG,11.32,True,
datasets/raw/plantvillage/raw/color/Tomato___Early_blight/6cd7bfa5-f336-4227-b8cf-3461dedc3b43___RS_Erly.B 7346.JPG,6cd7bfa5-f336-4227-b8cf-3461dedc3b43___RS_Erly.B 7346.JPG,Tomato___Early_blight,tomato__fungal__early_blight,tomato,fungal,Early Blight,256,256,3,1.0,RGB,JPEG,12.32,True,
datasets/raw/plantvillage/raw/color/Tomato___Early_blight/7ecb4521-70ac-4f49-ab74-2678cc4eab2a___RS_Erly.B 7690.JPG,7ecb4521-70ac-4f49-ab74-2678cc4eab2a___RS_Erly.B 7690.JPG,Tomato___Early_blight,tomato__fungal__early_blight,tomato,fungal,Early Blight,256,256,3,1.0,RGB,JPEG,17.83,True,
datasets/raw/plantvillage/raw/color/Tomato___Early_blight/801a593c-82f7-4433-8c30-9defa319bdb7___RS_Erly.B 9609.JPG,801a593c-82f7-4433-8c30-9defa319bdb7___RS_Erly.B 9609.JPG,Tomato___Early_blight,tomato__fungal__early_blight,tomato,fungal,Early Blight,256,256,3,1.0,RGB,JPEG,11.19,True,
datasets/raw/plantvillage/raw/color/Tomato___Early_blight/9498ce3a-8dc1-43ec-aeec-a05825cf9af2___RS_Erly.B 7820.JPG,9498ce3a-8dc1-43ec-aeec-a05825cf9af2___RS_Erly.B 7820.JPG,Tomato___Early_blight,tomato__fungal__early_blight,tomato,fungal,Early Blight,256,256,3,1.0,RGB,JPEG,18.26,True,
datasets/raw/plantvillage/raw/color/Tomato___Early_blight/1941f5d9-f31f-453e-b07c-3f90da6aa381___RS_Erly.B 8238.JPG,1941f5d9-f31f-453e-b07c-3f90da6aa381___RS_Erly.B 8238.JPG,Tomato___Early_blight,tomato__fungal__early_blight,tomato,fungal,Early Blight,256,256,3,1.0,RGB,JPEG,17.87,True,
datasets/raw/plantvillage/raw/color/Tomato___Early_blight/ed68595a-4d05-413c-a173-fa32cc8aae38___RS_Erly.B 7635.JPG,ed68595a-4d05-413c-a173-fa32cc8aae38___RS_Erly.B 7635.JPG,Tomato___Early_blight,tomato__fungal__early_blight,tomato,fungal,Early Blight,256,256,3,1.0,RGB,JPEG,13.03,True,
datasets/raw/plantvillage/raw/color/Tomato___Early_blight/0e2abcfb-e62b-4c61-a24a-0800cad904a8___RS_Erly.B 7382.JPG,0e2abcfb-e62b-4c61-a24a-0800cad904a8___RS_Erly.B 7382.JPG,Tomato___Early_blight,tomato__fungal__early_blight,tomato,fungal,Early Blight,256,256,3,1.0,RGB,JPEG,15.81,True,
datasets/raw/plantvillage/raw/color/Tomato___Early_blight/4d80e993-6d3e-4537-92ba-39834a88e50c___RS_Erly.B 7632.JPG,4d80e993-6d3e-4537-92ba-39834a88e50c___RS_Erly.B 7632.JPG,Tomato___Early_blight,tomato__fungal__early_blight,tomato,fungal,Early Blight,256,256,3,1.0,RGB,JPEG,12.56,True,
datasets/raw/plantvillage/raw/color/Tomato___Early_blight/d934ba74-0149-457f-b5e7-c11d595f285e___RS_Erly.B 7365.JPG,d934ba74-0149-457f-b5e7-c11d595f285e___RS_Erly.B 7365.JPG,Tomato___Early_blight,tomato__fungal__early_blight,tomato,fungal,Early Blight,256,256,3,1.0,RGB,JPEG,14.03,True,
datasets/raw/plantvillage/raw/color/Tomato___Early_blight/70ef2f0f-3070-443d-b94f-983b87b41791___RS_Erly.B 9385.JPG,70ef2f0f-3070-443d-b94f-983b87b41791___RS_Erly.B 9385.JPG,Tomato___Early_blight,tomato__fungal__early_blight,tomato,fungal,Early Blight,256,256,3,1.0,RGB,JPEG,16.01,True,
datasets/raw/plantvillage/raw/color/Tomato___Early_blight/427229e9-359c-49c5-8dfd-b721a3802899___RS_Erly.B 7861.JPG,427229e9-359c-49c5-8dfd-b721a3802899___RS_Erly.B 7861.JPG,Tomato___Early_blight,tomato__fungal__early_blight,tomato,fungal,Early Blight,256,256,3,1.0,RGB,JPEG,18.31,True,
datasets/raw/plantvillage/raw/color/Tomato___Early_blight/171b6622-c111-4fe9-b3f9-12b12ee0db06___RS_Erly.B 7836.JPG,171b6622-c111-4fe9-b3f9-12b12ee0db06___RS_Erly.B 7836.JPG,Tomato___Early_blight,tomato__fungal__early_blight,tomato,fungal,Early Blight,256,256,3,1.0,RGB,JPEG,16.88,True,
datasets/raw/plantvillage/raw/color/Tomato___Early_blight/468dba17-366a-422f-b3b6-061261942b0d___RS_Erly.B 7853.JPG,468dba17-366a-422f-b3b6-061261942b0d___RS_Erly.B 7853.JPG,Tomato___Early_blight,tomato__fungal__early_blight,tomato,fungal,Early Blight,256,256,3,1.0,RGB,JPEG,24.04,True,
datasets/raw/plantvillage/raw/color/Tomato___Early_blight/53c47cc3-e958-4e9a-811a-e19e99ef0a8c___RS_Erly.B 6373.JPG,53c47cc3-e958-4e9a-811a-e19e99ef0a8c___RS_Erly.B 6373.JPG,Tomato___Early_blight,tomato__fungal__early_blight,tomato,fungal,Early Blight,256,256,3,1.0,RGB,JPEG,12.12,True,
datasets/raw/plantvillage/raw/color/Tomato___Early_blight/51764eb9-fb8b-4c8a-9c30-3b474d659751___RS_Erly.B 7529.JPG,51764eb9-fb8b-4c8a-9c30-3b474d659751___RS_Erly.B 7529.JPG,Tomato___Early_blight,tomato__fungal__early_blight,tomato,fungal,Early Blight,256,256,3,1.0,RGB,JPEG,15.46,True,
datasets/raw/plantvillage/raw/color/Tomato___Early_blight/f035e3c9-069a-4392-9f0c-80262511f616___RS_Erly.B 9373.JPG,f035e3c9-069a-4392-9f0c-80262511f616___RS_Erly.B 9373.JPG,Tomato___Early_blight,tomato__fungal__early_blight,tomato,fungal,Early Blight,256,256,3,1.0,RGB,JPEG,16.21,True,
datasets/raw/plantvillage/raw/color/Tomato___Early_blight/25430871-a740-4dd8-a836-bf2d52eb233b___RS_Erly.B 6420.JPG,25430871-a740-4dd8-a836-bf2d52eb233b___RS_Erly.B 6420.JPG,Tomato___Early_blight,tomato__fungal__early_blight,tomato,fungal,Early Blight,256,256,3,1.0,RGB,JPEG,10.94,True,
datasets/raw/plantvillage/raw/color/Tomato___Early_blight/079e0d43-e9d2-4217-b8e8-2f3b989cdab2___RS_Erly.B 7588.JPG,079e0d43-e9d2-4217-b8e8-2f3b989cdab2___RS_Erly.B 7588.JPG,Tomato___Early_blight,tomato__fungal__early_blight,tomato,fungal,Early Blight,256,256,3,1.0,RGB,JPEG,11.77,True,
datasets/raw/plantvillage/raw/color/Tomato___Early_blight/e11ee1f8-8de2-4d9c-a0c1-86bc42350fd9___RS_Erly.B 9472.JPG,e11ee1f8-8de2-4d9c-a0c1-86bc42350fd9___RS_Erly.B 9472.JPG,Tomato___Early_blight,tomato__fungal__early_blight,tomato,fungal,Early Blight,256,256,3,1.0,RGB,JPEG,16.22,True,
datasets/raw/plantvillage/raw/color/Tomato___Early_blight/9305f21d-4558-49ae-b831-a7a1a4d399c2___RS_Erly.B 7417.JPG,9305f21d-4558-49ae-b831-a7a1a4d399c2___RS_Erly.B 7417.JPG,Tomato___Early_blight,tomato__fungal__early_blight,tomato,fungal,Early Blight,256,256,3,1.0,RGB,JPEG,15.76,True,
datasets/raw/plantvillage/raw/color/Tomato___Early_blight/004cbe60-8ff9-4965-92df-e86694d5e9ba___RS_Erly.B 8253.JPG,004cbe60-8ff9-4965-92df-e86694d5e9ba___RS_Erly.B 8253.JPG,Tomato___Early_blight,tomato__fungal__early_blight,tomato,fungal,Early Blight,256,256,3,1.0,RGB,JPEG,19.78,True,
datasets/raw/plantvillage/raw/color/Tomato___Early_blight/7b32caa4-0d67-4b84-a1bf-cf9dffd7ffe5___RS_Erly.B 6405.JPG,7b32caa4-0d67-4b84-a1bf-cf9dffd7ffe5___RS_Erly.B 6405.JPG,Tomato___Early_blight,tomato__fungal__early_blight,tomato,fungal,Early Blight,256,256,3,1.0,RGB,JPEG,12.95,True,
datasets/raw/plantvillage/raw/color/Tomato___Early_blight/64fade29-cabf-4ec2-a5cf-8c7aeca19eea___RS_Erly.B 6427.JPG,64fade29-cabf-4ec2-a5cf-8c7aeca19eea___RS_Erly.B 6427.JPG,Tomato___Early_blight,tomato__fungal__early_blight,tomato,fungal,Early Blight,256,256,3,1.0,RGB,JPEG,12.19,True,
datasets/raw/plantvillage/raw/color/Tomato___Early_blight/13e96f82-68c6-4331-9b05-92a6767a400b___RS_Erly.B 9502.JPG,13e96f82-68c6-4331-9b05-92a6767a400b___RS_Erly.B 9502.JPG,Tomato___Early_blight,tomato__fungal__early_blight,tomato,fungal,Early Blight,256,256,3,1.0,RGB,JPEG,16.64,True,
datasets/raw/plantvillage/raw/color/Tomato___Early_blight/3e9cd8a5-ebe7-4a65-940c-7fd721195c73___RS_Erly.B 7616.JPG,3e9cd8a5-ebe7-4a65-940c-7fd721195c73___RS_Erly.B 7616.JPG,Tomato___Early_blight,tomato__fungal__early_blight,tomato,fungal,Early Blight,256,256,3,1.0,RGB,JPEG,12.31,True,
datasets/raw/plantvillage/raw/color/Tomato___Early_blight/1dad664e-ec73-474e-aaf9-a832ca212e3f___RS_Erly.B 7533.JPG,1dad664e-ec73-474e-aaf9-a832ca212e3f___RS_Erly.B 7533.JPG,Tomato___Early_blight,tomato__fungal__early_blight,tomato,fungal,Early Blight,256,256,3,1.0,RGB,JPEG,13.97,True,
datasets/raw/plantvillage/raw/color/Tomato___Early_blight/fb2aaea3-f1cd-49c3-aa02-b640c62e59f5___RS_Erly.B 9389.JPG,fb2aaea3-f1cd-49c3-aa02-b640c62e59f5___RS_Erly.B 9389.JPG,Tomato___Early_blight,tomato__fungal__early_blight,tomato,fungal,Early Blight,256,256,3,1.0,RGB,JPEG,14.46,True,
datasets/raw/plantvillage/raw/color/Tomato___Early_blight/c0caae76-1327-4d16-95dd-138603f7573b___RS_Erly.B 8362.JPG,c0caae76-1327-4d16-95dd-138603f7573b___RS_Erly.B 8362.JPG,Tomato___Early_blight,tomato__fungal__early_blight,tomato,fungal,Early Blight,256,256,3,1.0,RGB,JPEG,19.25,True,
datasets/raw/plantvillage/raw/color/Tomato___Early_blight/0e39c18a-9e04-4f6b-b557-dc0e944d22e5___RS_Erly.B 9501.JPG,0e39c18a-9e04-4f6b-b557-dc0e944d22e5___RS_Erly.B 9501.JPG,Tomato___Early_blight,tomato__fungal__early_blight,tomato,fungal,Early Blight,256,256,3,1.0,RGB,JPEG,16.88,True,
datasets/raw/plantvillage/raw/color/Tomato___Early_blight/fad513f7-c56a-439a-9a5b-515bd0fc8151___RS_Erly.B 9458.JPG,fad513f7-c56a-439a-9a5b-515bd0fc8151___RS_Erly.B 9458.JPG,Tomato___Early_blight,tomato__fungal__early_blight,tomato,fungal,Early Blight,256,256,3,1.0,RGB,JPEG,16.39,True,
datasets/raw/plantvillage/raw/color/Tomato___Early_blight/69ec13bc-48bf-4a91-adc0-acb4386979ac___RS_Erly.B 7732.JPG,69ec13bc-48bf-4a91-adc0-acb4386979ac___RS_Erly.B 7732.JPG,Tomato___Early_blight,tomato__fungal__early_blight,tomato,fungal,Early Blight,256,256,3,1.0,RGB,JPEG,18.22,True,
datasets/raw/plantvillage/raw/color/Tomato___Early_blight/f51330a5-e187-434f-add0-bd89f488eeee___RS_Erly.B 7699.JPG,f51330a5-e187-434f-add0-bd89f488eeee___RS_Erly.B 7699.JPG,Tomato___Early_blight,tomato__fungal__early_blight,tomato,fungal,Early Blight,256,256,3,1.0,RGB,JPEG,11.28,True,
datasets/raw/plantvillage/raw/color/Tomato___Early_blight/c684414e-2c2b-4d12-bca0-2a5fb271e1da___RS_Erly.B 8425.JPG,c684414e-2c2b-4d12-bca0-2a5fb271e1da___RS_Erly.B 8425.JPG,Tomato___Early_blight,tomato__fungal__early_blight,tomato,fungal,Early Blight,256,256,3,1.0,RGB,JPEG,19.34,True,
datasets/raw/plantvillage/raw/color/Tomato___Early_blight/a0cb35c3-0ae6-4b64-a42f-d14006f3d315___RS_Erly.B 7357.JPG,a0cb35c3-0ae6-4b64-a42f-d14006f3d315___RS_Erly.B 7357.JPG,Tomato___Early_blight,tomato__fungal__early_blight,tomato,fungal,Early Blight,256,256,3,1.0,RGB,JPEG,14.19,True,
datasets/raw/plantvillage/raw/color/Tomato___Early_blight/fd6417ac-d076-4658-a4f8-6916d781c72a___RS_Erly.B 7360.JPG,fd6417ac-d076-4658-a4f8-6916d781c72a___RS_Erly.B 7360.JPG,Tomato___Early_blight,tomato__fungal__early_blight,tomato,fungal,Early Blight,256,256,3,1.0,RGB,JPEG,16.65,True,
datasets/raw/plantvillage/raw/color/Tomato___Early_blight/815fb4d0-7902-45a2-a7c7-2ee400a2e25a___RS_Erly.B 7646.JPG,815fb4d0-7902-45a2-a7c7-2ee400a2e25a___RS_Erly.B 7646.JPG,Tomato___Early_blight,tomato__fungal__early_blight,tomato,fungal,Early Blight,256,256,3,1.0,RGB,JPEG,12.3,True,
datasets/raw/plantvillage/raw/color/Tomato___Early_blight/906f1ca6-2923-40c2-a924-5486fc3d7ba0___RS_Erly.B 9444.JPG,906f1ca6-2923-40c2-a924-5486fc3d7ba0___RS_Erly.B 9444.JPG,Tomato___Early_blight,tomato__fungal__early_blight,tomato,fungal,Early Blight,256,256,3,1.0,RGB,JPEG,11.98,True,
datasets/raw/plantvillage/raw/color/Tomato___Early_blight/6021f415-8463-41eb-ad4c-4033f7d16798___RS_Erly.B 7710.JPG,6021f415-8463-41eb-ad4c-4033f7d16798___RS_Erly.B 7710.JPG,Tomato___Early_blight,tomato__fungal__early_blight,tomato,fungal,Early Blight,256,256,3,1.0,RGB,JPEG,19.17,True,
datasets/raw/plantvillage/raw/color/Tomato___Early_blight/121e9cbe-77d2-43ca-8e04-17a556a1c2b2___RS_Erly.B 7512.JPG,121e9cbe-77d2-43ca-8e04-17a556a1c2b2___RS_Erly.B 7512.JPG,Tomato___Early_blight,tomato__fungal__early_blight,tomato,fungal,Early Blight,256,256,3,1.0,RGB,JPEG,13.56,True,
datasets/raw/plantvillage/raw/color/Tomato___Early_blight/bbd73cdc-a2e5-4740-9a66-7e59d0416f25___RS_Erly.B 7502.JPG,bbd73cdc-a2e5-4740-9a66-7e59d0416f25___RS_Erly.B 7502.JPG,Tomato___Early_blight,tomato__fungal__early_blight,tomato,fungal,Early Blight,256,256,3,1.0,RGB,JPEG,11.86,True,
datasets/raw/plantvillage/raw/color/Tomato___Early_blight/c78483c5-424f-4a5f-aab3-5b909b62a7e6___RS_Erly.B 7541.JPG,c78483c5-424f-4a5f-aab3-5b909b62a7e6___RS_Erly.B 7541.JPG,Tomato___Early_blight,tomato__fungal__early_blight,tomato,fungal,Early Blight,256,256,3,1.0,RGB,JPEG,11.92,True,
datasets/raw/plantvillage/raw/color/Tomato___Early_blight/c6e96373-484c-45da-b043-0a294a59ad2c___RS_Erly.B 7401.JPG,c6e96373-484c-45da-b043-0a294a59ad2c___RS_Erly.B 7401.JPG,Tomato___Early_blight,tomato__fungal__early_blight,tomato,fungal,Early Blight,256,256,3,1.0,RGB,JPEG,15.54,True,
datasets/raw/plantvillage/raw/color/Tomato___Early_blight/ad302c48-1f27-43d8-b004-4ca61dfa61c1___RS_Erly.B 7566.JPG,ad302c48-1f27-43d8-b004-4ca61dfa61c1___RS_Erly.B 7566.JPG,Tomato___Early_blight,tomato__fungal__early_blight,tomato,fungal,Early Blight,256,256,3,1.0,RGB,JPEG,10.81,True,
datasets/raw/plantvillage/raw/color/Tomato___Early_blight/4e8e92ba-46f4-4e49-850b-71019f6c8640___RS_Erly.B 6346.JPG,4e8e92ba-46f4-4e49-850b-71019f6c8640___RS_Erly.B 6346.JPG,Tomato___Early_blight,tomato__fungal__early_blight,tomato,fungal,Early Blight,256,256,3,1.0,RGB,JPEG,12.75,True,
datasets/raw/plantvillage/raw/color/Tomato___Early_blight/00e7c4b2-3005-4558-9cfa-235e356cb7a8___RS_Erly.B 7844.JPG,00e7c4b2-3005-4558-9cfa-235e356cb7a8___RS_Erly.B 7844.JPG,Tomato___Early_blight,tomato__fungal__early_blight,tomato,fungal,Early Blight,256,256,3,1.0,RGB,JPEG,17.45,True,
datasets/raw/plantvillage/raw/color/Tomato___Early_blight/3596fc7f-e79e-44f5-862a-f177db2960f6___RS_Erly.B 6386.JPG,3596fc7f-e79e-44f5-862a-f177db2960f6___RS_Erly.B 6386.JPG,Tomato___Early_blight,tomato__fungal__early_blight,tomato,fungal,Early Blight,256,256,3,1.0,RGB,JPEG,11.9,True,
datasets/raw/plantvillage/raw/color/Tomato___Early_blight/141bbdef-ba38-49ed-9d6f-fe8d9de38e6f___RS_Erly.B 9579.JPG,141bbdef-ba38-49ed-9d6f-fe8d9de38e6f___RS_Erly.B 9579.JPG,Tomato___Early_blight,tomato__fungal__early_blight,tomato,fungal,Early Blight,256,256,3,1.0,RGB,JPEG,13.5,True,
datasets/raw/plantvillage/raw/color/Tomato___Early_blight/0208ed52-1b28-4c9c-88e3-4667581e1109___RS_Erly.B 7829.JPG,0208ed52-1b28-4c9c-88e3-4667581e1109___RS_Erly.B 7829.JPG,Tomato___Early_blight,tomato__fungal__early_blight,tomato,fungal,Early Blight,256,256,3,1.0,RGB,JPEG,22.88,True,
datasets/raw/plantvillage/raw/color/Tomato___Early_blight/265940d8-b4e9-446f-b977-3cbd9ee4f789___RS_Erly.B 9595.JPG,265940d8-b4e9-446f-b977-3cbd9ee4f789___RS_Erly.B 9595.JPG,Tomato___Early_blight,tomato__fungal__early_blight,tomato,fungal,Early Blight,256,256,3,1.0,RGB,JPEG,12.36,True,
datasets/raw/plantvillage/raw/color/Tomato___Early_blight/e94d68c8-f185-4b3d-9b44-ad12e3dc891d___RS_Erly.B 9598.JPG,e94d68c8-f185-4b3d-9b44-ad12e3dc891d___RS_Erly.B 9598.JPG,Tomato___Early_blight,tomato__fungal__early_blight,tomato,fungal,Early Blight,256,256,3,1.0,RGB,JPEG,12.34,True,
datasets/raw/plantvillage/raw/color/Tomato___Early_blight/352ced01-4645-44e5-bc3e-1b7172deb883___RS_Erly.B 7758.JPG,352ced01-4645-44e5-bc3e-1b7172deb883___RS_Erly.B 7758.JPG,Tomato___Early_blight,tomato__fungal__early_blight,tomato,fungal,Early Blight,256,256,3,1.0,RGB,JPEG,22.17,True,
datasets/raw/plantvillage/raw/color/Tomato___Early_blight/2586a260-ecf6-40e8-aa11-4b8a50845575___RS_Erly.B 7833.JPG,2586a260-ecf6-40e8-aa11-4b8a50845575___RS_Erly.B 7833.JPG,Tomato___Early_blight,tomato__fungal__early_blight,tomato,fungal,Early Blight,256,256,3,1.0,RGB,JPEG,20.38,True,
datasets/raw/plantvillage/raw/color/Tomato___Early_blight/f7065117-14b1-44f1-b9ec-953b61fd3368___RS_Erly.B 9544.JPG,f7065117-14b1-44f1-b9ec-953b61fd3368___RS_Erly.B 9544.JPG,Tomato___Early_blight,tomato__fungal__early_blight,tomato,fungal,Early Blight,256,256,3,1.0,RGB,JPEG,12.0,True,
datasets/raw/plantvillage/raw/color/Tomato___Early_blight/e56354a5-5e3f-4ed6-bfe5-3c783a32dc98___RS_Erly.B 9413.JPG,e56354a5-5e3f-4ed6-bfe5-3c783a32dc98___RS_Erly.B 9413.JPG,Tomato___Early_blight,tomato__fungal__early_blight,tomato,fungal,Early Blight,256,256,3,1.0,RGB,JPEG,18.06,True,
datasets/raw/plantvillage/raw/color/Tomato___Early_blight/61047d59-d93a-4133-92ab-4f2481fa6bed___RS_Erly.B 9533.JPG,61047d59-d93a-4133-92ab-4f2481fa6bed___RS_Erly.B 9533.JPG,Tomato___Early_blight,tomato__fungal__early_blight,tomato,fungal,Early Blight,256,256,3,1.0,RGB,JPEG,13.32,True,
datasets/raw/plantvillage/raw/color/Tomato___Early_blight/24455ffa-8700-475c-8b4e-a7775f40ad3f___RS_Erly.B 8365.JPG,24455ffa-8700-475c-8b4e-a7775f40ad3f___RS_Erly.B 8365.JPG,Tomato___Early_blight,tomato__fungal__early_blight,tomato,fungal,Early Blight,256,256,3,1.0,RGB,JPEG,19.49,True,
datasets/raw/plantvillage/raw/color/Tomato___Early_blight/c43cc003-56f4-4d9d-b224-6948f499cf95___RS_Erly.B 7675.JPG,c43cc003-56f4-4d9d-b224-6948f499cf95___RS_Erly.B 7675.JPG,Tomato___Early_blight,tomato__fungal__early_blight,tomato,fungal,Early Blight,256,256,3,1.0,RGB,JPEG,10.29,True,
datasets/raw/plantvillage/raw/color/Tomato___Early_blight/872ec950-8238-4f73-a366-f72f2f92d3fe___RS_Erly.B 7487.JPG,872ec950-8238-4f73-a366-f72f2f92d3fe___RS_Erly.B 7487.JPG,Tomato___Early_blight,tomato__fungal__early_blight,tomato,fungal,Early Blight,256,256,3,1.0,RGB,JPEG,11.83,True,
datasets/raw/plantvillage/raw/color/Tomato___Early_blight/268590f4-68f6-4de9-968e-a7465b377db4___RS_Erly.B 7614.JPG,268590f4-68f6-4de9-968e-a7465b377db4___RS_Erly.B 7614.JPG,Tomato___Early_blight,tomato__fungal__early_blight,tomato,fungal,Early Blight,256,256,3,1.0,RGB,JPEG,12.64,True,
datasets/raw/plantvillage/raw/color/Tomato___Early_blight/fbb02290-8863-482f-b898-0ea83a2b2fee___RS_Erly.B 9592.JPG,fbb02290-8863-482f-b898-0ea83a2b2fee___RS_Erly.B 9592.JPG,Tomato___Early_blight,tomato__fungal__early_blight,tomato,fungal,Early Blight,256,256,3,1.0,RGB,JPEG,14.24,True,
datasets/raw/plantvillage/raw/color/Tomato___Early_blight/30901e71-e656-4e7e-b3ec-0f813c307b88___RS_Erly.B 9396.JPG,30901e71-e656-4e7e-b3ec-0f813c307b88___RS_Erly.B 9396.JPG,Tomato___Early_blight,tomato__fungal__early_blight,tomato,fungal,Early Blight,256,256,3,1.0,RGB,JPEG,16.65,True,
datasets/raw/plantvillage/raw/color/Tomato___Early_blight/56e77ea3-5b58-409c-991d-c6d1e3740f65___RS_Erly.B 7358.JPG,56e77ea3-5b58-409c-991d-c6d1e3740f65___RS_Erly.B 7358.JPG,Tomato___Early_blight,tomato__fungal__early_blight,tomato,fungal,Early Blight,256,256,3,1.0,RGB,JPEG,15.83,True,
datasets/raw/plantvillage/raw/color/Tomato___Early_blight/1e503089-ae6a-4340-8c3c-f44cbaa6cf6f___RS_Erly.B 8264.JPG,1e503089-ae6a-4340-8c3c-f44cbaa6cf6f___RS_Erly.B 8264.JPG,Tomato___Early_blight,tomato__fungal__early_blight,tomato,fungal,Early Blight,256,256,3,1.0,RGB,JPEG,18.6,True,
datasets/raw/plantvillage/raw/color/Tomato___Early_blight/a00845f3-9a14-474b-967c-82b7ea7b314f___RS_Erly.B 7550.JPG,a00845f3-9a14-474b-967c-82b7ea7b314f___RS_Erly.B 7550.JPG,Tomato___Early_blight,tomato__fungal__early_blight,tomato,fungal,Early Blight,256,256,3,1.0,RGB,JPEG,12.44,True,
datasets/raw/plantvillage/raw/color/Tomato___Early_blight/9a86409c-60ef-4fb5-9783-665065eb5229___RS_Erly.B 7697.JPG,9a86409c-60ef-4fb5-9783-665065eb5229___RS_Erly.B 7697.JPG,Tomato___Early_blight,tomato__fungal__early_blight,tomato,fungal,Early Blight,256,256,3,1.0,RGB,JPEG,18.71,True,
datasets/raw/plantvillage/raw/color/Tomato___Early_blight/e219e45e-3a8e-46dc-9621-9914f42bf3af___RS_Erly.B 7838.JPG,e219e45e-3a8e-46dc-9621-9914f42bf3af___RS_Erly.B 7838.JPG,Tomato___Early_blight,tomato__fungal__early_blight,tomato,fungal,Early Blight,256,256,3,1.0,RGB,JPEG,13.15,True,
datasets/raw/plantvillage/raw/color/Tomato___Early_blight/af454559-8f93-4b2d-b961-80bafe6bf43b___RS_Erly.B 8367.JPG,af454559-8f93-4b2d-b961-80bafe6bf43b___RS_Erly.B 8367.JPG,Tomato___Early_blight,tomato__fungal__early_blight,tomato,fungal,Early Blight,256,256,3,1.0,RGB,JPEG,21.35,True,
datasets/raw/plantvillage/raw/color/Tomato___Early_blight/9ba87e80-e0d5-4b50-8f7e-a0957c370320___RS_Erly.B 8324.JPG,9ba87e80-e0d5-4b50-8f7e-a0957c370320___RS_Erly.B 8324.JPG,Tomato___Early_blight,tomato__fungal__early_blight,tomato,fungal,Early Blight,256,256,3,1.0,RGB,JPEG,18.1,True,
datasets/raw/plantvillage/raw/color/Tomato___Early_blight/c2369b01-d04f-443c-b6ab-9e62e1480420___RS_Erly.B 8397.JPG,c2369b01-d04f-443c-b6ab-9e62e1480420___RS_Erly.B 8397.JPG,Tomato___Early_blight,tomato__fungal__early_blight,tomato,fungal,Early Blight,256,256,3,1.0,RGB,JPEG,18.93,True,
datasets/raw/plantvillage/raw/color/Tomato___Early_blight/42ef04d9-9bea-4bd2-9ea4-54cb16c9be24___RS_Erly.B 9616.JPG,42ef04d9-9bea-4bd2-9ea4-54cb16c9be24___RS_Erly.B 9616.JPG,Tomato___Early_blight,tomato__fungal__early_blight,tomato,fungal,Early Blight,256,256,3,1.0,RGB,JPEG,13.42,True,
datasets/raw/plantvillage/raw/color/Tomato___Early_blight/25b96058-36c9-4213-bb16-088e76cb30b1___RS_Erly.B 9417.JPG,25b96058-36c9-4213-bb16-088e76cb30b1___RS_Erly.B 9417.JPG,Tomato___Early_blight,tomato__fungal__early_blight,tomato,fungal,Early Blight,256,256,3,1.0,RGB,JPEG,13.42,True,
datasets/raw/plantvillage/raw/color/Tomato___Early_blight/3b0f2e65-0005-4b3a-b63c-4ec99b3b92e5___RS_Erly.B 8227.JPG,3b0f2e65-0005-4b3a-b63c-4ec99b3b92e5___RS_Erly.B 8227.JPG,Tomato___Early_blight,tomato__fungal__early_blight,tomato,fungal,Early Blight,256,256,3,1.0,RGB,JPEG,18.94,True,
datasets/raw/plantvillage/raw/color/Tomato___Early_blight/38685009-d6e6-4b3a-9957-bf049a210cda___RS_Erly.B 7606.JPG,38685009-d6e6-4b3a-9957-bf049a210cda___RS_Erly.B 7606.JPG,Tomato___Early_blight,tomato__fungal__early_blight,tomato,fungal,Early Blight,256,256,3,1.0,RGB,JPEG,10.66,True,
datasets/raw/plantvillage/raw/color/Tomato___Early_blight/64fd8cac-b985-45c1-9a5d-5f2f49381047___RS_Erly.B 9494.JPG,64fd8cac-b985-45c1-9a5d-5f2f49381047___RS_Erly.B 9494.JPG,Tomato___Early_blight,tomato__fungal__early_blight,tomato,fungal,Early Blight,256,256,3,1.0,RGB,JPEG,18.8,True,
datasets/raw/plantvillage/raw/color/Tomato___Early_blight/b58d7a66-097f-4167-abae-92f865407d90___RS_Erly.B 7845.JPG,b58d7a66-097f-4167-abae-92f865407d90___RS_Erly.B 7845.JPG,Tomato___Early_blight,tomato__fungal__early_blight,tomato,fungal,Early Blight,256,256,3,1.0,RGB,JPEG,24.05,True,
datasets/raw/plantvillage/raw/color/Tomato___healthy/9e2a71e5-2a59-4e62-9c6c-581fe9091a10___RS_HL 0132.JPG,9e2a71e5-2a59-4e62-9c6c-581fe9091a10___RS_HL 0132.JPG,Tomato___healthy,tomato__healthy__healthy,tomato,healthy,Healthy Leaf,256,256,3,1.0,RGB,JPEG,24.76,True,
datasets/raw/plantvillage/raw/color/Tomato___healthy/e2991a66-412d-4841-8dc0-524e38338a82___GH_HL Leaf 517.1.JPG,e2991a66-412d-4841-8dc0-524e38338a82___GH_HL Leaf 517.1.JPG,Tomato___healthy,tomato__healthy__healthy,tomato,healthy,Healthy Leaf,256,256,3,1.0,RGB,JPEG,16.51,True,
datasets/raw/plantvillage/raw/color/Tomato___healthy/a5e54e01-2cd5-482a-bfba-8728ca32473c___GH_HL Leaf 426.JPG,a5e54e01-2cd5-482a-bfba-8728ca32473c___GH_HL Leaf 426.JPG,Tomato___healthy,tomato__healthy__healthy,tomato,healthy,Healthy Leaf,256,256,3,1.0,RGB,JPEG,15.1,True,
datasets/raw/plantvillage/raw/color/Tomato___healthy/e9392a5e-2fac-48c5-a23d-df3aa3f61048___GH_HL Leaf 217.JPG,e9392a5e-2fac-48c5-a23d-df3aa3f61048___GH_HL Leaf 217.JPG,Tomato___healthy,tomato__healthy__healthy,tomato,healthy,Healthy Leaf,256,256,3,1.0,RGB,JPEG,16.64,True,
datasets/raw/plantvillage/raw/color/Tomato___healthy/ccfba9c3-41a5-40de-b71a-980bc3336ae7___GH_HL Leaf 522.2.JPG,ccfba9c3-41a5-40de-b71a-980bc3336ae7___GH_HL Leaf 522.2.JPG,Tomato___healthy,tomato__healthy__healthy,tomato,healthy,Healthy Leaf,256,256,3,1.0,RGB,JPEG,12.68,True,
datasets/raw/plantvillage/raw/color/Tomato___healthy/87a77f4d-38bd-42dc-bdd3-5f2a1fa95ca7___GH_HL Leaf 469.3.JPG,87a77f4d-38bd-42dc-bdd3-5f2a1fa95ca7___GH_HL Leaf 469.3.JPG,Tomato___healthy,tomato__healthy__healthy,tomato,healthy,Healthy Leaf,256,256,3,1.0,RGB,JPEG,10.25,True,
datasets/raw/plantvillage/raw/color/Tomato___healthy/ab1658d8-ef48-4068-b2b5-ce49fb3d06c0___GH_HL Leaf 397.1.JPG,ab1658d8-ef48-4068-b2b5-ce49fb3d06c0___GH_HL Leaf 397.1.JPG,Tomato___healthy,tomato__healthy__healthy,tomato,healthy,Healthy Leaf,256,256,3,1.0,RGB,JPEG,10.8,True,
datasets/raw/plantvillage/raw/color/Tomato___healthy/d80d474d-1d8a-4381-8960-db93b611b5c8___GH_HL Leaf 390.JPG,d80d474d-1d8a-4381-8960-db93b611b5c8___GH_HL Leaf 390.JPG,Tomato___healthy,tomato__healthy__healthy,tomato,healthy,Healthy Leaf,256,256,3,1.0,RGB,JPEG,12.89,True,
datasets/raw/plantvillage/raw/color/Tomato___healthy/efe6c986-b85c-40f1-8cb5-345acbb36b71___RS_HL 0579.JPG,efe6c986-b85c-40f1-8cb5-345acbb36b71___RS_HL 0579.JPG,Tomato___healthy,tomato__healthy__healthy,tomato,healthy,Healthy Leaf,256,256,3,1.0,RGB,JPEG,25.6,True,
datasets/raw/plantvillage/raw/color/Tomato___healthy/cdf10741-0ed4-4a27-a2e9-8970e4426730___RS_HL 0356.JPG,cdf10741-0ed4-4a27-a2e9-8970e4426730___RS_HL 0356.JPG,Tomato___healthy,tomato__healthy__healthy,tomato,healthy,Healthy Leaf,256,256,3,1.0,RGB,JPEG,24.55,True,
datasets/raw/plantvillage/raw/color/Tomato___healthy/7079935b-c669-47db-a6ae-5a12d9ccf9d7___GH_HL Leaf 331.1.JPG,7079935b-c669-47db-a6ae-5a12d9ccf9d7___GH_HL Leaf 331.1.JPG,Tomato___healthy,tomato__healthy__healthy,tomato,healthy,Healthy Leaf,256,256,3,1.0,RGB,JPEG,16.87,True,
datasets/raw/plantvillage/raw/color/Tomato___healthy/729ddd12-6c56-4f8d-bf95-ce3a066c9f29___GH_HL Leaf 188.JPG,729ddd12-6c56-4f8d-bf95-ce3a066c9f29___GH_HL Leaf 188.JPG,Tomato___healthy,tomato__healthy__healthy,tomato,healthy,Healthy Leaf,256,256,3,1.0,RGB,JPEG,19.83,True,
datasets/raw/plantvillage/raw/color/Tomato___healthy/af83b40a-8cac-4467-a44b-1a129b25e4fc___GH_HL Leaf 362.1.JPG,af83b40a-8cac-4467-a44b-1a129b25e4fc___GH_HL Leaf 362.1.JPG,Tomato___healthy,tomato__healthy__healthy,tomato,healthy,Healthy Leaf,256,256,3,1.0,RGB,JPEG,13.06,True,
datasets/raw/plantvillage/raw/color/Tomato___healthy/da7db6e5-d5d5-489a-b1b2-9b3a880cebaa___RS_HL 9769.JPG,da7db6e5-d5d5-489a-b1b2-9b3a880cebaa___RS_HL 9769.JPG,Tomato___healthy,tomato__healthy__healthy,tomato,healthy,Healthy Leaf,256,256,3,1.0,RGB,JPEG,26.31,True,
datasets/raw/plantvillage/raw/color/Tomato___healthy/2a1dd125-ece3-499f-a24b-1d00dbcc3184___GH_HL Leaf 227.JPG,2a1dd125-ece3-499f-a24b-1d00dbcc3184___GH_HL Leaf 227.JPG,Tomato___healthy,tomato__healthy__healthy,tomato,healthy,Healthy Leaf,256,256,3,1.0,RGB,JPEG,18.33,True,
datasets/raw/plantvillage/raw/color/Tomato___healthy/48e28bd8-2395-4541-a64c-fd6fab030f06___GH_HL Leaf 352.1.JPG,48e28bd8-2395-4541-a64c-fd6fab030f06___GH_HL Leaf 352.1.JPG,Tomato___healthy,tomato__healthy__healthy,tomato,healthy,Healthy Leaf,256,256,3,1.0,RGB,JPEG,16.17,True,
datasets/raw/plantvillage/raw/color/Tomato___healthy/f32a71f9-5468-4169-aa2f-e895f070bfc7___RS_HL 9997.JPG,f32a71f9-5468-4169-aa2f-e895f070bfc7___RS_HL 9997.JPG,Tomato___healthy,tomato__healthy__healthy,tomato,healthy,Healthy Leaf,256,256,3,1.0,RGB,JPEG,24.63,True,
datasets/raw/plantvillage/raw/color/Tomato___healthy/912988d9-48b0-4a21-b3cd-1e136cbe5cc6___RS_HL 0629.JPG,912988d9-48b0-4a21-b3cd-1e136cbe5cc6___RS_HL 0629.JPG,Tomato___healthy,tomato__healthy__healthy,tomato,healthy,Healthy Leaf,256,256,3,1.0,RGB,JPEG,25.67,True,
datasets/raw/plantvillage/raw/color/Tomato___healthy/9bda0790-8cb2-4dce-8b8a-debdbd08a67d___GH_HL Leaf 388.JPG,9bda0790-8cb2-4dce-8b8a-debdbd08a67d___GH_HL Leaf 388.JPG,Tomato___healthy,tomato__healthy__healthy,tomato,healthy,Healthy Leaf,256,256,3,1.0,RGB,JPEG,11.24,True,
datasets/raw/plantvillage/raw/color/Tomato___healthy/a2118ec3-8434-4e93-8a4a-aa93262dfa76___RS_HL 0551.JPG,a2118ec3-8434-4e93-8a4a-aa93262dfa76___RS_HL 0551.JPG,Tomato___healthy,tomato__healthy__healthy,tomato,healthy,Healthy Leaf,256,256,3,1.0,RGB,JPEG,26.04,True,
datasets/raw/plantvillage/raw/color/Tomato___healthy/51c29eaf-bd3a-427b-8ff7-ef970131ba95___GH_HL Leaf 345.JPG,51c29eaf-bd3a-427b-8ff7-ef970131ba95___GH_HL Leaf 345.JPG,Tomato___healthy,tomato__healthy__healthy,tomato,healthy,Healthy Leaf,256,256,3,1.0,RGB,JPEG,17.83,True,
datasets/raw/plantvillage/raw/color/Tomato___healthy/3b1ba616-6a8f-44e9-948f-5c056eb565c8___RS_HL 9980.JPG,3b1ba616-6a8f-44e9-948f-5c056eb565c8___RS_HL 9980.JPG,Tomato___healthy,tomato__healthy__healthy,tomato,healthy,Healthy Leaf,256,256,3,1.0,RGB,JPEG,24.82,True,
datasets/raw/plantvillage/raw/color/Tomato___healthy/d76f5b4a-9205-4a14-9181-5d3add326231___GH_HL Leaf 447.JPG,d76f5b4a-9205-4a14-9181-5d3add326231___GH_HL Leaf 447.JPG,Tomato___healthy,tomato__healthy__healthy,tomato,healthy,Healthy Leaf,256,256,3,1.0,RGB,JPEG,13.53,True,
datasets/raw/plantvillage/raw/color/Tomato___healthy/f1e20811-da4e-4f0f-b8ee-f325d90f6481___RS_HL 0084.JPG,f1e20811-da4e-4f0f-b8ee-f325d90f6481___RS_HL 0084.JPG,Tomato___healthy,tomato__healthy__healthy,tomato,healthy,Healthy Leaf,256,256,3,1.0,RGB,JPEG,25.9,True,
datasets/raw/plantvillage/raw/color/Tomato___healthy/62c36cad-2102-451d-aca7-93f2e58e14ab___RS_HL 0481.JPG,62c36cad-2102-451d-aca7-93f2e58e14ab___RS_HL 0481.JPG,Tomato___healthy,tomato__healthy__healthy,tomato,healthy,Healthy Leaf,256,256,3,1.0,RGB,JPEG,25.71,True,
datasets/raw/plantvillage/raw/color/Tomato___healthy/96d85e53-b980-42f7-8e3d-cd6f7ec9c287___GH_HL Leaf 520.5.JPG,96d85e53-b980-42f7-8e3d-cd6f7ec9c287___GH_HL Leaf 520.5.JPG,Tomato___healthy,tomato__healthy__healthy,tomato,healthy,Healthy Leaf,256,256,3,1.0,RGB,JPEG,13.03,True,
datasets/raw/plantvillage/raw/color/Tomato___healthy/06ee1c8d-fbe4-48e9-a1b2-fed7ed5539f7___GH_HL Leaf 293.JPG,06ee1c8d-fbe4-48e9-a1b2-fed7ed5539f7___GH_HL Leaf 293.JPG,Tomato___healthy,tomato__healthy__healthy,tomato,healthy,Healthy Leaf,256,256,3,1.0,RGB,JPEG,17.97,True,
datasets/raw/plantvillage/raw/color/Tomato___healthy/41c4774e-5193-47db-947c-27a724d0d993___RS_HL 0234.JPG,41c4774e-5193-47db-947c-27a724d0d993___RS_HL 0234.JPG,Tomato___healthy,tomato__healthy__healthy,tomato,healthy,Healthy Leaf,256,256,3,1.0,RGB,JPEG,24.48,True,
datasets/raw/plantvillage/raw/color/Tomato___healthy/1fa569d8-45ba-4633-b66d-3fdb07ed523e___RS_HL 0533.JPG,1fa569d8-45ba-4633-b66d-3fdb07ed523e___RS_HL 0533.JPG,Tomato___healthy,tomato__healthy__healthy,tomato,healthy,Healthy Leaf,256,256,3,1.0,RGB,JPEG,26.94,True,
datasets/raw/plantvillage/raw/color/Tomato___healthy/1ca23194-53c1-44a9-973a-39aa073f4a33___RS_HL 0058.JPG,1ca23194-53c1-44a9-973a-39aa073f4a33___RS_HL 0058.JPG,Tomato___healthy,tomato__healthy__healthy,tomato,healthy,Healthy Leaf,256,256,3,1.0,RGB,JPEG,24.79,True,
datasets/raw/plantvillage/raw/color/Tomato___healthy/9a97f632-a6a4-4a7e-9a82-90167fdf8fff___GH_HL Leaf 181.JPG,9a97f632-a6a4-4a7e-9a82-90167fdf8fff___GH_HL Leaf 181.JPG,Tomato___healthy,tomato__healthy__healthy,tomato,healthy,Healthy Leaf,256,256,3,1.0,RGB,JPEG,18.81,True,
datasets/raw/plantvillage/raw/color/Tomato___healthy/fb084c48-8c42-43a1-8193-191ba873bd2d___GH_HL Leaf 514.1.JPG,fb084c48-8c42-43a1-8193-191ba873bd2d___GH_HL Leaf 514.1.JPG,Tomato___healthy,tomato__healthy__healthy,tomato,healthy,Healthy Leaf,256,256,3,1.0,RGB,JPEG,16.94,True,
datasets/raw/plantvillage/raw/color/Tomato___healthy/753c3f29-c572-4765-8711-b5ac2cd0aaba___RS_HL 0310.JPG,753c3f29-c572-4765-8711-b5ac2cd0aaba___RS_HL 0310.JPG,Tomato___healthy,tomato__healthy__healthy,tomato,healthy,Healthy Leaf,256,256,3,1.0,RGB,JPEG,24.79,True,
datasets/raw/plantvillage/raw/color/Tomato___healthy/991e779d-ffcb-4f55-98f6-20575d202757___RS_HL 0166.JPG,991e779d-ffcb-4f55-98f6-20575d202757___RS_HL 0166.JPG,Tomato___healthy,tomato__healthy__healthy,tomato,healthy,Healthy Leaf,256,256,3,1.0,RGB,JPEG,26.49,True,
datasets/raw/plantvillage/raw/color/Tomato___healthy/d03457b5-ff94-4042-a225-15714454ab4e___RS_HL 0466.JPG,d03457b5-ff94-4042-a225-15714454ab4e___RS_HL 0466.JPG,Tomato___healthy,tomato__healthy__healthy,tomato,healthy,Healthy Leaf,256,256,3,1.0,RGB,JPEG,25.52,True,
datasets/raw/plantvillage/raw/color/Tomato___healthy/6da1cf1b-a236-4d45-a390-dac6b65c45f7___GH_HL Leaf 264.JPG,6da1cf1b-a236-4d45-a390-dac6b65c45f7___GH_HL Leaf 264.JPG,Tomato___healthy,tomato__healthy__healthy,tomato,healthy,Healthy Leaf,256,256,3,1.0,RGB,JPEG,15.96,True,
datasets/raw/plantvillage/raw/color/Tomato___healthy/476e6aa3-ad1e-4f86-abea-c37dfb3f8df9___RS_HL 0522.JPG,476e6aa3-ad1e-4f86-abea-c37dfb3f8df9___RS_HL 0522.JPG,Tomato___healthy,tomato__healthy__healthy,tomato,healthy,Healthy Leaf,256,256,3,1.0,RGB,JPEG,26.6,True,
datasets/raw/plantvillage/raw/color/Tomato___healthy/e531e3da-a55b-41a9-8700-3e163226bfb2___GH_HL Leaf 188.1.JPG,e531e3da-a55b-41a9-8700-3e163226bfb2___GH_HL Leaf 188.1.JPG,Tomato___healthy,tomato__healthy__healthy,tomato,healthy,Healthy Leaf,256,256,3,1.0,RGB,JPEG,17.4,True,
datasets/raw/plantvillage/raw/color/Tomato___healthy/303db099-b4e0-4c12-801d-cf501857075a___RS_HL 9942.JPG,303db099-b4e0-4c12-801d-cf501857075a___RS_HL 9942.JPG,Tomato___healthy,tomato__healthy__healthy,tomato,healthy,Healthy Leaf,256,256,3,1.0,RGB,JPEG,25.22,True,
datasets/raw/plantvillage/raw/color/Tomato___healthy/139d2f99-d25b-440d-805e-d070a399d8f1___RS_HL 0600.JPG,139d2f99-d25b-440d-805e-d070a399d8f1___RS_HL 0600.JPG,Tomato___healthy,tomato__healthy__healthy,tomato,healthy,Healthy Leaf,256,256,3,1.0,RGB,JPEG,25.28,True,
datasets/raw/plantvillage/raw/color/Tomato___healthy/2a7e1698-9747-40e6-994e-5d4dc1d2b239___RS_HL 0279.JPG,2a7e1698-9747-40e6-994e-5d4dc1d2b239___RS_HL 0279.JPG,Tomato___healthy,tomato__healthy__healthy,tomato,healthy,Healthy Leaf,256,256,3,1.0,RGB,JPEG,25.41,True,
datasets/raw/plantvillage/raw/color/Tomato___healthy/d75ed8c7-610e-4abd-8a3a-a08993a92df3___GH_HL Leaf 323.2.JPG,d75ed8c7-610e-4abd-8a3a-a08993a92df3___GH_HL Leaf 323.2.JPG,Tomato___healthy,tomato__healthy__healthy,tomato,healthy,Healthy Leaf,256,256,3,1.0,RGB,JPEG,16.47,True,
datasets/raw/plantvillage/raw/color/Tomato___healthy/9ae93bcc-5cfb-4407-a711-de800fb2853a___GH_HL Leaf 519.4.JPG,9ae93bcc-5cfb-4407-a711-de800fb2853a___GH_HL Leaf 519.4.JPG,Tomato___healthy,tomato__healthy__healthy,tomato,healthy,Healthy Leaf,256,256,3,1.0,RGB,JPEG,13.08,True,
datasets/raw/plantvillage/raw/color/Tomato___healthy/824ae544-73d2-448a-b442-a8d2cdd83922___RS_HL 9900.JPG,824ae544-73d2-448a-b442-a8d2cdd83922___RS_HL 9900.JPG,Tomato___healthy,tomato__healthy__healthy,tomato,healthy,Healthy Leaf,256,256,3,1.0,RGB,JPEG,25.51,True,
datasets/raw/plantvillage/raw/color/Tomato___healthy/a3971959-8544-4a34-95a2-d1b6a7a390af___RS_HL 0265.JPG,a3971959-8544-4a34-95a2-d1b6a7a390af___RS_HL 0265.JPG,Tomato___healthy,tomato__healthy__healthy,tomato,healthy,Healthy Leaf,256,256,3,1.0,RGB,JPEG,26.41,True,
datasets/raw/plantvillage/raw/color/Tomato___healthy/583238e5-392b-40ef-9bbe-be54bda61477___RS_HL 9869.JPG,583238e5-392b-40ef-9bbe-be54bda61477___RS_HL 9869.JPG,Tomato___healthy,tomato__healthy__healthy,tomato,healthy,Healthy Leaf,256,256,3,1.0,RGB,JPEG,23.99,True,
datasets/raw/plantvillage/raw/color/Tomato___healthy/3211fc4b-c216-46c3-9db7-b340684066b2___RS_HL 0360.JPG,3211fc4b-c216-46c3-9db7-b340684066b2___RS_HL 0360.JPG,Tomato___healthy,tomato__healthy__healthy,tomato,healthy,Healthy Leaf,256,256,3,1.0,RGB,JPEG,25.05,True,
datasets/raw/plantvillage/raw/color/Tomato___healthy/b208c306-c151-4941-85f0-47735d9b6984___RS_HL 0263.JPG,b208c306-c151-4941-85f0-47735d9b6984___RS_HL 0263.JPG,Tomato___healthy,tomato__healthy__healthy,tomato,healthy,Healthy Leaf,256,256,3,1.0,RGB,JPEG,25.64,True,
datasets/raw/plantvillage/raw/color/Tomato___healthy/3200dbab-2da4-49c9-bd74-34d67e763b22___RS_HL 0562.JPG,3200dbab-2da4-49c9-bd74-34d67e763b22___RS_HL 0562.JPG,Tomato___healthy,tomato__healthy__healthy,tomato,healthy,Healthy Leaf,256,256,3,1.0,RGB,JPEG,26.57,True,
datasets/raw/plantvillage/raw/color/Tomato___healthy/c298eb46-4b8f-4a5b-a819-ceabb2fc7211___RS_HL 9677.JPG,c298eb46-4b8f-4a5b-a819-ceabb2fc7211___RS_HL 9677.JPG,Tomato___healthy,tomato__healthy__healthy,tomato,healthy,Healthy Leaf,256,256,3,1.0,RGB,JPEG,25.7,True,
datasets/raw/plantvillage/raw/color/Tomato___healthy/6d7934cb-69fc-48fe-b493-a64b349a9094___RS_HL 9930.JPG,6d7934cb-69fc-48fe-b493-a64b349a9094___RS_HL 9930.JPG,Tomato___healthy,tomato__healthy__healthy,tomato,healthy,Healthy Leaf,256,256,3,1.0,RGB,JPEG,24.27,True,
datasets/raw/plantvillage/raw/color/Tomato___healthy/57cc95ac-1fae-4959-ba16-d65c3db753d1___RS_HL 0312.JPG,57cc95ac-1fae-4959-ba16-d65c3db753d1___RS_HL 0312.JPG,Tomato___healthy,tomato__healthy__healthy,tomato,healthy,Healthy Leaf,256,256,3,1.0,RGB,JPEG,24.62,True,
datasets/raw/plantvillage/raw/color/Tomato___healthy/68c910fc-3e1a-4db6-b225-d94ee5c60bbf___RS_HL 9713.JPG,68c910fc-3e1a-4db6-b225-d94ee5c60bbf___RS_HL 9713.JPG,Tomato___healthy,tomato__healthy__healthy,tomato,healthy,Healthy Leaf,256,256,3,1.0,RGB,JPEG,24.57,True,
datasets/raw/plantvillage/raw/color/Tomato___healthy/ae3582b0-2528-4534-954b-1f9b1372c10f___RS_HL 9861.JPG,ae3582b0-2528-4534-954b-1f9b1372c10f___RS_HL 9861.JPG,Tomato___healthy,tomato__healthy__healthy,tomato,healthy,Healthy Leaf,256,256,3,1.0,RGB,JPEG,24.32,True,
datasets/raw/plantvillage/raw/color/Tomato___healthy/b5142952-d782-4b4a-bf1b-db96da849191___RS_HL 0081.JPG,b5142952-d782-4b4a-bf1b-db96da849191___RS_HL 0081.JPG,Tomato___healthy,tomato__healthy__healthy,tomato,healthy,Healthy Leaf,256,256,3,1.0,RGB,JPEG,24.03,True,
datasets/raw/plantvillage/raw/color/Tomato___healthy/a9ebbd1c-8e4f-4ff9-b126-401cf57d3e4c___RS_HL 0328.JPG,a9ebbd1c-8e4f-4ff9-b126-401cf57d3e4c___RS_HL 0328.JPG,Tomato___healthy,tomato__healthy__healthy,tomato,healthy,Healthy Leaf,256,256,3,1.0,RGB,JPEG,24.41,True,
datasets/raw/plantvillage/raw/color/Tomato___healthy/1f763a4e-3f17-44c1-be1b-a8752d2b93a1___RS_HL 9830.JPG,1f763a4e-3f17-44c1-be1b-a8752d2b93a1___RS_HL 9830.JPG,Tomato___healthy,tomato__healthy__healthy,tomato,healthy,Healthy Leaf,256,256,3,1.0,RGB,JPEG,23.74,True,
datasets/raw/plantvillage/raw/color/Tomato___healthy/4758f78c-2d77-4f22-aee8-914c0745edcf___RS_HL 0434.JPG,4758f78c-2d77-4f22-aee8-914c0745edcf___RS_HL 0434.JPG,Tomato___healthy,tomato__healthy__healthy,tomato,healthy,Healthy Leaf,256,256,3,1.0,RGB,JPEG,25.92,True,
datasets/raw/plantvillage/raw/color/Tomato___healthy/41dc5ea4-076f-4539-8cbb-6d4e53371c50___RS_HL 0472.JPG,41dc5ea4-076f-4539-8cbb-6d4e53371c50___RS_HL 0472.JPG,Tomato___healthy,tomato__healthy__healthy,tomato,healthy,Healthy Leaf,256,256,3,1.0,RGB,JPEG,26.83,True,
datasets/raw/plantvillage/raw/color/Tomato___healthy/e6d12c88-7d13-4b26-ada8-c5b34ccc77a5___RS_HL 0435.JPG,e6d12c88-7d13-4b26-ada8-c5b34ccc77a5___RS_HL 0435.JPG,Tomato___healthy,tomato__healthy__healthy,tomato,healthy,Healthy Leaf,256,256,3,1.0,RGB,JPEG,24.64,True,
datasets/raw/plantvillage/raw/color/Tomato___healthy/5f67b4d4-4503-4149-950b-6cd08a20aaf8___RS_HL 9696.JPG,5f67b4d4-4503-4149-950b-6cd08a20aaf8___RS_HL 9696.JPG,Tomato___healthy,tomato__healthy__healthy,tomato,healthy,Healthy Leaf,256,256,3,1.0,RGB,JPEG,22.56,True,
datasets/raw/plantvillage/raw/color/Tomato___healthy/d2ce7896-6fa4-45e6-96c5-d162da0e3e1c___GH_HL Leaf 220.JPG,d2ce7896-6fa4-45e6-96c5-d162da0e3e1c___GH_HL Leaf 220.JPG,Tomato___healthy,tomato__healthy__healthy,tomato,healthy,Healthy Leaf,256,256,3,1.0,RGB,JPEG,17.75,True,
datasets/raw/plantvillage/raw/color/Tomato___healthy/6d4285ef-e3f2-4cd3-a873-efdd989cf1cb___RS_HL 0182.JPG,6d4285ef-e3f2-4cd3-a873-efdd989cf1cb___RS_HL 0182.JPG,Tomato___healthy,tomato__healthy__healthy,tomato,healthy,Healthy Leaf,256,256,3,1.0,RGB,JPEG,25.49,True,
datasets/raw/plantvillage/raw/color/Tomato___healthy/4ce3098b-aad2-4e5b-8f3b-fd827cad2c0b___RS_HL 0026.JPG,4ce3098b-aad2-4e5b-8f3b-fd827cad2c0b___RS_HL 0026.JPG,Tomato___healthy,tomato__healthy__healthy,tomato,healthy,Healthy Leaf,256,256,3,1.0,RGB,JPEG,26.5,True,
datasets/raw/plantvillage/raw/color/Tomato___healthy/c0c7cd05-de91-47b6-9702-823e34e7d332___RS_HL 0505.JPG,c0c7cd05-de91-47b6-9702-823e34e7d332___RS_HL 0505.JPG,Tomato___healthy,tomato__healthy__healthy,tomato,healthy,Healthy Leaf,256,256,3,1.0,RGB,JPEG,25.46,True,
datasets/raw/plantvillage/raw/color/Tomato___healthy/47d38fb3-c397-433f-a478-482a660b70f3___RS_HL 0113.JPG,47d38fb3-c397-433f-a478-482a660b70f3___RS_HL 0113.JPG,Tomato___healthy,tomato__healthy__healthy,tomato,healthy,Healthy Leaf,256,256,3,1.0,RGB,JPEG,24.53,True,
datasets/raw/plantvillage/raw/color/Tomato___healthy/a06cd500-b782-4be6-8f7a-377c9ed5ceab___RS_HL 9648.JPG,a06cd500-b782-4be6-8f7a-377c9ed5ceab___RS_HL 9648.JPG,Tomato___healthy,tomato__healthy__healthy,tomato,healthy,Healthy Leaf,256,256,3,1.0,RGB,JPEG,22.25,True,
datasets/raw/plantvillage/raw/color/Tomato___healthy/b917c931-67a8-4a67-9055-858c5e329b37___RS_HL 0590.JPG,b917c931-67a8-4a67-9055-858c5e329b37___RS_HL 0590.JPG,Tomato___healthy,tomato__healthy__healthy,tomato,healthy,Healthy Leaf,256,256,3,1.0,RGB,JPEG,25.64,True,
datasets/raw/plantvillage/raw/color/Tomato___healthy/f163df8f-6510-4520-82ee-779d2679af33___GH_HL Leaf 422.2.JPG,f163df8f-6510-4520-82ee-779d2679af33___GH_HL Leaf 422.2.JPG,Tomato___healthy,tomato__healthy__healthy,tomato,healthy,Healthy Leaf,256,256,3,1.0,RGB,JPEG,13.26,True,
datasets/raw/plantvillage/raw/color/Tomato___healthy/691682b4-7c83-4cb9-a0d6-e1fbdcc4fea3___RS_HL 0232.JPG,691682b4-7c83-4cb9-a0d6-e1fbdcc4fea3___RS_HL 0232.JPG,Tomato___healthy,tomato__healthy__healthy,tomato,healthy,Healthy Leaf,256,256,3,1.0,RGB,JPEG,23.78,True,
datasets/raw/plantvillage/raw/color/Tomato___healthy/abab2c83-54cb-4427-b239-7f55be4d7f78___RS_HL 9709.JPG,abab2c83-54cb-4427-b239-7f55be4d7f78___RS_HL 9709.JPG,Tomato___healthy,tomato__healthy__healthy,tomato,healthy,Healthy Leaf,256,256,3,1.0,RGB,JPEG,24.12,True,
datasets/raw/plantvillage/raw/color/Tomato___healthy/efe384e9-8131-4164-884f-dff1d0995608___RS_HL 0272.JPG,efe384e9-8131-4164-884f-dff1d0995608___RS_HL 0272.JPG,Tomato___healthy,tomato__healthy__healthy,tomato,healthy,Healthy Leaf,256,256,3,1.0,RGB,JPEG,26.26,True,
datasets/raw/plantvillage/raw/color/Tomato___healthy/7acc2f36-b465-4131-9110-265965ccdb87___RS_HL 0150.JPG,7acc2f36-b465-4131-9110-265965ccdb87___RS_HL 0150.JPG,Tomato___healthy,tomato__healthy__healthy,tomato,healthy,Healthy Leaf,256,256,3,1.0,RGB,JPEG,25.58,True,
datasets/raw/plantvillage/raw/color/Tomato___healthy/a90b4d5b-86f9-48ae-9ede-ae3ac462f9bc___RS_HL 9872.JPG,a90b4d5b-86f9-48ae-9ede-ae3ac462f9bc___RS_HL 9872.JPG,Tomato___healthy,tomato__healthy__healthy,tomato,healthy,Healthy Leaf,256,256,3,1.0,RGB,JPEG,24.46,True,
datasets/raw/plantvillage/raw/color/Tomato___healthy/2d9352d7-2509-40a1-be35-01404448266c___RS_HL 9805.JPG,2d9352d7-2509-40a1-be35-01404448266c___RS_HL 9805.JPG,Tomato___healthy,tomato__healthy__healthy,tomato,healthy,Healthy Leaf,256,256,3,1.0,RGB,JPEG,26.75,True,
datasets/raw/plantvillage/raw/color/Tomato___healthy/741595d0-322d-4711-9005-b1e39b9567c1___RS_HL 0491.JPG,741595d0-322d-4711-9005-b1e39b9567c1___RS_HL 0491.JPG,Tomato___healthy,tomato__healthy__healthy,tomato,healthy,Healthy Leaf,256,256,3,1.0,RGB,JPEG,23.93,True,
datasets/raw/plantvillage/raw/color/Tomato___healthy/b286becf-e2d6-4269-aaf4-e2df25c80cba___RS_HL 0355.JPG,b286becf-e2d6-4269-aaf4-e2df25c80cba___RS_HL 0355.JPG,Tomato___healthy,tomato__healthy__healthy,tomato,healthy,Healthy Leaf,256,256,3,1.0,RGB,JPEG,24.21,True,
datasets/raw/plantvillage/raw/color/Tomato___healthy/b3ff240c-bcdd-4926-9e87-c515cd6c2971___GH_HL Leaf 409.JPG,b3ff240c-bcdd-4926-9e87-c515cd6c2971___GH_HL Leaf 409.JPG,Tomato___healthy,tomato__healthy__healthy,tomato,healthy,Healthy Leaf,256,256,3,1.0,RGB,JPEG,16.57,True,
datasets/raw/plantvillage/raw/color/Tomato___healthy/460909e5-dd8c-48f9-9a06-6daa2b3d0529___RS_HL 0341.JPG,460909e5-dd8c-48f9-9a06-6daa2b3d0529___RS_HL 0341.JPG,Tomato___healthy,tomato__healthy__healthy,tomato,healthy,Healthy Leaf,256,256,3,1.0,RGB,JPEG,25.34,True,
datasets/raw/plantvillage/raw/color/Tomato___healthy/25080b1c-6c0f-4b11-bb31-b5cfb2429395___GH_HL Leaf 238.JPG,25080b1c-6c0f-4b11-bb31-b5cfb2429395___GH_HL Leaf 238.JPG,Tomato___healthy,tomato__healthy__healthy,tomato,healthy,Healthy Leaf,256,256,3,1.0,RGB,JPEG,19.39,True,
datasets/raw/plantvillage/raw/color/Tomato___healthy/10716d69-324b-4423-9e1e-b09559babb89___GH_HL Leaf 267.1.JPG,10716d69-324b-4423-9e1e-b09559babb89___GH_HL Leaf 267.1.JPG,Tomato___healthy,tomato__healthy__healthy,tomato,healthy,Healthy Leaf,256,256,3,1.0,RGB,JPEG,19.12,True,
datasets/raw/plantvillage/raw/color/Tomato___healthy/79e38a3e-8170-44e3-a7ce-e00bbbcf24dc___GH_HL Leaf 460.JPG,79e38a3e-8170-44e3-a7ce-e00bbbcf24dc___GH_HL Leaf 460.JPG,Tomato___healthy,tomato__healthy__healthy,tomato,healthy,Healthy Leaf,256,256,3,1.0,RGB,JPEG,14.95,True,
datasets/raw/plantvillage/raw/color/Tomato___healthy/04141939-3a8c-47b2-a582-e8371ccc120f___RS_HL 0275.JPG,04141939-3a8c-47b2-a582-e8371ccc120f___RS_HL 0275.JPG,Tomato___healthy,tomato__healthy__healthy,tomato,healthy,Healthy Leaf,256,256,3,1.0,RGB,JPEG,26.49,True,
datasets/raw/plantvillage/raw/color/Tomato___healthy/1317fd49-1819-4065-b3a4-d74f9763c7c4___RS_HL 0252.JPG,1317fd49-1819-4065-b3a4-d74f9763c7c4___RS_HL 0252.JPG,Tomato___healthy,tomato__healthy__healthy,tomato,healthy,Healthy Leaf,256,256,3,1.0,RGB,JPEG,25.05,True,
datasets/raw/plantvillage/raw/color/Tomato___healthy/db9db9c3-42af-4609-a30e-48e4797174c7___GH_HL Leaf 182.JPG,db9db9c3-42af-4609-a30e-48e4797174c7___GH_HL Leaf 182.JPG,Tomato___healthy,tomato__healthy__healthy,tomato,healthy,Healthy Leaf,256,256,3,1.0,RGB,JPEG,18.79,True,
datasets/raw/plantvillage/raw/color/Tomato___healthy/d030352a-d87f-4ee2-a619-bc68d9896004___GH_HL Leaf 197.JPG,d030352a-d87f-4ee2-a619-bc68d9896004___GH_HL Leaf 197.JPG,Tomato___healthy,tomato__healthy__healthy,tomato,healthy,Healthy Leaf,256,256,3,1.0,RGB,JPEG,16.79,True,
datasets/raw/plantvillage/raw/color/Tomato___healthy/09c0d78a-c9ca-4dc4-aa10-e25530890b20___GH_HL Leaf 424.1.JPG,09c0d78a-c9ca-4dc4-aa10-e25530890b20___GH_HL Leaf 424.1.JPG,Tomato___healthy,tomato__healthy__healthy,tomato,healthy,Healthy Leaf,256,256,3,1.0,RGB,JPEG,16.92,True,
datasets/raw/plantvillage/raw/color/Tomato___healthy/81382c17-1a00-4597-87e4-2e674d38d6d2___GH_HL Leaf 269.1.JPG,81382c17-1a00-4597-87e4-2e674d38d6d2___GH_HL Leaf 269.1.JPG,Tomato___healthy,tomato__healthy__healthy,tomato,healthy,Healthy Leaf,256,256,3,1.0,RGB,JPEG,17.23,True,
datasets/raw/plantvillage/raw/color/Tomato___healthy/ef21da16-050f-4be8-a91f-e1fa13ce3991___RS_HL 0242.JPG,ef21da16-050f-4be8-a91f-e1fa13ce3991___RS_HL 0242.JPG,Tomato___healthy,tomato__healthy__healthy,tomato,healthy,Healthy Leaf,256,256,3,1.0,RGB,JPEG,25.41,True,
datasets/raw/plantvillage/raw/color/Tomato___healthy/86a7487a-e9a1-413c-b8ad-6dfacf9c0b2a___GH_HL Leaf 413.1.JPG,86a7487a-e9a1-413c-b8ad-6dfacf9c0b2a___GH_HL Leaf 413.1.JPG,Tomato___healthy,tomato__healthy__healthy,tomato,healthy,Healthy Leaf,256,256,3,1.0,RGB,JPEG,17.03,True,
datasets/raw/plantvillage/raw/color/Tomato___healthy/c586e5df-8410-4690-aee8-25e9ef9df9a5___GH_HL Leaf 178.1.JPG,c586e5df-8410-4690-aee8-25e9ef9df9a5___GH_HL Leaf 178.1.JPG,Tomato___healthy,tomato__healthy__healthy,tomato,healthy,Healthy Leaf,256,256,3,1.0,RGB,JPEG,18.01,True,
datasets/raw/plantvillage/raw/color/Tomato___healthy/b7dd82f7-99d1-4abf-914e-9a0a88dda675___RS_HL 0046.JPG,b7dd82f7-99d1-4abf-914e-9a0a88dda675___RS_HL 0046.JPG,Tomato___healthy,tomato__healthy__healthy,tomato,healthy,Healthy Leaf,256,256,3,1.0,RGB,JPEG,25.79,True,
datasets/raw/plantvillage/raw/color/Tomato___healthy/1ae5cf7c-f03a-4591-93e9-61d9784763e0___RS_HL 0043.JPG,1ae5cf7c-f03a-4591-93e9-61d9784763e0___RS_HL 0043.JPG,Tomato___healthy,tomato__healthy__healthy,tomato,healthy,Healthy Leaf,256,256,3,1.0,RGB,JPEG,25.32,True,
datasets/raw/plantvillage/raw/color/Tomato___healthy/b842ca3c-1910-4ff3-8691-c7759830651a___RS_HL 9784.JPG,b842ca3c-1910-4ff3-8691-c7759830651a___RS_HL 9784.JPG,Tomato___healthy,tomato__healthy__healthy,tomato,healthy,Healthy Leaf,256,256,3,1.0,RGB,JPEG,24.58,True,
datasets/raw/plantvillage/raw/color/Tomato___healthy/c1dfd66e-7c0c-40a7-8280-0aa1aaf5436b___GH_HL Leaf 431.JPG,c1dfd66e-7c0c-40a7-8280-0aa1aaf5436b___GH_HL Leaf 431.JPG,Tomato___healthy,tomato__healthy__healthy,tomato,healthy,Healthy Leaf,256,256,3,1.0,RGB,JPEG,16.45,True,
datasets/raw/plantvillage/raw/color/Tomato___healthy/ba09e9e0-fafc-4303-b1e3-136fa924d339___RS_HL 0403.JPG,ba09e9e0-fafc-4303-b1e3-136fa924d339___RS_HL 0403.JPG,Tomato___healthy,tomato__healthy__healthy,tomato,healthy,Healthy Leaf,256,256,3,1.0,RGB,JPEG,23.42,True,
datasets/raw/plantvillage/raw/color/Tomato___healthy/9582a64b-e8a3-476f-9127-af5b45b0d833___RS_HL 0121.JPG,9582a64b-e8a3-476f-9127-af5b45b0d833___RS_HL 0121.JPG,Tomato___healthy,tomato__healthy__healthy,tomato,healthy,Healthy Leaf,256,256,3,1.0,RGB,JPEG,23.82,True,
datasets/raw/plantvillage/raw/color/Tomato___healthy/4b7deb4f-5bce-4915-ba64-7e75c66624c2___RS_HL 0153.JPG,4b7deb4f-5bce-4915-ba64-7e75c66624c2___RS_HL 0153.JPG,Tomato___healthy,tomato__healthy__healthy,tomato,healthy,Healthy Leaf,256,256,3,1.0,RGB,JPEG,24.77,True,
datasets/raw/plantvillage/raw/color/Tomato___healthy/1b477a6a-aa09-4c12-ad17-fbbc08cd76da___GH_HL Leaf 386.JPG,1b477a6a-aa09-4c12-ad17-fbbc08cd76da___GH_HL Leaf 386.JPG,Tomato___healthy,tomato__healthy__healthy,tomato,healthy,Healthy Leaf,256,256,3,1.0,RGB,JPEG,15.13,True,
datasets/raw/plantvillage/raw/color/Tomato___healthy/b65ccffe-a2fc-44d1-b56f-c8e97db5232e___RS_HL 0120.JPG,b65ccffe-a2fc-44d1-b56f-c8e97db5232e___RS_HL 0120.JPG,Tomato___healthy,tomato__healthy__healthy,tomato,healthy,Healthy Leaf,256,256,3,1.0,RGB,JPEG,23.31,True,
datasets/raw/plantvillage/raw/color/Tomato___healthy/514c77da-8edc-4ce5-948c-fbab6f3b2d96___RS_HL 0478.JPG,514c77da-8edc-4ce5-948c-fbab6f3b2d96___RS_HL 0478.JPG,Tomato___healthy,tomato__healthy__healthy,tomato,healthy,Healthy Leaf,256,256,3,1.0,RGB,JPEG,26.2,True,
datasets/raw/plantvillage/raw/color/Tomato___healthy/c0a9b97c-c80c-4801-a877-7fb009601ddb___RS_HL 0346.JPG,c0a9b97c-c80c-4801-a877-7fb009601ddb___RS_HL 0346.JPG,Tomato___healthy,tomato__healthy__healthy,tomato,healthy,Healthy Leaf,256,256,3,1.0,RGB,JPEG,26.33,True,
datasets/raw/plantvillage/raw/color/Tomato___healthy/f5252d99-6752-457b-b430-965d545d3b41___RS_HL 0412.JPG,f5252d99-6752-457b-b430-965d545d3b41___RS_HL 0412.JPG,Tomato___healthy,tomato__healthy__healthy,tomato,healthy,Healthy Leaf,256,256,3,1.0,RGB,JPEG,25.45,True,
datasets/raw/plantvillage/raw/color/Tomato___healthy/a3ebf7f9-543d-4df9-a09f-013ef8dd7760___RS_HL 9662.JPG,a3ebf7f9-543d-4df9-a09f-013ef8dd7760___RS_HL 9662.JPG,Tomato___healthy,tomato__healthy__healthy,tomato,healthy,Healthy Leaf,256,256,3,1.0,RGB,JPEG,25.92,True,
datasets/raw/plantvillage/raw/color/Tomato___healthy/3eaf72d6-be20-4929-b6dc-58f6c9edf2bd___RS_HL 0031.JPG,3eaf72d6-be20-4929-b6dc-58f6c9edf2bd___RS_HL 0031.JPG,Tomato___healthy,tomato__healthy__healthy,tomato,healthy,Healthy Leaf,256,256,3,1.0,RGB,JPEG,24.86,True,
datasets/raw/plantvillage/raw/color/Tomato___healthy/dc3a13dc-a628-433f-a038-a3f377bc608e___GH_HL Leaf 422.JPG,dc3a13dc-a628-433f-a038-a3f377bc608e___GH_HL Leaf 422.JPG,Tomato___healthy,tomato__healthy__healthy,tomato,healthy,Healthy Leaf,256,256,3,1.0,RGB,JPEG,13.33,True,
datasets/raw/plantvillage/raw/color/Tomato___healthy/6e583c78-1f36-4d5e-bc0e-24f3c76a2c1d___RS_HL 0284.JPG,6e583c78-1f36-4d5e-bc0e-24f3c76a2c1d___RS_HL 0284.JPG,Tomato___healthy,tomato__healthy__healthy,tomato,healthy,Healthy Leaf,256,256,3,1.0,RGB,JPEG,27.3,True,
datasets/raw/plantvillage/raw/color/Tomato___healthy/0a86ddc0-4950-4efc-9260-0f16d4db046b___RS_HL 0469.JPG,0a86ddc0-4950-4efc-9260-0f16d4db046b___RS_HL 0469.JPG,Tomato___healthy,tomato__healthy__healthy,tomato,healthy,Healthy Leaf,256,256,3,1.0,RGB,JPEG,25.87,True,
datasets/raw/plantvillage/raw/color/Tomato___healthy/89662229-ef90-4f4a-ac7a-74542f88377d___GH_HL Leaf 495.3.JPG,89662229-ef90-4f4a-ac7a-74542f88377d___GH_HL Leaf 495.3.JPG,Tomato___healthy,tomato__healthy__healthy,tomato,healthy,Healthy Leaf,256,256,3,1.0,RGB,JPEG,13.04,True,
datasets/raw/plantvillage/raw/color/Tomato___healthy/fdbbea63-18e0-401f-8269-64ba005ab53f___RS_HL 0213.JPG,fdbbea63-18e0-401f-8269-64ba005ab53f___RS_HL 0213.JPG,Tomato___healthy,tomato__healthy__healthy,tomato,healthy,Healthy Leaf,256,256,3,1.0,RGB,JPEG,25.38,True,
datasets/raw/plantvillage/raw/color/Tomato___healthy/4916cbbb-a567-4263-a56d-521abadfb0b8___RS_HL 0480.JPG,4916cbbb-a567-4263-a56d-521abadfb0b8___RS_HL 0480.JPG,Tomato___healthy,tomato__healthy__healthy,tomato,healthy,Healthy Leaf,256,256,3,1.0,RGB,JPEG,25.38,True,
datasets/raw/plantvillage/raw/color/Tomato___healthy/0184dc6b-bfc1-4515-ac59-bbadaf524e1a___GH_HL Leaf 422.1.JPG,0184dc6b-bfc1-4515-ac59-bbadaf524e1a___GH_HL Leaf 422.1.JPG,Tomato___healthy,tomato__healthy__healthy,tomato,healthy,Healthy Leaf,256,256,3,1.0,RGB,JPEG,13.42,True,
datasets/raw/plantvillage/raw/color/Tomato___healthy/6f5b57d9-46c8-41b6-9f79-eda044f687b1___RS_HL 9962.JPG,6f5b57d9-46c8-41b6-9f79-eda044f687b1___RS_HL 9962.JPG,Tomato___healthy,tomato__healthy__healthy,tomato,healthy,Healthy Leaf,256,256,3,1.0,RGB,JPEG,25.88,True,
datasets/raw/plantvillage/raw/color/Tomato___healthy/2e4b9ef4-4ee8-4a50-aac0-de7c001f36d4___GH_HL Leaf 288.1.JPG,2e4b9ef4-4ee8-4a50-aac0-de7c001f36d4___GH_HL Leaf 288.1.JPG,Tomato___healthy,tomato__healthy__healthy,tomato,healthy,Healthy Leaf,256,256,3,1.0,RGB,JPEG,18.59,True,
datasets/raw/plantvillage/raw/color/Tomato___healthy/43f6d6f0-be8e-4120-8c86-fad3bcfd5c03___RS_HL 0180.JPG,43f6d6f0-be8e-4120-8c86-fad3bcfd5c03___RS_HL 0180.JPG,Tomato___healthy,tomato__healthy__healthy,tomato,healthy,Healthy Leaf,256,256,3,1.0,RGB,JPEG,24.88,True,
datasets/raw/plantvillage/raw/color/Tomato___healthy/2b4ab56e-4afa-4b0f-910a-3270e90c707c___RS_HL 0035.JPG,2b4ab56e-4afa-4b0f-910a-3270e90c707c___RS_HL 0035.JPG,Tomato___healthy,tomato__healthy__healthy,tomato,healthy,Healthy Leaf,256,256,3,1.0,RGB,JPEG,23.48,True,
datasets/raw/plantvillage/raw/color/Tomato___healthy/4184da3b-ccbd-4880-9aa7-dbb868a7f571___GH_HL Leaf 355.JPG,4184da3b-ccbd-4880-9aa7-dbb868a7f571___GH_HL Leaf 355.JPG,Tomato___healthy,tomato__healthy__healthy,tomato,healthy,Healthy Leaf,256,256,3,1.0,RGB,JPEG,15.95,True,
datasets/raw/plantvillage/raw/color/Tomato___healthy/23ffcd05-2b2a-48d2-a694-5c292e910b66___RS_HL 9842.JPG,23ffcd05-2b2a-48d2-a694-5c292e910b66___RS_HL 9842.JPG,Tomato___healthy,tomato__healthy__healthy,tomato,healthy,Healthy Leaf,256,256,3,1.0,RGB,JPEG,23.74,True,
datasets/raw/plantvillage/raw/color/Tomato___healthy/cb4a744a-1f1d-4cb1-b2a4-f1e1a12426ca___RS_HL 9970.JPG,cb4a744a-1f1d-4cb1-b2a4-f1e1a12426ca___RS_HL 9970.JPG,Tomato___healthy,tomato__healthy__healthy,tomato,healthy,Healthy Leaf,256,256,3,1.0,RGB,JPEG,24.71,True,
datasets/raw/plantvillage/raw/color/Tomato___healthy/3f730857-e87b-4de0-bcbb-fdf0314e2250___GH_HL Leaf 245.1.JPG,3f730857-e87b-4de0-bcbb-fdf0314e2250___GH_HL Leaf 245.1.JPG,Tomato___healthy,tomato__healthy__healthy,tomato,healthy,Healthy Leaf,256,256,3,1.0,RGB,JPEG,18.09,True,
datasets/raw/plantvillage/raw/color/Tomato___healthy/67549f03-2c86-44b7-9730-32d4a23287f3___GH_HL Leaf 495.2.JPG,67549f03-2c86-44b7-9730-32d4a23287f3___GH_HL Leaf 495.2.JPG,Tomato___healthy,tomato__healthy__healthy,tomato,healthy,Healthy Leaf,256,256,3,1.0,RGB,JPEG,15.35,True,
datasets/raw/plantvillage/raw/color/Tomato___healthy/fc22b565-e97b-454d-8792-fd945d1badc5___RS_HL 9880.JPG,fc22b565-e97b-454d-8792-fd945d1badc5___RS_HL 9880.JPG,Tomato___healthy,tomato__healthy__healthy,tomato,healthy,Healthy Leaf,256,256,3,1.0,RGB,JPEG,24.91,True,
datasets/raw/plantvillage/raw/color/Tomato___healthy/9d59d9f3-d9f2-45e7-b441-bcf453ceea73___RS_HL 0329.JPG,9d59d9f3-d9f2-45e7-b441-bcf453ceea73___RS_HL 0329.JPG,Tomato___healthy,tomato__healthy__healthy,tomato,healthy,Healthy Leaf,256,256,3,1.0,RGB,JPEG,25.03,True,
datasets/raw/plantvillage/raw/color/Tomato___healthy/3a48952b-cb72-4678-baca-d622971c78d0___RS_HL 9877.JPG,3a48952b-cb72-4678-baca-d622971c78d0___RS_HL 9877.JPG,Tomato___healthy,tomato__healthy__healthy,tomato,healthy,Healthy Leaf,256,256,3,1.0,RGB,JPEG,25.37,True,
datasets/raw/plantvillage/raw/color/Tomato___healthy/fb123526-11fd-4d0d-96cc-3423da0b61a2___RS_HL 9756.JPG,fb123526-11fd-4d0d-96cc-3423da0b61a2___RS_HL 9756.JPG,Tomato___healthy,tomato__healthy__healthy,tomato,healthy,Healthy Leaf,256,256,3,1.0,RGB,JPEG,25.09,True,
datasets/raw/plantvillage/raw/color/Tomato___healthy/65c31a47-0609-481c-b077-1ff6225fe2bb___RS_HL 0208.JPG,65c31a47-0609-481c-b077-1ff6225fe2bb___RS_HL 0208.JPG,Tomato___healthy,tomato__healthy__healthy,tomato,healthy,Healthy Leaf,256,256,3,1.0,RGB,JPEG,25.53,True,
datasets/raw/plantvillage/raw/color/Tomato___healthy/da3e3bf7-80da-479b-99f1-f86f18d8a264___GH_HL Leaf 511.1.JPG,da3e3bf7-80da-479b-99f1-f86f18d8a264___GH_HL Leaf 511.1.JPG,Tomato___healthy,tomato__healthy__healthy,tomato,healthy,Healthy Leaf,256,256,3,1.0,RGB,JPEG,15.77,True,
datasets/raw/plantvillage/raw/color/Tomato___healthy/724de01c-90cd-48e7-9360-749bb5b4713b___GH_HL Leaf 271.1.JPG,724de01c-90cd-48e7-9360-749bb5b4713b___GH_HL Leaf 271.1.JPG,Tomato___healthy,tomato__healthy__healthy,tomato,healthy,Healthy Leaf,256,256,3,1.0,RGB,JPEG,16.86,True,
datasets/raw/plantvillage/raw/color/Tomato___healthy/dca7fa13-14bd-4d24-abbf-1fe2e02eac7e___GH_HL Leaf 295.JPG,dca7fa13-14bd-4d24-abbf-1fe2e02eac7e___GH_HL Leaf 295.JPG,Tomato___healthy,tomato__healthy__healthy,tomato,healthy,Healthy Leaf,256,256,3,1.0,RGB,JPEG,16.82,True,
datasets/raw/plantvillage/raw/color/Tomato___healthy/82ff3b7a-c7ad-47ec-8578-475f72efc1ae___RS_HL 0020.JPG,82ff3b7a-c7ad-47ec-8578-475f72efc1ae___RS_HL 0020.JPG,Tomato___healthy,tomato__healthy__healthy,tomato,healthy,Healthy Leaf,256,256,3,1.0,RGB,JPEG,24.8,True,
datasets/raw/plantvillage/raw/color/Tomato___healthy/0e1d7722-3df9-4a3a-a4e2-bc0ea3ce0da4___RS_HL 9979.JPG,0e1d7722-3df9-4a3a-a4e2-bc0ea3ce0da4___RS_HL 9979.JPG,Tomato___healthy,tomato__healthy__healthy,tomato,healthy,Healthy Leaf,256,256,3,1.0,RGB,JPEG,23.12,True,
datasets/raw/plantvillage/raw/color/Tomato___healthy/9be696de-84ac-4275-b9b0-a6a54e8a1813___GH_HL Leaf 244.JPG,9be696de-84ac-4275-b9b0-a6a54e8a1813___GH_HL Leaf 244.JPG,Tomato___healthy,tomato__healthy__healthy,tomato,healthy,Healthy Leaf,256,256,3,1.0,RGB,JPEG,18.32,True,
datasets/raw/plantvillage/raw/color/Tomato___healthy/ebdffabc-9920-4d0b-9f7d-7fb3ee5b731e___RS_HL 0099.JPG,ebdffabc-9920-4d0b-9f7d-7fb3ee5b731e___RS_HL 0099.JPG,Tomato___healthy,tomato__healthy__healthy,tomato,healthy,Healthy Leaf,256,256,3,1.0,RGB,JPEG,24.26,True,
datasets/raw/plantvillage/raw/color/Tomato___healthy/b3e24070-34b9-4dcb-8c84-026affadfb4b___GH_HL Leaf 360.JPG,b3e24070-34b9-4dcb-8c84-026affadfb4b___GH_HL Leaf 360.JPG,Tomato___healthy,tomato__healthy__healthy,tomato,healthy,Healthy Leaf,256,256,3,1.0,RGB,JPEG,17.17,True,
datasets/raw/plantvillage/raw/color/Tomato___healthy/02b4afdf-e1de-4c0e-a38d-3f19afeb9ea9___RS_HL 0493.JPG,02b4afdf-e1de-4c0e-a38d-3f19afeb9ea9___RS_HL 0493.JPG,Tomato___healthy,tomato__healthy__healthy,tomato,healthy,Healthy Leaf,256,256,3,1.0,RGB,JPEG,23.7,True,
datasets/raw/plantvillage/raw/color/Tomato___healthy/6d2b6ab9-dd43-446a-ae14-0fc3fb12b9ca___GH_HL Leaf 265.2.JPG,6d2b6ab9-dd43-446a-ae14-0fc3fb12b9ca___GH_HL Leaf 265.2.JPG,Tomato___healthy,tomato__healthy__healthy,tomato,healthy,Healthy Leaf,256,256,3,1.0,RGB,JPEG,17.41,True,
datasets/raw/plantvillage/raw/color/Tomato___healthy/16f3a461-aafc-49e9-8973-39a52190985a___RS_HL 9803.JPG,16f3a461-aafc-49e9-8973-39a52190985a___RS_HL 9803.JPG,Tomato___healthy,tomato__healthy__healthy,tomato,healthy,Healthy Leaf,256,256,3,1.0,RGB,JPEG,25.86,True,
datasets/raw/plantvillage/raw/color/Tomato___healthy/ec57d9f8-7dcc-49e6-9ce7-af7d01eda4d1___RS_HL 9718.JPG,ec57d9f8-7dcc-49e6-9ce7-af7d01eda4d1___RS_HL 9718.JPG,Tomato___healthy,tomato__healthy__healthy,tomato,healthy,Healthy Leaf,256,256,3,1.0,RGB,JPEG,23.97,True,
datasets/raw/plantvillage/raw/color/Tomato___healthy/c8b14af0-f81f-474d-8fa9-aa3f5b05c618___RS_HL 0532.JPG,c8b14af0-f81f-474d-8fa9-aa3f5b05c618___RS_HL 0532.JPG,Tomato___healthy,tomato__healthy__healthy,tomato,healthy,Healthy Leaf,256,256,3,1.0,RGB,JPEG,26.19,True,
datasets/raw/plantvillage/raw/color/Tomato___healthy/e110eaa3-3f80-477f-ad86-18b7e308b764___RS_HL 0349.JPG,e110eaa3-3f80-477f-ad86-18b7e308b764___RS_HL 0349.JPG,Tomato___healthy,tomato__healthy__healthy,tomato,healthy,Healthy Leaf,256,256,3,1.0,RGB,JPEG,25.31,True,
datasets/raw/plantvillage/raw/color/Tomato___healthy/e95c13d4-9ba6-452e-b53c-03007f575401___GH_HL Leaf 320.JPG,e95c13d4-9ba6-452e-b53c-03007f575401___GH_HL Leaf 320.JPG,Tomato___healthy,tomato__healthy__healthy,tomato,healthy,Healthy Leaf,256,256,3,1.0,RGB,JPEG,16.19,True,
datasets/raw/plantvillage/raw/color/Tomato___healthy/99736699-54e4-4c14-bcce-6c249444e156___RS_HL 0165.JPG,99736699-54e4-4c14-bcce-6c249444e156___RS_HL 0165.JPG,Tomato___healthy,tomato__healthy__healthy,tomato,healthy,Healthy Leaf,256,256,3,1.0,RGB,JPEG,25.85,True,
datasets/raw/plantvillage/raw/color/Tomato___healthy/387dd4db-733b-4d6a-b87e-77ab2f2890a8___RS_HL 9866.JPG,387dd4db-733b-4d6a-b87e-77ab2f2890a8___RS_HL 9866.JPG,Tomato___healthy,tomato__healthy__healthy,tomato,healthy,Healthy Leaf,256,256,3,1.0,RGB,JPEG,25.09,True,
datasets/raw/plantvillage/raw/color/Tomato___healthy/c57d8785-87fa-4ac4-af26-048936a5dbf0___RS_HL 0325.JPG,c57d8785-87fa-4ac4-af26-048936a5dbf0___RS_HL 0325.JPG,Tomato___healthy,tomato__healthy__healthy,tomato,healthy,Healthy Leaf,256,256,3,1.0,RGB,JPEG,25.66,True,
datasets/raw/plantvillage/raw/color/Tomato___healthy/e1860bf2-2656-4dba-b9de-f80932bca552___RS_HL 0398.JPG,e1860bf2-2656-4dba-b9de-f80932bca552___RS_HL 0398.JPG,Tomato___healthy,tomato__healthy__healthy,tomato,healthy,Healthy Leaf,256,256,3,1.0,RGB,JPEG,26.39,True,
datasets/raw/plantvillage/raw/color/Tomato___healthy/6cabb19a-2a35-4897-a646-a13e3cf494c6___RS_HL 0591.JPG,6cabb19a-2a35-4897-a646-a13e3cf494c6___RS_HL 0591.JPG,Tomato___healthy,tomato__healthy__healthy,tomato,healthy,Healthy Leaf,256,256,3,1.0,RGB,JPEG,25.32,True,
datasets/raw/plantvillage/raw/color/Tomato___healthy/e2085395-2d3c-4698-ad7f-da9fdc73c4d1___GH_HL Leaf 254.JPG,e2085395-2d3c-4698-ad7f-da9fdc73c4d1___GH_HL Leaf 254.JPG,Tomato___healthy,tomato__healthy__healthy,tomato,healthy,Healthy Leaf,256,256,3,1.0,RGB,JPEG,16.24,True,
datasets/raw/plantvillage/raw/color/Tomato___healthy/2503cc16-ff09-4437-9d4b-4316e2c32764___GH_HL Leaf 235.JPG,2503cc16-ff09-4437-9d4b-4316e2c32764___GH_HL Leaf 235.JPG,Tomato___healthy,tomato__healthy__healthy,tomato,healthy,Healthy Leaf,256,256,3,1.0,RGB,JPEG,16.27,True,
datasets/raw/plantvillage/raw/color/Tomato___healthy/7d1cbe82-bda7-498a-ac8f-f01a0e279940___RS_HL 9639.JPG,7d1cbe82-bda7-498a-ac8f-f01a0e279940___RS_HL 9639.JPG,Tomato___healthy,tomato__healthy__healthy,tomato,healthy,Healthy Leaf,256,256,3,1.0,RGB,JPEG,24.34,True,
datasets/raw/plantvillage/raw/color/Tomato___healthy/54bb7e75-5b69-4777-ad28-6a676e5fd46d___RS_HL 9631.JPG,54bb7e75-5b69-4777-ad28-6a676e5fd46d___RS_HL 9631.JPG,Tomato___healthy,tomato__healthy__healthy,tomato,healthy,Healthy Leaf,256,256,3,1.0,RGB,JPEG,23.05,True,
datasets/raw/plantvillage/raw/color/Tomato___healthy/afbedba8-4d3a-4816-9c55-bd666d262b59___RS_HL 9841.JPG,afbedba8-4d3a-4816-9c55-bd666d262b59___RS_HL 9841.JPG,Tomato___healthy,tomato__healthy__healthy,tomato,healthy,Healthy Leaf,256,256,3,1.0,RGB,JPEG,25.34,True,
datasets/raw/plantvillage/raw/color/Tomato___healthy/9c42acb9-3794-41d5-acc0-3c4949aa5e52___RS_HL 0442.JPG,9c42acb9-3794-41d5-acc0-3c4949aa5e52___RS_HL 0442.JPG,Tomato___healthy,tomato__healthy__healthy,tomato,healthy,Healthy Leaf,256,256,3,1.0,RGB,JPEG,26.18,True,
datasets/raw/plantvillage/raw/color/Tomato___healthy/509601a4-652c-4666-bb90-44e4a6d98062___RS_HL 9764.JPG,509601a4-652c-4666-bb90-44e4a6d98062___RS_HL 9764.JPG,Tomato___healthy,tomato__healthy__healthy,tomato,healthy,Healthy Leaf,256,256,3,1.0,RGB,JPEG,22.75,True,
datasets/raw/plantvillage/raw/color/Tomato___healthy/4f334ff5-0f0a-4d15-8760-448bebddd4f2___GH_HL Leaf 527.JPG,4f334ff5-0f0a-4d15-8760-448bebddd4f2___GH_HL Leaf 527.JPG,Tomato___healthy,tomato__healthy__healthy,tomato,healthy,Healthy Leaf,256,256,3,1.0,RGB,JPEG,12.54,True,
datasets/raw/plantvillage/raw/color/Tomato___healthy/416458ca-7db6-4383-ae0b-21ae2860af1b___RS_HL 0535.JPG,416458ca-7db6-4383-ae0b-21ae2860af1b___RS_HL 0535.JPG,Tomato___healthy,tomato__healthy__healthy,tomato,healthy,Healthy Leaf,256,256,3,1.0,RGB,JPEG,25.47,True,
datasets/raw/plantvillage/raw/color/Tomato___healthy/0caff918-5807-40f2-b9e4-7dd34a7bab5d___RS_HL 0345.JPG,0caff918-5807-40f2-b9e4-7dd34a7bab5d___RS_HL 0345.JPG,Tomato___healthy,tomato__healthy__healthy,tomato,healthy,Healthy Leaf,256,256,3,1.0,RGB,JPEG,25.1,True,
datasets/raw/plantvillage/raw/color/Tomato___healthy/2b8306e4-7898-4f27-b659-b0061c4c3832___RS_HL 0440.JPG,2b8306e4-7898-4f27-b659-b0061c4c3832___RS_HL 0440.JPG,Tomato___healthy,tomato__healthy__healthy,tomato,healthy,Healthy Leaf,256,256,3,1.0,RGB,JPEG,26.66,True,
datasets/raw/plantvillage/raw/color/Tomato___healthy/84eb25b9-4855-4fde-9a2c-28c2de1bfb22___RS_HL 9680.JPG,84eb25b9-4855-4fde-9a2c-28c2de1bfb22___RS_HL 9680.JPG,Tomato___healthy,tomato__healthy__healthy,tomato,healthy,Healthy Leaf,256,256,3,1.0,RGB,JPEG,23.8,True,
datasets/raw/plantvillage/raw/color/Tomato___healthy/bb06c1c7-3f4d-45d0-8882-b2eb8861b834___GH_HL Leaf 372.JPG,bb06c1c7-3f4d-45d0-8882-b2eb8861b834___GH_HL Leaf 372.JPG,Tomato___healthy,tomato__healthy__healthy,tomato,healthy,Healthy Leaf,256,256,3,1.0,RGB,JPEG,15.72,True,
datasets/raw/plantvillage/raw/color/Tomato___healthy/0c8c9c80-b7e0-47a7-81d3-b5a2174e545d___GH_HL Leaf 496.1.JPG,0c8c9c80-b7e0-47a7-81d3-b5a2174e545d___GH_HL Leaf 496.1.JPG,Tomato___healthy,tomato__healthy__healthy,tomato,healthy,Healthy Leaf,256,256,3,1.0,RGB,JPEG,11.64,True,
datasets/raw/plantvillage/raw/color/Tomato___healthy/28e62e2d-8aba-48df-9eff-3d70a5b7775d___RS_HL 9870.JPG,28e62e2d-8aba-48df-9eff-3d70a5b7775d___RS_HL 9870.JPG,Tomato___healthy,tomato__healthy__healthy,tomato,healthy,Healthy Leaf,256,256,3,1.0,RGB,JPEG,25.7,True,
datasets/raw/plantvillage/raw/color/Tomato___healthy/5d1894ec-b384-4a2a-951c-0ef866776500___GH_HL Leaf 523.4.JPG,5d1894ec-b384-4a2a-951c-0ef866776500___GH_HL Leaf 523.4.JPG,Tomato___healthy,tomato__healthy__healthy,tomato,healthy,Healthy Leaf,256,256,3,1.0,RGB,JPEG,13.27,True,
datasets/raw/plantvillage/raw/color/Tomato___healthy/014b5e19-7917-4d76-b632-b5dd31d999ec___RS_HL 9640.JPG,014b5e19-7917-4d76-b632-b5dd31d999ec___RS_HL 9640.JPG,Tomato___healthy,tomato__healthy__healthy,tomato,healthy,Healthy Leaf,256,256,3,1.0,RGB,JPEG,23.95,True,
datasets/raw/plantvillage/raw/color/Tomato___healthy/9d6f9a0d-9221-40ed-8787-03b69d87d99e___RS_HL 0048.JPG,9d6f9a0d-9221-40ed-8787-03b69d87d99e___RS_HL 0048.JPG,Tomato___healthy,tomato__healthy__healthy,tomato,healthy,Healthy Leaf,256,256,3,1.0,RGB,JPEG,24.27,True,
datasets/raw/plantvillage/raw/color/Tomato___healthy/ca553e23-a738-485a-95e6-3b578477d3f4___RS_HL 9854.JPG,ca553e23-a738-485a-95e6-3b578477d3f4___RS_HL 9854.JPG,Tomato___healthy,tomato__healthy__healthy,tomato,healthy,Healthy Leaf,256,256,3,1.0,RGB,JPEG,25.65,True,
datasets/raw/plantvillage/raw/color/Tomato___healthy/e3cc41f4-f960-44b9-96cd-61e3bd184e6d___RS_HL 0138.JPG,e3cc41f4-f960-44b9-96cd-61e3bd184e6d___RS_HL 0138.JPG,Tomato___healthy,tomato__healthy__healthy,tomato,healthy,Healthy Leaf,256,256,3,1.0,RGB,JPEG,25.51,True,
datasets/raw/plantvillage/raw/color/Tomato___healthy/8b94be33-e461-4004-8891-0a69598cea6b___GH_HL Leaf 223.1.JPG,8b94be33-e461-4004-8891-0a69598cea6b___GH_HL Leaf 223.1.JPG,Tomato___healthy,tomato__healthy__healthy,tomato,healthy,Healthy Leaf,256,256,3,1.0,RGB,JPEG,18.0,True,
datasets/raw/plantvillage/raw/color/Tomato___healthy/042d59c2-2fd8-45c2-91bb-c0a05dd07f30___RS_HL 0257.JPG,042d59c2-2fd8-45c2-91bb-c0a05dd07f30___RS_HL 0257.JPG,Tomato___healthy,tomato__healthy__healthy,tomato,healthy,Healthy Leaf,256,256,3,1.0,RGB,JPEG,25.34,True,
datasets/raw/plantvillage/raw/color/Tomato___healthy/e020155a-f93a-496c-adc6-1810b4cea333___GH_HL Leaf 206.JPG,e020155a-f93a-496c-adc6-1810b4cea333___GH_HL Leaf 206.JPG,Tomato___healthy,tomato__healthy__healthy,tomato,healthy,Healthy Leaf,256,256,3,1.0,RGB,JPEG,17.89,True,
datasets/raw/plantvillage/raw/color/Tomato___healthy/07b44f68-fa0b-44b5-91cc-c6a7144fcc93___RS_HL 0357.JPG,07b44f68-fa0b-44b5-91cc-c6a7144fcc93___RS_HL 0357.JPG,Tomato___healthy,tomato__healthy__healthy,tomato,healthy,Healthy Leaf,256,256,3,1.0,RGB,JPEG,23.9,True,
datasets/raw/plantvillage/raw/color/Tomato___healthy/0971aa89-8f72-4f66-b4ee-dceca73add54___GH_HL Leaf 318.JPG,0971aa89-8f72-4f66-b4ee-dceca73add54___GH_HL Leaf 318.JPG,Tomato___healthy,tomato__healthy__healthy,tomato,healthy,Healthy Leaf,256,256,3,1.0,RGB,JPEG,17.79,True,
datasets/raw/plantvillage/raw/color/Tomato___healthy/f6884753-9a44-4f1c-a99b-ef40faa2df5a___RS_HL 0492.JPG,f6884753-9a44-4f1c-a99b-ef40faa2df5a___RS_HL 0492.JPG,Tomato___healthy,tomato__healthy__healthy,tomato,healthy,Healthy Leaf,256,256,3,1.0,RGB,JPEG,24.66,True,
datasets/raw/plantvillage/raw/color/Tomato___healthy/6ce07d35-afb2-4290-9239-ef1dcb92acd8___GH_HL Leaf 492.1.JPG,6ce07d35-afb2-4290-9239-ef1dcb92acd8___GH_HL Leaf 492.1.JPG,Tomato___healthy,tomato__healthy__healthy,tomato,healthy,Healthy Leaf,256,256,3,1.0,RGB,JPEG,13.5,True,
datasets/raw/plantvillage/raw/color/Tomato___healthy/87d30769-5aea-4648-8105-788267115242___GH_HL Leaf 414.1.JPG,87d30769-5aea-4648-8105-788267115242___GH_HL Leaf 414.1.JPG,Tomato___healthy,tomato__healthy__healthy,tomato,healthy,Healthy Leaf,256,256,3,1.0,RGB,JPEG,17.04,True,
datasets/raw/plantvillage/raw/color/Tomato___healthy/76284899-9c5e-44bf-a160-02649418ec49___RS_HL 0077.JPG,76284899-9c5e-44bf-a160-02649418ec49___RS_HL 0077.JPG,Tomato___healthy,tomato__healthy__healthy,tomato,healthy,Healthy Leaf,256,256,3,1.0,RGB,JPEG,24.82,True,
datasets/raw/plantvillage/raw/color/Tomato___healthy/1a02fa87-a194-482e-b4ac-8dec2064d793___RS_HL 0022.JPG,1a02fa87-a194-482e-b4ac-8dec2064d793___RS_HL 0022.JPG,Tomato___healthy,tomato__healthy__healthy,tomato,healthy,Healthy Leaf,256,256,3,1.0,RGB,JPEG,24.68,True,
datasets/raw/plantvillage/raw/color/Tomato___healthy/e28f30cb-755a-459b-b653-96d44b3b01b5___RS_HL 9926.JPG,e28f30cb-755a-459b-b653-96d44b3b01b5___RS_HL 9926.JPG,Tomato___healthy,tomato__healthy__healthy,tomato,healthy,Healthy Leaf,256,256,3,1.0,RGB,JPEG,26.26,True,
datasets/raw/plantvillage/raw/color/Tomato___healthy/debe033e-a878-46dc-8336-8bc25811df35___GH_HL Leaf 303.JPG,debe033e-a878-46dc-8336-8bc25811df35___GH_HL Leaf 303.JPG,Tomato___healthy,tomato__healthy__healthy,tomato,healthy,Healthy Leaf,256,256,3,1.0,RGB,JPEG,18.69,True,
datasets/raw/plantvillage/raw/color/Tomato___healthy/d454ff7e-7a9d-45c1-b7f1-d098edcb1fa7___RS_HL 0418.JPG,d454ff7e-7a9d-45c1-b7f1-d098edcb1fa7___RS_HL 0418.JPG,Tomato___healthy,tomato__healthy__healthy,tomato,healthy,Healthy Leaf,256,256,3,1.0,RGB,JPEG,26.94,True,
datasets/raw/plantvillage/raw/color/Tomato___healthy/6ca96968-d8cd-4849-a0d5-0784e585d768___RS_HL 0302.JPG,6ca96968-d8cd-4849-a0d5-0784e585d768___RS_HL 0302.JPG,Tomato___healthy,tomato__healthy__healthy,tomato,healthy,Healthy Leaf,256,256,3,1.0,RGB,JPEG,27.97,True,
datasets/raw/plantvillage/raw/color/Tomato___healthy/06040967-7b02-43b5-a3fc-4490a9a7ded6___RS_HL 0508.JPG,06040967-7b02-43b5-a3fc-4490a9a7ded6___RS_HL 0508.JPG,Tomato___healthy,tomato__healthy__healthy,tomato,healthy,Healthy Leaf,256,256,3,1.0,RGB,JPEG,27.08,True,
datasets/raw/plantvillage/raw/color/Tomato___healthy/f437a6f0-4c35-4d6b-8eaa-ca57f18fad53___GH_HL Leaf 229.JPG,f437a6f0-4c35-4d6b-8eaa-ca57f18fad53___GH_HL Leaf 229.JPG,Tomato___healthy,tomato__healthy__healthy,tomato,healthy,Healthy Leaf,256,256,3,1.0,RGB,JPEG,16.5,True,
datasets/raw/plantvillage/raw/color/Tomato___healthy/b089aa0a-1778-4c3d-ad5d-7997a9b97dbb___GH_HL Leaf 481.JPG,b089aa0a-1778-4c3d-ad5d-7997a9b97dbb___GH_HL Leaf 481.JPG,Tomato___healthy,tomato__healthy__healthy,tomato,healthy,Healthy Leaf,256,256,3,1.0,RGB,JPEG,16.91,True,
datasets/raw/plantvillage/raw/color/Tomato___healthy/fae1be6a-cac5-481b-96ab-4a4abae39af5___RS_HL 0227.JPG,fae1be6a-cac5-481b-96ab-4a4abae39af5___RS_HL 0227.JPG,Tomato___healthy,tomato__healthy__healthy,tomato,healthy,Healthy Leaf,256,256,3,1.0,RGB,JPEG,24.59,True,
datasets/raw/plantvillage/raw/color/Tomato___healthy/ae7304a4-58ad-4a45-aab4-6f18ee303a43___RS_HL 0183.JPG,ae7304a4-58ad-4a45-aab4-6f18ee303a43___RS_HL 0183.JPG,Tomato___healthy,tomato__healthy__healthy,tomato,healthy,Healthy Leaf,256,256,3,1.0,RGB,JPEG,24.07,True,
datasets/raw/plantvillage/raw/color/Tomato___healthy/709e6c14-61e3-4157-b371-f143ca5b1fda___GH_HL Leaf 256.JPG,709e6c14-61e3-4157-b371-f143ca5b1fda___GH_HL Leaf 256.JPG,Tomato___healthy,tomato__healthy__healthy,tomato,healthy,Healthy Leaf,256,256,3,1.0,RGB,JPEG,17.39,True,
datasets/raw/plantvillage/raw/color/Tomato___healthy/84c43d92-9e49-4ce6-b094-5df767b2b0df___RS_HL 0365.JPG,84c43d92-9e49-4ce6-b094-5df767b2b0df___RS_HL 0365.JPG,Tomato___healthy,tomato__healthy__healthy,tomato,healthy,Healthy Leaf,256,256,3,1.0,RGB,JPEG,24.99,True,
datasets/raw/plantvillage/raw/color/Tomato___healthy/aeff16e4-99f8-4111-ac3b-b69dcc4c7b2c___RS_HL 0581.JPG,aeff16e4-99f8-4111-ac3b-b69dcc4c7b2c___RS_HL 0581.JPG,Tomato___healthy,tomato__healthy__healthy,tomato,healthy,Healthy Leaf,256,256,3,1.0,RGB,JPEG,25.61,True,
datasets/raw/plantvillage/raw/color/Tomato___healthy/b6185c0e-e2ea-4283-b808-c37ee374b776___RS_HL 0094.JPG,b6185c0e-e2ea-4283-b808-c37ee374b776___RS_HL 0094.JPG,Tomato___healthy,tomato__healthy__healthy,tomato,healthy,Healthy Leaf,256,256,3,1.0,RGB,JPEG,25.91,True,
datasets/raw/plantvillage/raw/color/Tomato___healthy/efe02473-2f94-4ff5-a478-cc9d8ebd79da___RS_HL 9671.JPG,efe02473-2f94-4ff5-a478-cc9d8ebd79da___RS_HL 9671.JPG,Tomato___healthy,tomato__healthy__healthy,tomato,healthy,Healthy Leaf,256,256,3,1.0,RGB,JPEG,25.61,True,
datasets/raw/plantvillage/raw/color/Tomato___healthy/4f5dde42-a6ac-4886-8b9e-a944568ace95___RS_HL 0080.JPG,4f5dde42-a6ac-4886-8b9e-a944568ace95___RS_HL 0080.JPG,Tomato___healthy,tomato__healthy__healthy,tomato,healthy,Healthy Leaf,256,256,3,1.0,RGB,JPEG,24.42,True,
datasets/raw/plantvillage/raw/color/Tomato___healthy/07cb5416-a029-467f-a306-252c2a64d2e6___RS_HL 0543.JPG,07cb5416-a029-467f-a306-252c2a64d2e6___RS_HL 0543.JPG,Tomato___healthy,tomato__healthy__healthy,tomato,healthy,Healthy Leaf,256,256,3,1.0,RGB,JPEG,26.83,True,
datasets/raw/plantvillage/raw/color/Tomato___healthy/a882bb71-3c0f-4778-94db-9a228cfe619a___RS_HL 0095.JPG,a882bb71-3c0f-4778-94db-9a228cfe619a___RS_HL 0095.JPG,Tomato___healthy,tomato__healthy__healthy,tomato,healthy,Healthy Leaf,256,256,3,1.0,RGB,JPEG,25.52,True,
datasets/raw/plantvillage/raw/color/Tomato___healthy/9c3ad610-7677-4f3c-9646-88069e0c61cb___GH_HL Leaf 449.2.JPG,9c3ad610-7677-4f3c-9646-88069e0c61cb___GH_HL Leaf 449.2.JPG,Tomato___healthy,tomato__healthy__healthy,tomato,healthy,Healthy Leaf,256,256,3,1.0,RGB,JPEG,14.64,True,
datasets/raw/plantvillage/raw/color/Tomato___healthy/10b36861-6a00-41d9-9858-e00adcfb17e7___RS_HL 0235.JPG,10b36861-6a00-41d9-9858-e00adcfb17e7___RS_HL 0235.JPG,Tomato___healthy,tomato__healthy__healthy,tomato,healthy,Healthy Leaf,256,256,3,1.0,RGB,JPEG,25.59,True,
datasets/raw/plantvillage/raw/color/Tomato___healthy/991e23a3-fcbf-492b-8972-625779855b0e___RS_HL 0486.JPG,991e23a3-fcbf-492b-8972-625779855b0e___RS_HL 0486.JPG,Tomato___healthy,tomato__healthy__healthy,tomato,healthy,Healthy Leaf,256,256,3,1.0,RGB,JPEG,25.87,True,
datasets/raw/plantvillage/raw/color/Tomato___healthy/ce303601-b655-483c-9778-3cbd317606be___RS_HL 0163.JPG,ce303601-b655-483c-9778-3cbd317606be___RS_HL 0163.JPG,Tomato___healthy,tomato__healthy__healthy,tomato,healthy,Healthy Leaf,256,256,3,1.0,RGB,JPEG,27.04,True,
datasets/raw/plantvillage/raw/color/Tomato___healthy/452703f7-9106-4ed2-8f38-8ece42a32613___RS_HL 0248.JPG,452703f7-9106-4ed2-8f38-8ece42a32613___RS_HL 0248.JPG,Tomato___healthy,tomato__healthy__healthy,tomato,healthy,Healthy Leaf,256,256,3,1.0,RGB,JPEG,24.93,True,
datasets/raw/plantvillage/raw/color/Tomato___healthy/b2652ef9-f0d2-4039-b40a-520073551b16___RS_HL 0009.JPG,b2652ef9-f0d2-4039-b40a-520073551b16___RS_HL 0009.JPG,Tomato___healthy,tomato__healthy__healthy,tomato,healthy,Healthy Leaf,256,256,3,1.0,RGB,JPEG,25.89,True,
datasets/raw/plantvillage/raw/color/Tomato___healthy/bb8b0b14-a5f5-4c11-887f-71aed1864d84___GH_HL Leaf 409.1.JPG,bb8b0b14-a5f5-4c11-887f-71aed1864d84___GH_HL Leaf 409.1.JPG,Tomato___healthy,tomato__healthy__healthy,tomato,healthy,Healthy Leaf,256,256,3,1.0,RGB,JPEG,17.02,True,
datasets/raw/plantvillage/raw/color/Tomato___healthy/3df51cfe-b583-40ae-a2d5-d4928a8a763f___RS_HL 9765.JPG,3df51cfe-b583-40ae-a2d5-d4928a8a763f___RS_HL 9765.JPG,Tomato___healthy,tomato__healthy__healthy,tomato,healthy,Healthy Leaf,256,256,3,1.0,RGB,JPEG,24.76,True,
datasets/raw/plantvillage/raw/color/Tomato___healthy/717efedc-6fcb-4509-895f-369d82161acf___RS_HL 0184.JPG,717efedc-6fcb-4509-895f-369d82161acf___RS_HL 0184.JPG,Tomato___healthy,tomato__healthy__healthy,tomato,healthy,Healthy Leaf,256,256,3,1.0,RGB,JPEG,25.52,True,
datasets/raw/plantvillage/raw/color/Tomato___healthy/d2bab7ce-8028-41ed-b0a0-22472f904974___RS_HL 0528.JPG,d2bab7ce-8028-41ed-b0a0-22472f904974___RS_HL 0528.JPG,Tomato___healthy,tomato__healthy__healthy,tomato,healthy,Healthy Leaf,256,256,3,1.0,RGB,JPEG,26.96,True,
datasets/raw/plantvillage/raw/color/Tomato___healthy/2e485f1d-5aa5-4d56-8733-9625ed4d000c___GH_HL Leaf 344.JPG,2e485f1d-5aa5-4d56-8733-9625ed4d000c___GH_HL Leaf 344.JPG,Tomato___healthy,tomato__healthy__healthy,tomato,healthy,Healthy Leaf,256,256,3,1.0,RGB,JPEG,17.83,True,
datasets/raw/plantvillage/raw/color/Tomato___healthy/4de74e9a-e32a-467a-b6fd-512a16a09d22___GH_HL Leaf 329.JPG,4de74e9a-e32a-467a-b6fd-512a16a09d22___GH_HL Leaf 329.JPG,Tomato___healthy,tomato__healthy__healthy,tomato,healthy,Healthy Leaf,256,256,3,1.0,RGB,JPEG,17.73,True,
datasets/raw/plantvillage/raw/color/Tomato___healthy/291a778d-bfbd-450e-98a8-d8276a9a5cf2___GH_HL Leaf 486.1.JPG,291a778d-bfbd-450e-98a8-d8276a9a5cf2___GH_HL Leaf 486.1.JPG,Tomato___healthy,tomato__healthy__healthy,tomato,healthy,Healthy Leaf,256,256,3,1.0,RGB,JPEG,15.67,True,
datasets/raw/plantvillage/raw/color/Tomato___healthy/883b7c13-7aef-4ae9-bd70-065a16226e9d___GH_HL Leaf 170.1.JPG,883b7c13-7aef-4ae9-bd70-065a16226e9d___GH_HL Leaf 170.1.JPG,Tomato___healthy,tomato__healthy__healthy,tomato,healthy,Healthy Leaf,256,256,3,1.0,RGB,JPEG,15.34,True,
datasets/raw/plantvillage/raw/color/Tomato___healthy/badfd45d-417f-4735-8abc-fd20a5393778___RS_HL 0205.JPG,badfd45d-417f-4735-8abc-fd20a5393778___RS_HL 0205.JPG,Tomato___healthy,tomato__healthy__healthy,tomato,healthy,Healthy Leaf,256,256,3,1.0,RGB,JPEG,25.51,True,
datasets/raw/plantvillage/raw/color/Tomato___healthy/1e4aef32-09c5-4af8-8948-dc86bd8ef2e7___GH_HL Leaf 215.1.JPG,1e4aef32-09c5-4af8-8948-dc86bd8ef2e7___GH_HL Leaf 215.1.JPG,Tomato___healthy,tomato__healthy__healthy,tomato,healthy,Healthy Leaf,256,256,3,1.0,RGB,JPEG,14.82,True,
datasets/raw/plantvillage/raw/color/Tomato___healthy/087e3b12-a80b-435f-8973-a3b07888f8b4___RS_HL 9847.JPG,087e3b12-a80b-435f-8973-a3b07888f8b4___RS_HL 9847.JPG,Tomato___healthy,tomato__healthy__healthy,tomato,healthy,Healthy Leaf,256,256,3,1.0,RGB,JPEG,24.48,True,
datasets/raw/plantvillage/raw/color/Tomato___healthy/c9f92d4b-9d9c-4932-ba1b-bc290987c154___RS_HL 0350.JPG,c9f92d4b-9d9c-4932-ba1b-bc290987c154___RS_HL 0350.JPG,Tomato___healthy,tomato__healthy__healthy,tomato,healthy,Healthy Leaf,256,256,3,1.0,RGB,JPEG,24.45,True,
datasets/raw/plantvillage/raw/color/Tomato___healthy/d0d0643e-c7f1-4cf3-8399-cfd8a73d1af3___RS_HL 9650.JPG,d0d0643e-c7f1-4cf3-8399-cfd8a73d1af3___RS_HL 9650.JPG,Tomato___healthy,tomato__healthy__healthy,tomato,healthy,Healthy Leaf,256,256,3,1.0,RGB,JPEG,23.13,True,
datasets/raw/plantvillage/raw/color/Tomato___healthy/9fb8872e-e963-4d2c-9b16-62757705ca3f___RS_HL 0130.JPG,9fb8872e-e963-4d2c-9b16-62757705ca3f___RS_HL 0130.JPG,Tomato___healthy,tomato__healthy__healthy,tomato,healthy,Healthy Leaf,256,256,3,1.0,RGB,JPEG,25.75,True,
datasets/raw/plantvillage/raw/color/Tomato___healthy/8c4ce164-9f46-4426-aff9-137acdc42c19___RS_HL 0424.JPG,8c4ce164-9f46-4426-aff9-137acdc42c19___RS_HL 0424.JPG,Tomato___healthy,tomato__healthy__healthy,tomato,healthy,Healthy Leaf,256,256,3,1.0,RGB,JPEG,26.43,True,
datasets/raw/plantvillage/raw/color/Tomato___healthy/8328f7fb-5929-4920-921a-ae9a24db66c2___RS_HL 0597.JPG,8328f7fb-5929-4920-921a-ae9a24db66c2___RS_HL 0597.JPG,Tomato___healthy,tomato__healthy__healthy,tomato,healthy,Healthy Leaf,256,256,3,1.0,RGB,JPEG,24.77,True,
datasets/raw/plantvillage/raw/color/Tomato___healthy/d9a6af00-1c5a-4299-9bad-b922c8b5c33e___RS_HL 0546.JPG,d9a6af00-1c5a-4299-9bad-b922c8b5c33e___RS_HL 0546.JPG,Tomato___healthy,tomato__healthy__healthy,tomato,healthy,Healthy Leaf,256,256,3,1.0,RGB,JPEG,24.67,True,
datasets/raw/plantvillage/raw/color/Tomato___healthy/bc339a85-6c4e-428a-a18e-9174acdcab1e___RS_HL 0513.JPG,bc339a85-6c4e-428a-a18e-9174acdcab1e___RS_HL 0513.JPG,Tomato___healthy,tomato__healthy__healthy,tomato,healthy,Healthy Leaf,256,256,3,1.0,RGB,JPEG,26.86,True,
datasets/raw/plantvillage/raw/color/Tomato___healthy/9ee73ce8-ea9e-4a76-8b41-39500bdf3514___RS_HL 0110.JPG,9ee73ce8-ea9e-4a76-8b41-39500bdf3514___RS_HL 0110.JPG,Tomato___healthy,tomato__healthy__healthy,tomato,healthy,Healthy Leaf,256,256,3,1.0,RGB,JPEG,26.1,True,
datasets/raw/plantvillage/raw/color/Tomato___healthy/878c1a99-3224-4b99-87e5-2a2c497909ca___GH_HL Leaf 274.JPG,878c1a99-3224-4b99-87e5-2a2c497909ca___GH_HL Leaf 274.JPG,Tomato___healthy,tomato__healthy__healthy,tomato,healthy,Healthy Leaf,256,256,3,1.0,RGB,JPEG,16.93,True,
datasets/raw/plantvillage/raw/color/Tomato___healthy/20024ad7-62d7-492c-aa7c-5a139a9a2aff___GH_HL Leaf 416.JPG,20024ad7-62d7-492c-aa7c-5a139a9a2aff___GH_HL Leaf 416.JPG,Tomato___healthy,tomato__healthy__healthy,tomato,healthy,Healthy Leaf,256,256,3,1.0,RGB,JPEG,16.79,True,
datasets/raw/plantvillage/raw/color/Tomato___healthy/32beeb9a-49d5-4ffe-bee0-216779e4306e___RS_HL 0327.JPG,32beeb9a-49d5-4ffe-bee0-216779e4306e___RS_HL 0327.JPG,Tomato___healthy,tomato__healthy__healthy,tomato,healthy,Healthy Leaf,256,256,3,1.0,RGB,JPEG,24.0,True,
datasets/raw/plantvillage/raw/color/Tomato___healthy/6b9b1ad6-3e75-4378-ad97-7dc9b8fa084e___GH_HL Leaf 179.1.JPG,6b9b1ad6-3e75-4378-ad97-7dc9b8fa084e___GH_HL Leaf 179.1.JPG,Tomato___healthy,tomato__healthy__healthy,tomato,healthy,Healthy Leaf,256,256,3,1.0,RGB,JPEG,19.1,True,
datasets/raw/plantvillage/raw/color/Tomato___healthy/1a393116-cbd1-4e3f-acfc-563e96ae1e80___RS_HL 0268.JPG,1a393116-cbd1-4e3f-acfc-563e96ae1e80___RS_HL 0268.JPG,Tomato___healthy,tomato__healthy__healthy,tomato,healthy,Healthy Leaf,256,256,3,1.0,RGB,JPEG,26.41,True,
datasets/raw/plantvillage/raw/color/Tomato___healthy/ec1bfc74-550b-4478-95c0-d60c1379957a___RS_HL 9879.JPG,ec1bfc74-550b-4478-95c0-d60c1379957a___RS_HL 9879.JPG,Tomato___healthy,tomato__healthy__healthy,tomato,healthy,Healthy Leaf,256,256,3,1.0,RGB,JPEG,24.76,True,
datasets/raw/plantvillage/raw/color/Tomato___healthy/5733d6bf-494a-4da8-a15f-5903f4f05807___RS_HL 0259.JPG,5733d6bf-494a-4da8-a15f-5903f4f05807___RS_HL 0259.JPG,Tomato___healthy,tomato__healthy__healthy,tomato,healthy,Healthy Leaf,256,256,3,1.0,RGB,JPEG,27.24,True,
datasets/raw/plantvillage/raw/color/Tomato___healthy/45a1e50e-e504-40a6-8378-39c28914ca43___GH_HL Leaf 448.1.JPG,45a1e50e-e504-40a6-8378-39c28914ca43___GH_HL Leaf 448.1.JPG,Tomato___healthy,tomato__healthy__healthy,tomato,healthy,Healthy Leaf,256,256,3,1.0,RGB,JPEG,12.48,True,
datasets/raw/plantvillage/raw/color/Tomato___healthy/8ea80484-4e70-4a51-bbc2-213cfedd4f59___GH_HL Leaf 341.JPG,8ea80484-4e70-4a51-bbc2-213cfedd4f59___GH_HL Leaf 341.JPG,Tomato___healthy,tomato__healthy__healthy,tomato,healthy,Healthy Leaf,256,256,3,1.0,RGB,JPEG,16.5,True,
datasets/raw/plantvillage/raw/color/Tomato___healthy/e47d2178-aaf3-438b-bcce-2fcb6efd833b___RS_HL 9924.JPG,e47d2178-aaf3-438b-bcce-2fcb6efd833b___RS_HL 9924.JPG,Tomato___healthy,tomato__healthy__healthy,tomato,healthy,Healthy Leaf,256,256,3,1.0,RGB,JPEG,24.61,True,
datasets/raw/plantvillage/raw/color/Tomato___healthy/e6fdaad9-b536-46c3-a819-faf414cfbf47___GH_HL Leaf 500.2.JPG,e6fdaad9-b536-46c3-a819-faf414cfbf47___GH_HL Leaf 500.2.JPG,Tomato___healthy,tomato__healthy__healthy,tomato,healthy,Healthy Leaf,256,256,3,1.0,RGB,JPEG,14.04,True,
datasets/raw/plantvillage/raw/color/Tomato___healthy/017a4026-813a-4983-887a-4052bb78c397___RS_HL 0218.JPG,017a4026-813a-4983-887a-4052bb78c397___RS_HL 0218.JPG,Tomato___healthy,tomato__healthy__healthy,tomato,healthy,Healthy Leaf,256,256,3,1.0,RGB,JPEG,25.23,True,
datasets/raw/plantvillage/raw/color/Tomato___healthy/da36e4f1-58c4-456d-8ee3-b450e6619b2d___RS_HL 0475.JPG,da36e4f1-58c4-456d-8ee3-b450e6619b2d___RS_HL 0475.JPG,Tomato___healthy,tomato__healthy__healthy,tomato,healthy,Healthy Leaf,256,256,3,1.0,RGB,JPEG,26.49,True,
datasets/raw/plantvillage/raw/color/Tomato___healthy/5c00f8ca-ad19-4df3-a1ac-8b6aefc0ddd5___RS_HL 0319.JPG,5c00f8ca-ad19-4df3-a1ac-8b6aefc0ddd5___RS_HL 0319.JPG,Tomato___healthy,tomato__healthy__healthy,tomato,healthy,Healthy Leaf,256,256,3,1.0,RGB,JPEG,21.59,True,
datasets/raw/plantvillage/raw/color/Tomato___healthy/4e88356d-0238-4f3c-b718-34bddc184407___RS_HL 0136.JPG,4e88356d-0238-4f3c-b718-34bddc184407___RS_HL 0136.JPG,Tomato___healthy,tomato__healthy__healthy,tomato,healthy,Healthy Leaf,256,256,3,1.0,RGB,JPEG,24.57,True,
datasets/raw/plantvillage/raw/color/Tomato___healthy/5f887895-963a-4a96-8962-5af383dbe29a___GH_HL Leaf 425.1.JPG,5f887895-963a-4a96-8962-5af383dbe29a___GH_HL Leaf 425.1.JPG,Tomato___healthy,tomato__healthy__healthy,tomato,healthy,Healthy Leaf,256,256,3,1.0,RGB,JPEG,14.71,True,
datasets/raw/plantvillage/raw/color/Tomato___healthy/87f08e15-5b2d-4d01-b83b-fd958eba02d4___GH_HL Leaf 434.2.JPG,87f08e15-5b2d-4d01-b83b-fd958eba02d4___GH_HL Leaf 434.2.JPG,Tomato___healthy,tomato__healthy__healthy,tomato,healthy,Healthy Leaf,256,256,3,1.0,RGB,JPEG,12.85,True,
datasets/raw/plantvillage/raw/color/Tomato___healthy/5785f4a6-39d9-40d9-bf57-2d41ed94518b___GH_HL Leaf 309.JPG,5785f4a6-39d9-40d9-bf57-2d41ed94518b___GH_HL Leaf 309.JPG,Tomato___healthy,tomato__healthy__healthy,tomato,healthy,Healthy Leaf,256,256,3,1.0,RGB,JPEG,18.47,True,
datasets/raw/plantvillage/raw/color/Tomato___healthy/fe0e2d7f-3aee-4c36-8fe1-661b4eacc994___GH_HL Leaf 507.1.JPG,fe0e2d7f-3aee-4c36-8fe1-661b4eacc994___GH_HL Leaf 507.1.JPG,Tomato___healthy,tomato__healthy__healthy,tomato,healthy,Healthy Leaf,256,256,3,1.0,RGB,JPEG,18.94,True,
datasets/raw/plantvillage/raw/color/Tomato___healthy/202825fe-3d0b-4c86-aea3-15604e2efed4___RS_HL 9694.JPG,202825fe-3d0b-4c86-aea3-15604e2efed4___RS_HL 9694.JPG,Tomato___healthy,tomato__healthy__healthy,tomato,healthy,Healthy Leaf,256,256,3,1.0,RGB,JPEG,24.98,True,
datasets/raw/plantvillage/raw/color/Tomato___healthy/24069ab0-7106-40d0-bdca-e462a49d34dd___RS_HL 0267.JPG,24069ab0-7106-40d0-bdca-e462a49d34dd___RS_HL 0267.JPG,Tomato___healthy,tomato__healthy__healthy,tomato,healthy,Healthy Leaf,256,256,3,1.0,RGB,JPEG,25.7,True,
datasets/raw/plantvillage/raw/color/Tomato___healthy/82a3d470-940b-431f-9d79-3963b4e41028___GH_HL Leaf 475.1.JPG,82a3d470-940b-431f-9d79-3963b4e41028___GH_HL Leaf 475.1.JPG,Tomato___healthy,tomato__healthy__healthy,tomato,healthy,Healthy Leaf,256,256,3,1.0,RGB,JPEG,13.72,True,
datasets/raw/plantvillage/raw/color/Tomato___healthy/2fb5c266-b7ec-4b31-91b4-3f2dc9b0cdcb___RS_HL 0147.JPG,2fb5c266-b7ec-4b31-91b4-3f2dc9b0cdcb___RS_HL 0147.JPG,Tomato___healthy,tomato__healthy__healthy,tomato,healthy,Healthy Leaf,256,256,3,1.0,RGB,JPEG,25.62,True,
datasets/raw/plantvillage/raw/color/Tomato___healthy/b4f405ee-4471-4af5-b0c1-a4bc2aed730e___GH_HL Leaf 358.1.JPG,b4f405ee-4471-4af5-b0c1-a4bc2aed730e___GH_HL Leaf 358.1.JPG,Tomato___healthy,tomato__healthy__healthy,tomato,healthy,Healthy Leaf,256,256,3,1.0,RGB,JPEG,14.99,True,
datasets/raw/plantvillage/raw/color/Tomato___healthy/77cd9b9e-9115-46ea-9c85-9744f1793b32___RS_HL 9699.JPG,77cd9b9e-9115-46ea-9c85-9744f1793b32___RS_HL 9699.JPG,Tomato___healthy,tomato__healthy__healthy,tomato,healthy,Healthy Leaf,256,256,3,1.0,RGB,JPEG,23.97,True,
datasets/raw/plantvillage/raw/color/Tomato___healthy/d53448cd-ddd7-4dd6-a657-c60bde629130___RS_HL 0190.JPG,d53448cd-ddd7-4dd6-a657-c60bde629130___RS_HL 0190.JPG,Tomato___healthy,tomato__healthy__healthy,tomato,healthy,Healthy Leaf,256,256,3,1.0,RGB,JPEG,26.39,True,
datasets/raw/plantvillage/raw/color/Tomato___healthy/130c7763-2ace-42bc-b2f0-ef78be095e8c___RS_HL 0171.JPG,130c7763-2ace-42bc-b2f0-ef78be095e8c___RS_HL 0171.JPG,Tomato___healthy,tomato__healthy__healthy,tomato,healthy,Healthy Leaf,256,256,3,1.0,RGB,JPEG,24.57,True,
datasets/raw/plantvillage/raw/color/Tomato___healthy/17b48132-9a1d-45e5-9000-30ebd7248273___RS_HL 0385.JPG,17b48132-9a1d-45e5-9000-30ebd7248273___RS_HL 0385.JPG,Tomato___healthy,tomato__healthy__healthy,tomato,healthy,Healthy Leaf,256,256,3,1.0,RGB,JPEG,25.0,True,
datasets/raw/plantvillage/raw/color/Tomato___healthy/e12936ac-7354-434c-b857-1e742e383dd5___RS_HL 9878.JPG,e12936ac-7354-434c-b857-1e742e383dd5___RS_HL 9878.JPG,Tomato___healthy,tomato__healthy__healthy,tomato,healthy,Healthy Leaf,256,256,3,1.0,RGB,JPEG,23.54,True,
datasets/raw/plantvillage/raw/color/Tomato___healthy/1a0b9a32-3993-44e4-879f-338cd6e45a09___GH_HL Leaf 178.JPG,1a0b9a32-3993-44e4-879f-338cd6e45a09___GH_HL Leaf 178.JPG,Tomato___healthy,tomato__healthy__healthy,tomato,healthy,Healthy Leaf,256,256,3,1.0,RGB,JPEG,19.37,True,
datasets/raw/plantvillage/raw/color/Tomato___healthy/d578b8cd-9a1c-434b-9507-17ced7dffb34___GH_HL Leaf 249.JPG,d578b8cd-9a1c-434b-9507-17ced7dffb34___GH_HL Leaf 249.JPG,Tomato___healthy,tomato__healthy__healthy,tomato,healthy,Healthy Leaf,256,256,3,1.0,RGB,JPEG,15.0,True,
datasets/raw/plantvillage/raw/color/Tomato___healthy/19787f8b-a78e-4cf2-8fb2-3aae59b20c47___RS_HL 0456.JPG,19787f8b-a78e-4cf2-8fb2-3aae59b20c47___RS_HL 0456.JPG,Tomato___healthy,tomato__healthy__healthy,tomato,healthy,Healthy Leaf,256,256,3,1.0,RGB,JPEG,26.71,True,
datasets/raw/plantvillage/raw/color/Tomato___healthy/223cb57a-b9b7-4c9a-b03e-701a8548ff4d___GH_HL Leaf 248.JPG,223cb57a-b9b7-4c9a-b03e-701a8548ff4d___GH_HL Leaf 248.JPG,Tomato___healthy,tomato__healthy__healthy,tomato,healthy,Healthy Leaf,256,256,3,1.0,RGB,JPEG,18.82,True,
datasets/raw/plantvillage/raw/color/Tomato___healthy/025bc454-a051-42d2-b547-316f8cc3dc55___GH_HL Leaf 297.JPG,025bc454-a051-42d2-b547-316f8cc3dc55___GH_HL Leaf 297.JPG,Tomato___healthy,tomato__healthy__healthy,tomato,healthy,Healthy Leaf,256,256,3,1.0,RGB,JPEG,14.62,True,
datasets/raw/plantvillage/raw/color/Tomato___healthy/6be1ec13-6964-4706-b94a-069d4a8592cf___GH_HL Leaf 175.1.JPG,6be1ec13-6964-4706-b94a-069d4a8592cf___GH_HL Leaf 175.1.JPG,Tomato___healthy,tomato__healthy__healthy,tomato,healthy,Healthy Leaf,256,256,3,1.0,RGB,JPEG,16.28,True,
datasets/raw/plantvillage/raw/color/Tomato___healthy/ab43ead0-0a4c-4069-8c29-43310eb145e1___GH_HL Leaf 419.JPG,ab43ead0-0a4c-4069-8c29-43310eb145e1___GH_HL Leaf 419.JPG,Tomato___healthy,tomato__healthy__healthy,tomato,healthy,Healthy Leaf,256,256,3,1.0,RGB,JPEG,18.55,True,
datasets/raw/plantvillage/raw/color/Tomato___healthy/cb262ab1-f96f-4ade-80e9-d7fa2d5f9c9d___RS_HL 0361.JPG,cb262ab1-f96f-4ade-80e9-d7fa2d5f9c9d___RS_HL 0361.JPG,Tomato___healthy,tomato__healthy__healthy,tomato,healthy,Healthy Leaf,256,256,3,1.0,RGB,JPEG,24.09,True,
datasets/raw/plantvillage/raw/color/Tomato___healthy/d38fc068-8503-4868-9c57-8fba55a7892d___RS_HL 0293.JPG,d38fc068-8503-4868-9c57-8fba55a7892d___RS_HL 0293.JPG,Tomato___healthy,tomato__healthy__healthy,tomato,healthy,Healthy Leaf,256,256,3,1.0,RGB,JPEG,26.19,True,
datasets/raw/plantvillage/raw/color/Tomato___healthy/1732045f-a451-4325-aa86-717a8cbdaf02___RS_HL 9698.JPG,1732045f-a451-4325-aa86-717a8cbdaf02___RS_HL 9698.JPG,Tomato___healthy,tomato__healthy__healthy,tomato,healthy,Healthy Leaf,256,256,3,1.0,RGB,JPEG,23.88,True,
datasets/raw/plantvillage/raw/color/Tomato___healthy/74463e4f-524e-4dad-a936-b167d6846bcf___RS_HL 9971.JPG,74463e4f-524e-4dad-a936-b167d6846bcf___RS_HL 9971.JPG,Tomato___healthy,tomato__healthy__healthy,tomato,healthy,Healthy Leaf,256,256,3,1.0,RGB,JPEG,24.59,True,
datasets/raw/plantvillage/raw/color/Tomato___healthy/d382d5de-6608-4492-a1eb-e4c525f8b3e4___GH_HL Leaf 461.JPG,d382d5de-6608-4492-a1eb-e4c525f8b3e4___GH_HL Leaf 461.JPG,Tomato___healthy,tomato__healthy__healthy,tomato,healthy,Healthy Leaf,256,256,3,1.0,RGB,JPEG,13.55,True,
datasets/raw/plantvillage/raw/color/Tomato___healthy/271be296-4c0b-4817-a44b-cc9611d3f519___GH_HL Leaf 182.1.JPG,271be296-4c0b-4817-a44b-cc9611d3f519___GH_HL Leaf 182.1.JPG,Tomato___healthy,tomato__healthy__healthy,tomato,healthy,Healthy Leaf,256,256,3,1.0,RGB,JPEG,19.38,True,
datasets/raw/plantvillage/raw/color/Tomato___healthy/0a334ae6-bea3-4453-b200-85e082794d56___GH_HL Leaf 310.1.JPG,0a334ae6-bea3-4453-b200-85e082794d56___GH_HL Leaf 310.1.JPG,Tomato___healthy,tomato__healthy__healthy,tomato,healthy,Healthy Leaf,256,256,3,1.0,RGB,JPEG,13.9,True,
datasets/raw/plantvillage/raw/color/Tomato___healthy/ec3bb20a-2c19-421b-a4ce-7c06f18914eb___RS_HL 0609.JPG,ec3bb20a-2c19-421b-a4ce-7c06f18914eb___RS_HL 0609.JPG,Tomato___healthy,tomato__healthy__healthy,tomato,healthy,Healthy Leaf,256,256,3,1.0,RGB,JPEG,26.01,True,
datasets/raw/plantvillage/raw/color/Tomato___healthy/06d90ad5-eb13-49aa-ae04-3a4a5454963d___RS_HL 0620.JPG,06d90ad5-eb13-49aa-ae04-3a4a5454963d___RS_HL 0620.JPG,Tomato___healthy,tomato__healthy__healthy,tomato,healthy,Healthy Leaf,256,256,3,1.0,RGB,JPEG,27.14,True,
datasets/raw/plantvillage/raw/color/Tomato___healthy/6a9836cb-f987-4ccf-8841-f227989ff5ec___RS_HL 0045.JPG,6a9836cb-f987-4ccf-8841-f227989ff5ec___RS_HL 0045.JPG,Tomato___healthy,tomato__healthy__healthy,tomato,healthy,Healthy Leaf,256,256,3,1.0,RGB,JPEG,26.31,True,
datasets/raw/plantvillage/raw/color/Tomato___healthy/d95cca34-6952-4d22-9d61-6304dcce3448___GH_HL Leaf 280.1.JPG,d95cca34-6952-4d22-9d61-6304dcce3448___GH_HL Leaf 280.1.JPG,Tomato___healthy,tomato__healthy__healthy,tomato,healthy,Healthy Leaf,256,256,3,1.0,RGB,JPEG,13.58,True,
datasets/raw/plantvillage/raw/color/Tomato___healthy/2e97e18f-8ae2-4d5d-b7fb-64baeead1ed4___GH_HL Leaf 221.1.JPG,2e97e18f-8ae2-4d5d-b7fb-64baeead1ed4___GH_HL Leaf 221.1.JPG,Tomato___healthy,tomato__healthy__healthy,tomato,healthy,Healthy Leaf,256,256,3,1.0,RGB,JPEG,17.43,True,
datasets/raw/plantvillage/raw/color/Tomato___healthy/ffb39943-eabb-42cf-ad09-b17019e46d66___RS_HL 9871.JPG,ffb39943-eabb-42cf-ad09-b17019e46d66___RS_HL 9871.JPG,Tomato___healthy,tomato__healthy__healthy,tomato,healthy,Healthy Leaf,256,256,3,1.0,RGB,JPEG,23.73,True,
datasets/raw/plantvillage/raw/color/Tomato___healthy/622044a4-97d7-46a1-a702-2f586bb04a78___GH_HL Leaf 334.JPG,622044a4-97d7-46a1-a702-2f586bb04a78___GH_HL Leaf 334.JPG,Tomato___healthy,tomato__healthy__healthy,tomato,healthy,Healthy Leaf,256,256,3,1.0,RGB,JPEG,16.68,True,
datasets/raw/plantvillage/raw/color/Tomato___healthy/fccb58ad-1644-403e-851b-dd3a27c893ef___GH_HL Leaf 387.1.JPG,fccb58ad-1644-403e-851b-dd3a27c893ef___GH_HL Leaf 387.1.JPG,Tomato___healthy,tomato__healthy__healthy,tomato,healthy,Healthy Leaf,256,256,3,1.0,RGB,JPEG,12.59,True,
datasets/raw/plantvillage/raw/color/Tomato___healthy/6ddb8b0b-5d74-4381-8787-6229de8d51fc___GH_HL Leaf 378.JPG,6ddb8b0b-5d74-4381-8787-6229de8d51fc___GH_HL Leaf 378.JPG,Tomato___healthy,tomato__healthy__healthy,tomato,healthy,Healthy Leaf,256,256,3,1.0,RGB,JPEG,14.46,True,
datasets/raw/plantvillage/raw/color/Tomato___healthy/1dfb5aeb-8d00-4672-9755-5da982758453___RS_HL 9987.JPG,1dfb5aeb-8d00-4672-9755-5da982758453___RS_HL 9987.JPG,Tomato___healthy,tomato__healthy__healthy,tomato,healthy,Healthy Leaf,256,256,3,1.0,RGB,JPEG,21.35,True,
datasets/raw/plantvillage/raw/color/Tomato___healthy/973c9431-f521-462d-82fa-442196087ca8___GH_HL Leaf 204.1.JPG,973c9431-f521-462d-82fa-442196087ca8___GH_HL Leaf 204.1.JPG,Tomato___healthy,tomato__healthy__healthy,tomato,healthy,Healthy Leaf,256,256,3,1.0,RGB,JPEG,17.22,True,
datasets/raw/plantvillage/raw/color/Tomato___healthy/38670ac4-67ad-4b00-a37b-3fb82d58aa86___RS_HL 9762.JPG,38670ac4-67ad-4b00-a37b-3fb82d58aa86___RS_HL 9762.JPG,Tomato___healthy,tomato__healthy__healthy,tomato,healthy,Healthy Leaf,256,256,3,1.0,RGB,JPEG,22.07,True,
datasets/raw/plantvillage/raw/color/Tomato___healthy/fcf52850-1cc7-4b7a-8e89-3c3ec1f4be1d___RS_HL 9766.JPG,fcf52850-1cc7-4b7a-8e89-3c3ec1f4be1d___RS_HL 9766.JPG,Tomato___healthy,tomato__healthy__healthy,tomato,healthy,Healthy Leaf,256,256,3,1.0,RGB,JPEG,24.19,True,
datasets/raw/plantvillage/raw/color/Tomato___healthy/d8ce2a81-c366-4a88-bde3-ee9a98e1e30c___RS_HL 0036.JPG,d8ce2a81-c366-4a88-bde3-ee9a98e1e30c___RS_HL 0036.JPG,Tomato___healthy,tomato__healthy__healthy,tomato,healthy,Healthy Leaf,256,256,3,1.0,RGB,JPEG,24.15,True,
datasets/raw/plantvillage/raw/color/Tomato___healthy/f7df2411-8e50-46e1-b43a-cca357bee1af___GH_HL Leaf 521.1.JPG,f7df2411-8e50-46e1-b43a-cca357bee1af___GH_HL Leaf 521.1.JPG,Tomato___healthy,tomato__healthy__healthy,tomato,healthy,Healthy Leaf,256,256,3,1.0,RGB,JPEG,15.01,True,
datasets/raw/plantvillage/raw/color/Tomato___healthy/a7c1d137-6609-4659-94ce-81c62f64665e___RS_HL 0195.JPG,a7c1d137-6609-4659-94ce-81c62f64665e___RS_HL 0195.JPG,Tomato___healthy,tomato__healthy__healthy,tomato,healthy,Healthy Leaf,256,256,3,1.0,RGB,JPEG,26.5,True,
datasets/raw/plantvillage/raw/color/Tomato___healthy/8298308b-4f4e-472b-9ee5-bd5887299f59___RS_HL 0269.JPG,8298308b-4f4e-472b-9ee5-bd5887299f59___RS_HL 0269.JPG,Tomato___healthy,tomato__healthy__healthy,tomato,healthy,Healthy Leaf,256,256,3,1.0,RGB,JPEG,26.55,True,
datasets/raw/plantvillage/raw/color/Tomato___healthy/fd061d12-644d-4ac5-a0b5-2e88469e506b___GH_HL Leaf 414.JPG,fd061d12-644d-4ac5-a0b5-2e88469e506b___GH_HL Leaf 414.JPG,Tomato___healthy,tomato__healthy__healthy,tomato,healthy,Healthy Leaf,256,256,3,1.0,RGB,JPEG,15.53,True,
datasets/raw/plantvillage/raw/color/Tomato___healthy/505465db-407b-4e0a-8110-7479dad5261c___GH_HL Leaf 389.JPG,505465db-407b-4e0a-8110-7479dad5261c___GH_HL Leaf 389.JPG,Tomato___healthy,tomato__healthy__healthy,tomato,healthy,Healthy Leaf,256,256,3,1.0,RGB,JPEG,10.96,True,
datasets/raw/plantvillage/raw/color/Tomato___healthy/23726cb5-c36a-4016-aa3b-e60e32a0d9ec___RS_HL 9717.JPG,23726cb5-c36a-4016-aa3b-e60e32a0d9ec___RS_HL 9717.JPG,Tomato___healthy,tomato__healthy__healthy,tomato,healthy,Healthy Leaf,256,256,3,1.0,RGB,JPEG,25.05,True,
datasets/raw/plantvillage/raw/color/Tomato___healthy/5ecf00da-161c-4e2f-a525-b9223adce0b6___GH_HL Leaf 252.1.JPG,5ecf00da-161c-4e2f-a525-b9223adce0b6___GH_HL Leaf 252.1.JPG,Tomato___healthy,tomato__healthy__healthy,tomato,healthy,Healthy Leaf,256,256,3,1.0,RGB,JPEG,16.45,True,
datasets/raw/plantvillage/raw/color/Tomato___healthy/6f8aa21a-0209-4d38-b937-d0e1e809bf16___RS_HL 0027.JPG,6f8aa21a-0209-4d38-b937-d0e1e809bf16___RS_HL 0027.JPG,Tomato___healthy,tomato__healthy__healthy,tomato,healthy,Healthy Leaf,256,256,3,1.0,RGB,JPEG,23.2,True,
datasets/raw/plantvillage/raw/color/Tomato___healthy/0c4b06d5-4053-44fc-99b6-504934fdd3a9___GH_HL Leaf 199.1.JPG,0c4b06d5-4053-44fc-99b6-504934fdd3a9___GH_HL Leaf 199.1.JPG,Tomato___healthy,tomato__healthy__healthy,tomato,healthy,Healthy Leaf,256,256,3,1.0,RGB,JPEG,18.4,True,
datasets/raw/plantvillage/raw/color/Tomato___healthy/71c4512d-05ba-456f-ba4e-f2861b7e7837___RS_HL 0390.JPG,71c4512d-05ba-456f-ba4e-f2861b7e7837___RS_HL 0390.JPG,Tomato___healthy,tomato__healthy__healthy,tomato,healthy,Healthy Leaf,256,256,3,1.0,RGB,JPEG,25.22,True,
datasets/raw/plantvillage/raw/color/Tomato___healthy/77e04405-25a3-4be4-8fa8-60c73888eca6___RS_HL 0599.JPG,77e04405-25a3-4be4-8fa8-60c73888eca6___RS_HL 0599.JPG,Tomato___healthy,tomato__healthy__healthy,tomato,healthy,Healthy Leaf,256,256,3,1.0,RGB,JPEG,25.93,True,
datasets/raw/plantvillage/raw/color/Tomato___healthy/676eaef6-b16c-4f13-a39d-86c22f64da83___GH_HL Leaf 356.JPG,676eaef6-b16c-4f13-a39d-86c22f64da83___GH_HL Leaf 356.JPG,Tomato___healthy,tomato__healthy__healthy,tomato,healthy,Healthy Leaf,256,256,3,1.0,RGB,JPEG,19.95,True,
datasets/raw/plantvillage/raw/color/Tomato___healthy/750a42ee-b73f-4137-934d-501b311a5528___GH_HL Leaf 330.JPG,750a42ee-b73f-4137-934d-501b311a5528___GH_HL Leaf 330.JPG,Tomato___healthy,tomato__healthy__healthy,tomato,healthy,Healthy Leaf,256,256,3,1.0,RGB,JPEG,19.56,True,
datasets/raw/plantvillage/raw/color/Tomato___healthy/0cabff41-b00b-4692-98af-6b8b0aeba7aa___RS_HL 9774.JPG,0cabff41-b00b-4692-98af-6b8b0aeba7aa___RS_HL 9774.JPG,Tomato___healthy,tomato__healthy__healthy,tomato,healthy,Healthy Leaf,256,256,3,1.0,RGB,JPEG,25.15,True,
datasets/raw/plantvillage/raw/color/Tomato___healthy/275d05cf-89de-45bc-9928-ac6f242c9dd7___RS_HL 0572.JPG,275d05cf-89de-45bc-9928-ac6f242c9dd7___RS_HL 0572.JPG,Tomato___healthy,tomato__healthy__healthy,tomato,healthy,Healthy Leaf,256,256,3,1.0,RGB,JPEG,25.8,True,
datasets/raw/plantvillage/raw/color/Tomato___healthy/ea0a8316-361e-4224-a700-5b86a8b93774___GH_HL Leaf 209.JPG,ea0a8316-361e-4224-a700-5b86a8b93774___GH_HL Leaf 209.JPG,Tomato___healthy,tomato__healthy__healthy,tomato,healthy,Healthy Leaf,256,256,3,1.0,RGB,JPEG,15.91,True,
datasets/raw/plantvillage/raw/color/Tomato___healthy/674f82cb-c61c-4944-b8d6-1afb6212f96f___RS_HL 9646.JPG,674f82cb-c61c-4944-b8d6-1afb6212f96f___RS_HL 9646.JPG,Tomato___healthy,tomato__healthy__healthy,tomato,healthy,Healthy Leaf,256,256,3,1.0,RGB,JPEG,23.96,True,
datasets/raw/plantvillage/raw/color/Tomato___healthy/5d3ceaec-e677-475f-b8ec-1efa66a6c84b___RS_HL 0237.JPG,5d3ceaec-e677-475f-b8ec-1efa66a6c84b___RS_HL 0237.JPG,Tomato___healthy,tomato__healthy__healthy,tomato,healthy,Healthy Leaf,256,256,3,1.0,RGB,JPEG,22.25,True,
datasets/raw/plantvillage/raw/color/Tomato___healthy/a2317e6a-8548-432c-b69f-0f6daada41fa___GH_HL Leaf 469.1.JPG,a2317e6a-8548-432c-b69f-0f6daada41fa___GH_HL Leaf 469.1.JPG,Tomato___healthy,tomato__healthy__healthy,tomato,healthy,Healthy Leaf,256,256,3,1.0,RGB,JPEG,10.79,True,
datasets/raw/plantvillage/raw/color/Tomato___healthy/f04f1e27-b6b0-43a6-b5c5-a4ec6d75ed3e___RS_HL 9737.JPG,f04f1e27-b6b0-43a6-b5c5-a4ec6d75ed3e___RS_HL 9737.JPG,Tomato___healthy,tomato__healthy__healthy,tomato,healthy,Healthy Leaf,256,256,3,1.0,RGB,JPEG,25.69,True,
datasets/raw/plantvillage/raw/color/Tomato___healthy/902d49e5-febf-4970-b0fb-99a57e8e284b___GH_HL Leaf 179.JPG,902d49e5-febf-4970-b0fb-99a57e8e284b___GH_HL Leaf 179.JPG,Tomato___healthy,tomato__healthy__healthy,tomato,healthy,Healthy Leaf,256,256,3,1.0,RGB,JPEG,21.16,True,
datasets/raw/plantvillage/raw/color/Tomato___healthy/247e79d6-1874-4ce4-a777-a03a4f94edbf___GH_HL Leaf 211.1.JPG,247e79d6-1874-4ce4-a777-a03a4f94edbf___GH_HL Leaf 211.1.JPG,Tomato___healthy,tomato__healthy__healthy,tomato,healthy,Healthy Leaf,256,256,3,1.0,RGB,JPEG,18.75,True,
datasets/raw/plantvillage/raw/color/Tomato___healthy/5faa74ba-8f46-4b2b-a7bf-3bc8d9458526___RS_HL 9741.JPG,5faa74ba-8f46-4b2b-a7bf-3bc8d9458526___RS_HL 9741.JPG,Tomato___healthy,tomato__healthy__healthy,tomato,healthy,Healthy Leaf,256,256,3,1.0,RGB,JPEG,24.54,True,
datasets/raw/plantvillage/raw/color/Tomato___healthy/591c89ff-a75f-4613-b06d-4f3fbf6c426c___GH_HL Leaf 435.JPG,591c89ff-a75f-4613-b06d-4f3fbf6c426c___GH_HL Leaf 435.JPG,Tomato___healthy,tomato__healthy__healthy,tomato,healthy,Healthy Leaf,256,256,3,1.0,RGB,JPEG,14.61,True,
datasets/raw/plantvillage/raw/color/Tomato___healthy/ad8359a4-48b9-4469-a012-ed9b220de38e___GH_HL Leaf 285.1.JPG,ad8359a4-48b9-4469-a012-ed9b220de38e___GH_HL Leaf 285.1.JPG,Tomato___healthy,tomato__healthy__healthy,tomato,healthy,Healthy Leaf,256,256,3,1.0,RGB,JPEG,16.4,True,
datasets/raw/plantvillage/raw/color/Tomato___healthy/0aacdad5-c9b9-4309-96e3-0797bbed1375___RS_HL 9836.JPG,0aacdad5-c9b9-4309-96e3-0797bbed1375___RS_HL 9836.JPG,Tomato___healthy,tomato__healthy__healthy,tomato,healthy,Healthy Leaf,256,256,3,1.0,RGB,JPEG,21.49,True,
datasets/raw/plantvillage/raw/color/Tomato___healthy/cfd491d6-4af5-4728-8f0e-0d330a07174a___GH_HL Leaf 482.2.JPG,cfd491d6-4af5-4728-8f0e-0d330a07174a___GH_HL Leaf 482.2.JPG,Tomato___healthy,tomato__healthy__healthy,tomato,healthy,Healthy Leaf,256,256,3,1.0,RGB,JPEG,16.35,True,
datasets/raw/plantvillage/raw/color/Tomato___healthy/e969c25d-8cc4-4730-a65b-330cd4d38c9a___GH_HL Leaf 427.JPG,e969c25d-8cc4-4730-a65b-330cd4d38c9a___GH_HL Leaf 427.JPG,Tomato___healthy,tomato__healthy__healthy,tomato,healthy,Healthy Leaf,256,256,3,1.0,RGB,JPEG,16.92,True,
datasets/raw/plantvillage/raw/color/Tomato___healthy/136a69f1-2cf0-4fc6-bf40-8ed63bd3db94___RS_HL 9624.JPG,136a69f1-2cf0-4fc6-bf40-8ed63bd3db94___RS_HL 9624.JPG,Tomato___healthy,tomato__healthy__healthy,tomato,healthy,Healthy Leaf,256,256,3,1.0,RGB,JPEG,21.5,True,
datasets/raw/plantvillage/raw/color/Tomato___healthy/90af034e-dedd-4edf-afb7-9449c4508535___RS_HL 9675.JPG,90af034e-dedd-4edf-afb7-9449c4508535___RS_HL 9675.JPG,Tomato___healthy,tomato__healthy__healthy,tomato,healthy,Healthy Leaf,256,256,3,1.0,RGB,JPEG,25.91,True,
datasets/raw/plantvillage/raw/color/Tomato___healthy/eb31ccad-06e1-43ab-90f9-e86f4cba2fed___RS_HL 0552.JPG,eb31ccad-06e1-43ab-90f9-e86f4cba2fed___RS_HL 0552.JPG,Tomato___healthy,tomato__healthy__healthy,tomato,healthy,Healthy Leaf,256,256,3,1.0,RGB,JPEG,26.28,True,
datasets/raw/plantvillage/raw/color/Tomato___healthy/109f3e0e-e7f4-41b9-b450-f68750e144ae___RS_HL 0014.JPG,109f3e0e-e7f4-41b9-b450-f68750e144ae___RS_HL 0014.JPG,Tomato___healthy,tomato__healthy__healthy,tomato,healthy,Healthy Leaf,256,256,3,1.0,RGB,JPEG,24.32,True,
datasets/raw/plantvillage/raw/color/Tomato___healthy/efdf2bd7-ff6c-424a-9d81-dc6628278dc6___RS_HL 0065.JPG,efdf2bd7-ff6c-424a-9d81-dc6628278dc6___RS_HL 0065.JPG,Tomato___healthy,tomato__healthy__healthy,tomato,healthy,Healthy Leaf,256,256,3,1.0,RGB,JPEG,25.4,True,
datasets/raw/plantvillage/raw/color/Tomato___healthy/c90b9b00-dbfe-4481-b643-861fcd59c536___RS_HL 0598.JPG,c90b9b00-dbfe-4481-b643-861fcd59c536___RS_HL 0598.JPG,Tomato___healthy,tomato__healthy__healthy,tomato,healthy,Healthy Leaf,256,256,3,1.0,RGB,JPEG,26.82,True,
datasets/raw/plantvillage/raw/color/Tomato___healthy/621419a1-09f2-4a22-a569-6d8103895d1c___RS_HL 0023.JPG,621419a1-09f2-4a22-a569-6d8103895d1c___RS_HL 0023.JPG,Tomato___healthy,tomato__healthy__healthy,tomato,healthy,Healthy Leaf,256,256,3,1.0,RGB,JPEG,25.52,True,
datasets/raw/plantvillage/raw/color/Tomato___healthy/4e8e1275-37a2-48fa-84cb-96ffa0824571___RS_HL 0574.JPG,4e8e1275-37a2-48fa-84cb-96ffa0824571___RS_HL 0574.JPG,Tomato___healthy,tomato__healthy__healthy,tomato,healthy,Healthy Leaf,256,256,3,1.0,RGB,JPEG,26.12,True,
datasets/raw/plantvillage/raw/color/Tomato___healthy/4c2c45b2-7e33-4b1d-9125-b14b5ccafedd___RS_HL 9991.JPG,4c2c45b2-7e33-4b1d-9125-b14b5ccafedd___RS_HL 9991.JPG,Tomato___healthy,tomato__healthy__healthy,tomato,healthy,Healthy Leaf,256,256,3,1.0,RGB,JPEG,26.71,True,
datasets/raw/plantvillage/raw/color/Tomato___healthy/bef34d1a-3d57-4b46-a4ac-70702a4ca5db___RS_HL 9799.JPG,bef34d1a-3d57-4b46-a4ac-70702a4ca5db___RS_HL 9799.JPG,Tomato___healthy,tomato__healthy__healthy,tomato,healthy,Healthy Leaf,256,256,3,1.0,RGB,JPEG,25.19,True,
datasets/raw/plantvillage/raw/color/Tomato___healthy/8eb8512f-fbbe-4415-832a-52e58e3cde9e___RS_HL 0003.JPG,8eb8512f-fbbe-4415-832a-52e58e3cde9e___RS_HL 0003.JPG,Tomato___healthy,tomato__healthy__healthy,tomato,healthy,Healthy Leaf,256,256,3,1.0,RGB,JPEG,25.29,True,
datasets/raw/plantvillage/raw/color/Tomato___healthy/1d1221b5-1a59-43bb-a616-8f7a404785b6___RS_HL 0451.JPG,1d1221b5-1a59-43bb-a616-8f7a404785b6___RS_HL 0451.JPG,Tomato___healthy,tomato__healthy__healthy,tomato,healthy,Healthy Leaf,256,256,3,1.0,RGB,JPEG,27.66,True,
datasets/raw/plantvillage/raw/color/Tomato___healthy/62e7fbf8-131f-4036-b52e-6e5c5b945b13___GH_HL Leaf 410.JPG,62e7fbf8-131f-4036-b52e-6e5c5b945b13___GH_HL Leaf 410.JPG,Tomato___healthy,tomato__healthy__healthy,tomato,healthy,Healthy Leaf,256,256,3,1.0,RGB,JPEG,17.93,True,
datasets/raw/plantvillage/raw/color/Tomato___healthy/8c5dbb8f-90fb-4ec7-9563-11e54723687e___GH_HL Leaf 190.JPG,8c5dbb8f-90fb-4ec7-9563-11e54723687e___GH_HL Leaf 190.JPG,Tomato___healthy,tomato__healthy__healthy,tomato,healthy,Healthy Leaf,256,256,3,1.0,RGB,JPEG,18.51,True,
datasets/raw/plantvillage/raw/color/Tomato___healthy/e25bc3a8-dd00-4c02-9f4e-81e6cf682729___RS_HL 0101.JPG,e25bc3a8-dd00-4c02-9f4e-81e6cf682729___RS_HL 0101.JPG,Tomato___healthy,tomato__healthy__healthy,tomato,healthy,Healthy Leaf,256,256,3,1.0,RGB,JPEG,25.9,True,
datasets/raw/plantvillage/raw/color/Tomato___healthy/0172e56c-8bb8-4e75-8ac7-509df81393e8___RS_HL 0580.JPG,0172e56c-8bb8-4e75-8ac7-509df81393e8___RS_HL 0580.JPG,Tomato___healthy,tomato__healthy__healthy,tomato,healthy,Healthy Leaf,256,256,3,1.0,RGB,JPEG,24.73,True,
datasets/raw/plantvillage/raw/color/Tomato___healthy/21d294dd-0c03-457d-a02d-1243bdf0ff4f___RS_HL 9887.JPG,21d294dd-0c03-457d-a02d-1243bdf0ff4f___RS_HL 9887.JPG,Tomato___healthy,tomato__healthy__healthy,tomato,healthy,Healthy Leaf,256,256,3,1.0,RGB,JPEG,26.45,True,
datasets/raw/plantvillage/raw/color/Tomato___healthy/e623a5a9-edc8-4c81-ada4-68b3ebadfc7e___RS_HL 0082.JPG,e623a5a9-edc8-4c81-ada4-68b3ebadfc7e___RS_HL 0082.JPG,Tomato___healthy,tomato__healthy__healthy,tomato,healthy,Healthy Leaf,256,256,3,1.0,RGB,JPEG,25.73,True,
datasets/raw/plantvillage/raw/color/Tomato___healthy/a05f8f2d-6ac6-45d8-b7ad-394bbda892fc___RS_HL 0613.JPG,a05f8f2d-6ac6-45d8-b7ad-394bbda892fc___RS_HL 0613.JPG,Tomato___healthy,tomato__healthy__healthy,tomato,healthy,Healthy Leaf,256,256,3,1.0,RGB,JPEG,26.65,True,
datasets/raw/plantvillage/raw/color/Tomato___healthy/a1414092-da7c-4e7e-9b25-6fb76e07285b___RS_HL 0247.JPG,a1414092-da7c-4e7e-9b25-6fb76e07285b___RS_HL 0247.JPG,Tomato___healthy,tomato__healthy__healthy,tomato,healthy,Healthy Leaf,256,256,3,1.0,RGB,JPEG,25.8,True,
datasets/raw/plantvillage/raw/color/Tomato___healthy/56821d0b-8d8c-47ed-9754-3c16c9c97cb8___GH_HL Leaf 286.JPG,56821d0b-8d8c-47ed-9754-3c16c9c97cb8___GH_HL Leaf 286.JPG,Tomato___healthy,tomato__healthy__healthy,tomato,healthy,Healthy Leaf,256,256,3,1.0,RGB,JPEG,19.39,True,
datasets/raw/plantvillage/raw/color/Tomato___healthy/bab33032-182b-43c7-8eea-392267cd11ef___RS_HL 9822.JPG,bab33032-182b-43c7-8eea-392267cd11ef___RS_HL 9822.JPG,Tomato___healthy,tomato__healthy__healthy,tomato,healthy,Healthy Leaf,256,256,3,1.0,RGB,JPEG,25.01,True,
datasets/raw/plantvillage/raw/color/Tomato___healthy/438c4ac5-5409-4859-9fe4-3077af7425b2___RS_HL 0157.JPG,438c4ac5-5409-4859-9fe4-3077af7425b2___RS_HL 0157.JPG,Tomato___healthy,tomato__healthy__healthy,tomato,healthy,Healthy Leaf,256,256,3,1.0,RGB,JPEG,25.34,True,
datasets/raw/plantvillage/raw/color/Tomato___healthy/10a4a3bd-e4c3-4e1c-94bd-cd0cd4e2705b___GH_HL Leaf 526.JPG,10a4a3bd-e4c3-4e1c-94bd-cd0cd4e2705b___GH_HL Leaf 526.JPG,Tomato___healthy,tomato__healthy__healthy,tomato,healthy,Healthy Leaf,256,256,3,1.0,RGB,JPEG,20.26,True,
datasets/raw/plantvillage/raw/color/Tomato___healthy/f021c403-3d7b-4369-a928-531ca45c3b08___RS_HL 9682.JPG,f021c403-3d7b-4369-a928-531ca45c3b08___RS_HL 9682.JPG,Tomato___healthy,tomato__healthy__healthy,tomato,healthy,Healthy Leaf,256,256,3,1.0,RGB,JPEG,25.43,True,
datasets/raw/plantvillage/raw/color/Tomato___healthy/9266e5f5-ab7a-461a-836d-fa03f1669a6a___RS_HL 9810.JPG,9266e5f5-ab7a-461a-836d-fa03f1669a6a___RS_HL 9810.JPG,Tomato___healthy,tomato__healthy__healthy,tomato,healthy,Healthy Leaf,256,256,3,1.0,RGB,JPEG,24.73,True,
datasets/raw/plantvillage/raw/color/Tomato___healthy/c4238856-a924-4621-a4eb-3f34668aa23c___RS_HL 0592.JPG,c4238856-a924-4621-a4eb-3f34668aa23c___RS_HL 0592.JPG,Tomato___healthy,tomato__healthy__healthy,tomato,healthy,Healthy Leaf,256,256,3,1.0,RGB,JPEG,23.96,True,
datasets/raw/plantvillage/raw/color/Tomato___healthy/b9046af2-28a7-4546-9107-1ae6d0bb7de7___RS_HL 0174.JPG,b9046af2-28a7-4546-9107-1ae6d0bb7de7___RS_HL 0174.JPG,Tomato___healthy,tomato__healthy__healthy,tomato,healthy,Healthy Leaf,256,256,3,1.0,RGB,JPEG,25.4,True,
datasets/raw/plantvillage/raw/color/Tomato___healthy/19e31197-5f6d-4925-975c-884bd4a94bfe___RS_HL 0291.JPG,19e31197-5f6d-4925-975c-884bd4a94bfe___RS_HL 0291.JPG,Tomato___healthy,tomato__healthy__healthy,tomato,healthy,Healthy Leaf,256,256,3,1.0,RGB,JPEG,25.92,True,
datasets/raw/plantvillage/raw/color/Tomato___healthy/13053341-b112-411c-bc76-8cadbcb4eded___GH_HL Leaf 223.JPG,13053341-b112-411c-bc76-8cadbcb4eded___GH_HL Leaf 223.JPG,Tomato___healthy,tomato__healthy__healthy,tomato,healthy,Healthy Leaf,256,256,3,1.0,RGB,JPEG,16.3,True,
datasets/raw/plantvillage/raw/color/Tomato___healthy/82df832d-43d4-41c5-97b8-baf8ff9c658c___RS_HL 9917.JPG,82df832d-43d4-41c5-97b8-baf8ff9c658c___RS_HL 9917.JPG,Tomato___healthy,tomato__healthy__healthy,tomato,healthy,Healthy Leaf,256,256,3,1.0,RGB,JPEG,25.26,True,
datasets/raw/plantvillage/raw/color/Tomato___healthy/0f0fc0ee-b19b-4f90-ab41-8f693131f57d___RS_HL 9890.JPG,0f0fc0ee-b19b-4f90-ab41-8f693131f57d___RS_HL 9890.JPG,Tomato___healthy,tomato__healthy__healthy,tomato,healthy,Healthy Leaf,256,256,3,1.0,RGB,JPEG,24.83,True,
datasets/raw/plantvillage/raw/color/Tomato___healthy/0a9986e6-b629-4ff5-8aab-7488ea9b935b___RS_HL 9704.JPG,0a9986e6-b629-4ff5-8aab-7488ea9b935b___RS_HL 9704.JPG,Tomato___healthy,tomato__healthy__healthy,tomato,healthy,Healthy Leaf,256,256,3,1.0,RGB,JPEG,23.22,True,
datasets/raw/plantvillage/raw/color/Tomato___healthy/9a5d3900-8707-4088-8ec0-1fad45d8bd11___GH_HL Leaf 339.JPG,9a5d3900-8707-4088-8ec0-1fad45d8bd11___GH_HL Leaf 339.JPG,Tomato___healthy,tomato__healthy__healthy,tomato,healthy,Healthy Leaf,256,256,3,1.0,RGB,JPEG,11.54,True,
datasets/raw/plantvillage/raw/color/Tomato___healthy/4022afd0-756b-4f07-9a8a-3cdf425d0cc5___RS_HL 0134.JPG,4022afd0-756b-4f07-9a8a-3cdf425d0cc5___RS_HL 0134.JPG,Tomato___healthy,tomato__healthy__healthy,tomato,healthy,Healthy Leaf,256,256,3,1.0,RGB,JPEG,25.65,True,
datasets/raw/plantvillage/raw/color/Tomato___healthy/52325034-c2a2-4f00-b49d-e67cafcd2828___GH_HL Leaf 399.1.JPG,52325034-c2a2-4f00-b49d-e67cafcd2828___GH_HL Leaf 399.1.JPG,Tomato___healthy,tomato__healthy__healthy,tomato,healthy,Healthy Leaf,256,256,3,1.0,RGB,JPEG,9.25,True,
datasets/raw/plantvillage/raw/color/Tomato___healthy/b2497a4d-6951-46d3-810b-7072e908eea9___RS_HL 9907.JPG,b2497a4d-6951-46d3-810b-7072e908eea9___RS_HL 9907.JPG,Tomato___healthy,tomato__healthy__healthy,tomato,healthy,Healthy Leaf,256,256,3,1.0,RGB,JPEG,25.95,True,
datasets/raw/plantvillage/raw/color/Tomato___healthy/d7c5d552-e2c6-4868-ac4a-4ffa33151632___RS_HL 0502.JPG,d7c5d552-e2c6-4868-ac4a-4ffa33151632___RS_HL 0502.JPG,Tomato___healthy,tomato__healthy__healthy,tomato,healthy,Healthy Leaf,256,256,3,1.0,RGB,JPEG,26.05,True,
datasets/raw/plantvillage/raw/color/Tomato___healthy/4a0a9092-e70e-4a73-bb51-4d83b3c90a38___GH_HL Leaf 195.JPG,4a0a9092-e70e-4a73-bb51-4d83b3c90a38___GH_HL Leaf 195.JPG,Tomato___healthy,tomato__healthy__healthy,tomato,healthy,Healthy Leaf,256,256,3,1.0,RGB,JPEG,17.33,True,
datasets/raw/plantvillage/raw/color/Tomato___healthy/1ad550a2-113e-440c-919d-85dff2f4de38___RS_HL 0331.JPG,1ad550a2-113e-440c-919d-85dff2f4de38___RS_HL 0331.JPG,Tomato___healthy,tomato__healthy__healthy,tomato,healthy,Healthy Leaf,256,256,3,1.0,RGB,JPEG,24.63,True,
datasets/raw/plantvillage/raw/color/Tomato___healthy/bcae8241-335d-48f4-ae20-e57b17b29db4___RS_HL 0521.JPG,bcae8241-335d-48f4-ae20-e57b17b29db4___RS_HL 0521.JPG,Tomato___healthy,tomato__healthy__healthy,tomato,healthy,Healthy Leaf,256,256,3,1.0,RGB,JPEG,26.4,True,
datasets/raw/plantvillage/raw/color/Tomato___healthy/ec1137c0-ec94-4d00-aabd-97bb603f94c4___GH_HL Leaf 407.JPG,ec1137c0-ec94-4d00-aabd-97bb603f94c4___GH_HL Leaf 407.JPG,Tomato___healthy,tomato__healthy__healthy,tomato,healthy,Healthy Leaf,256,256,3,1.0,RGB,JPEG,17.93,True,
datasets/raw/plantvillage/raw/color/Tomato___healthy/f0336650-0021-43e9-9e8c-d921c5532116___RS_HL 0249.JPG,f0336650-0021-43e9-9e8c-d921c5532116___RS_HL 0249.JPG,Tomato___healthy,tomato__healthy__healthy,tomato,healthy,Healthy Leaf,256,256,3,1.0,RGB,JPEG,25.89,True,
datasets/raw/plantvillage/raw/color/Tomato___healthy/e435f5af-a994-46b5-a5c8-d721dd1788f8___RS_HL 0100.JPG,e435f5af-a994-46b5-a5c8-d721dd1788f8___RS_HL 0100.JPG,Tomato___healthy,tomato__healthy__healthy,tomato,healthy,Healthy Leaf,256,256,3,1.0,RGB,JPEG,23.75,True,
datasets/raw/plantvillage/raw/color/Tomato___healthy/10126910-47a0-4b22-b3ee-ce9eb4d5d7b5___GH_HL Leaf 350.JPG,10126910-47a0-4b22-b3ee-ce9eb4d5d7b5___GH_HL Leaf 350.JPG,Tomato___healthy,tomato__healthy__healthy,tomato,healthy,Healthy Leaf,256,256,3,1.0,RGB,JPEG,18.76,True,
datasets/raw/plantvillage/raw/color/Tomato___healthy/3e4f86b3-55d1-4efc-bd8a-f13af318b181___GH_HL Leaf 492.JPG,3e4f86b3-55d1-4efc-bd8a-f13af318b181___GH_HL Leaf 492.JPG,Tomato___healthy,tomato__healthy__healthy,tomato,healthy,Healthy Leaf,256,256,3,1.0,RGB,JPEG,13.07,True,
datasets/raw/plantvillage/raw/color/Tomato___healthy/0e3feb72-86e5-41c2-a7ca-3295800e5777___RS_HL 0158.JPG,0e3feb72-86e5-41c2-a7ca-3295800e5777___RS_HL 0158.JPG,Tomato___healthy,tomato__healthy__healthy,tomato,healthy,Healthy Leaf,256,256,3,1.0,RGB,JPEG,25.97,True,
datasets/raw/plantvillage/raw/color/Tomato___healthy/8e19f6ec-51c4-496a-9970-746085371064___RS_HL 9829.JPG,8e19f6ec-51c4-496a-9970-746085371064___RS_HL 9829.JPG,Tomato___healthy,tomato__healthy__healthy,tomato,healthy,Healthy Leaf,256,256,3,1.0,RGB,JPEG,24.85,True,
datasets/raw/plantvillage/raw/color/Tomato___healthy/f65afb75-30bc-4d44-adbd-d262ebe07ad5___GH_HL Leaf 222.1.JPG,f65afb75-30bc-4d44-adbd-d262ebe07ad5___GH_HL Leaf 222.1.JPG,Tomato___healthy,tomato__healthy__healthy,tomato,healthy,Healthy Leaf,256,256,3,1.0,RGB,JPEG,19.04,True,
datasets/raw/plantvillage/raw/color/Tomato___healthy/757dc01f-63b5-47aa-b15d-37cbb3f8e76c___GH_HL Leaf 184.1.JPG,757dc01f-63b5-47aa-b15d-37cbb3f8e76c___GH_HL Leaf 184.1.JPG,Tomato___healthy,tomato__healthy__healthy,tomato,healthy,Healthy Leaf,256,256,3,1.0,RGB,JPEG,17.7,True,
datasets/raw/plantvillage/raw/color/Tomato___healthy/6c46af84-675e-4e35-8309-169c20ae8b62___RS_HL 0383.JPG,6c46af84-675e-4e35-8309-169c20ae8b62___RS_HL 0383.JPG,Tomato___healthy,tomato__healthy__healthy,tomato,healthy,Healthy Leaf,256,256,3,1.0,RGB,JPEG,25.14,True,
datasets/raw/plantvillage/raw/color/Tomato___healthy/3b247bc2-44d4-4fea-ae3e-aef886d27e45___RS_HL 0584.JPG,3b247bc2-44d4-4fea-ae3e-aef886d27e45___RS_HL 0584.JPG,Tomato___healthy,tomato__healthy__healthy,tomato,healthy,Healthy Leaf,256,256,3,1.0,RGB,JPEG,20.24,True,
datasets/raw/plantvillage/raw/color/Tomato___healthy/8809940a-a097-4488-9e49-3ffdc10d8d9a___GH_HL Leaf 245.JPG,8809940a-a097-4488-9e49-3ffdc10d8d9a___GH_HL Leaf 245.JPG,Tomato___healthy,tomato__healthy__healthy,tomato,healthy,Healthy Leaf,256,256,3,1.0,RGB,JPEG,14.59,True,
datasets/raw/plantvillage/raw/color/Tomato___healthy/9d447b38-bd33-46f0-880b-324481fbae19___RS_HL 0366.JPG,9d447b38-bd33-46f0-880b-324481fbae19___RS_HL 0366.JPG,Tomato___healthy,tomato__healthy__healthy,tomato,healthy,Healthy Leaf,256,256,3,1.0,RGB,JPEG,25.13,True,
datasets/raw/plantvillage/raw/color/Tomato___healthy/d2d4ff14-b875-4b6f-93d5-ef48ec437e86___RS_HL 0362.JPG,d2d4ff14-b875-4b6f-93d5-ef48ec437e86___RS_HL 0362.JPG,Tomato___healthy,tomato__healthy__healthy,tomato,healthy,Healthy Leaf,256,256,3,1.0,RGB,JPEG,25.25,True,
datasets/raw/plantvillage/raw/color/Tomato___healthy/063d05a7-1a53-4631-818d-44b34126974e___GH_HL Leaf 453.JPG,063d05a7-1a53-4631-818d-44b34126974e___GH_HL Leaf 453.JPG,Tomato___healthy,tomato__healthy__healthy,tomato,healthy,Healthy Leaf,256,256,3,1.0,RGB,JPEG,15.27,True,
datasets/raw/plantvillage/raw/color/Tomato___healthy/7a51866d-a48a-4443-8243-b7de56104946___RS_HL 0311.JPG,7a51866d-a48a-4443-8243-b7de56104946___RS_HL 0311.JPG,Tomato___healthy,tomato__healthy__healthy,tomato,healthy,Healthy Leaf,256,256,3,1.0,RGB,JPEG,24.71,True,
datasets/raw/plantvillage/raw/color/Tomato___healthy/c41aefc3-843c-49c9-8c8f-15c0e1dbc507___RS_HL 9857.JPG,c41aefc3-843c-49c9-8c8f-15c0e1dbc507___RS_HL 9857.JPG,Tomato___healthy,tomato__healthy__healthy,tomato,healthy,Healthy Leaf,256,256,3,1.0,RGB,JPEG,25.37,True,
datasets/raw/plantvillage/raw/color/Tomato___healthy/631c137e-7cd2-4923-829c-ec7cacdd2d01___GH_HL Leaf 420.JPG,631c137e-7cd2-4923-829c-ec7cacdd2d01___GH_HL Leaf 420.JPG,Tomato___healthy,tomato__healthy__healthy,tomato,healthy,Healthy Leaf,256,256,3,1.0,RGB,JPEG,13.91,True,
datasets/raw/plantvillage/raw/color/Tomato___healthy/285e95b9-fe77-43a7-85ab-5ef37ae162f8___RS_HL 0047.JPG,285e95b9-fe77-43a7-85ab-5ef37ae162f8___RS_HL 0047.JPG,Tomato___healthy,tomato__healthy__healthy,tomato,healthy,Healthy Leaf,256,256,3,1.0,RGB,JPEG,22.22,True,
datasets/raw/plantvillage/raw/color/Tomato___healthy/62e5933a-1405-4f56-b5c6-3bb6996465f5___RS_HL 0378.JPG,62e5933a-1405-4f56-b5c6-3bb6996465f5___RS_HL 0378.JPG,Tomato___healthy,tomato__healthy__healthy,tomato,healthy,Healthy Leaf,256,256,3,1.0,RGB,JPEG,24.72,True,
datasets/raw/plantvillage/raw/color/Tomato___healthy/b5ff3a01-04bd-47d0-99c5-cb90ec1f9916___RS_HL 9804.JPG,b5ff3a01-04bd-47d0-99c5-cb90ec1f9916___RS_HL 9804.JPG,Tomato___healthy,tomato__healthy__healthy,tomato,healthy,Healthy Leaf,256,256,3,1.0,RGB,JPEG,25.06,True,
datasets/raw/plantvillage/raw/color/Tomato___healthy/4bd918e2-ac0a-41b4-b1a0-f1bb799a309c___RS_HL 9846.JPG,4bd918e2-ac0a-41b4-b1a0-f1bb799a309c___RS_HL 9846.JPG,Tomato___healthy,tomato__healthy__healthy,tomato,healthy,Healthy Leaf,256,256,3,1.0,RGB,JPEG,26.02,True,
datasets/raw/plantvillage/raw/color/Tomato___healthy/3bbaca2e-d2fd-4fcb-bbd7-e1ad4f7a84ae___RS_HL 0630.JPG,3bbaca2e-d2fd-4fcb-bbd7-e1ad4f7a84ae___RS_HL 0630.JPG,Tomato___healthy,tomato__healthy__healthy,tomato,healthy,Healthy Leaf,256,256,3,1.0,RGB,JPEG,26.43,True,
datasets/raw/plantvillage/raw/color/Tomato___healthy/8ddc8178-4609-4267-bd55-028de3f759c8___RS_HL 0004.JPG,8ddc8178-4609-4267-bd55-028de3f759c8___RS_HL 0004.JPG,Tomato___healthy,tomato__healthy__healthy,tomato,healthy,Healthy Leaf,256,256,3,1.0,RGB,JPEG,23.14,True,
datasets/raw/plantvillage/raw/color/Tomato___healthy/acdf2283-0e7c-4ccd-8817-1019e3a8ed20___RS_HL 9943.JPG,acdf2283-0e7c-4ccd-8817-1019e3a8ed20___RS_HL 9943.JPG,Tomato___healthy,tomato__healthy__healthy,tomato,healthy,Healthy Leaf,256,256,3,1.0,RGB,JPEG,24.37,True,
datasets/raw/plantvillage/raw/color/Tomato___healthy/6d6f479a-d165-46b3-95d8-43c4778c23f9___GH_HL Leaf 205.1.JPG,6d6f479a-d165-46b3-95d8-43c4778c23f9___GH_HL Leaf 205.1.JPG,Tomato___healthy,tomato__healthy__healthy,tomato,healthy,Healthy Leaf,256,256,3,1.0,RGB,JPEG,18.82,True,
datasets/raw/plantvillage/raw/color/Tomato___healthy/c17bbdf8-c589-44bc-a805-6dec51568733___GH_HL Leaf 402.JPG,c17bbdf8-c589-44bc-a805-6dec51568733___GH_HL Leaf 402.JPG,Tomato___healthy,tomato__healthy__healthy,tomato,healthy,Healthy Leaf,256,256,3,1.0,RGB,JPEG,14.09,True,
datasets/raw/plantvillage/raw/color/Tomato___healthy/64518a58-5c06-4a14-9ab6-2c4f71456050___GH_HL Leaf 394.JPG,64518a58-5c06-4a14-9ab6-2c4f71456050___GH_HL Leaf 394.JPG,Tomato___healthy,tomato__healthy__healthy,tomato,healthy,Healthy Leaf,256,256,3,1.0,RGB,JPEG,12.48,True,
datasets/raw/plantvillage/raw/color/Tomato___healthy/397c68cc-c2f8-4a52-8468-557c8181bc9e___GH_HL Leaf 247.JPG,397c68cc-c2f8-4a52-8468-557c8181bc9e___GH_HL Leaf 247.JPG,Tomato___healthy,tomato__healthy__healthy,tomato,healthy,Healthy Leaf,256,256,3,1.0,RGB,JPEG,15.34,True,
datasets/raw/plantvillage/raw/color/Tomato___healthy/338994aa-89ca-4fa5-80ea-9efc94093280___RS_HL 0194.JPG,338994aa-89ca-4fa5-80ea-9efc94093280___RS_HL 0194.JPG,Tomato___healthy,tomato__healthy__healthy,tomato,healthy,Healthy Leaf,256,256,3,1.0,RGB,JPEG,22.56,True,
datasets/raw/plantvillage/raw/color/Tomato___healthy/c866865c-d239-48ff-9134-92df32fe972a___RS_HL 9791.JPG,c866865c-d239-48ff-9134-92df32fe972a___RS_HL 9791.JPG,Tomato___healthy,tomato__healthy__healthy,tomato,healthy,Healthy Leaf,256,256,3,1.0,RGB,JPEG,24.06,True,
datasets/raw/plantvillage/raw/color/Tomato___healthy/a20a5c58-38e3-4fe3-8bdb-1ce02169a6a3___RS_HL 0512.JPG,a20a5c58-38e3-4fe3-8bdb-1ce02169a6a3___RS_HL 0512.JPG,Tomato___healthy,tomato__healthy__healthy,tomato,healthy,Healthy Leaf,256,256,3,1.0,RGB,JPEG,20.72,True,
datasets/raw/plantvillage/raw/color/Tomato___healthy/522cba8a-8cf7-4d39-a73e-0602ab6fc71f___RS_HL 0288.JPG,522cba8a-8cf7-4d39-a73e-0602ab6fc71f___RS_HL 0288.JPG,Tomato___healthy,tomato__healthy__healthy,tomato,healthy,Healthy Leaf,256,256,3,1.0,RGB,JPEG,25.15,True,
datasets/raw/plantvillage/raw/color/Tomato___healthy/739d1e6a-f835-4ff4-ab1c-33946def661a___GH_HL Leaf 219.JPG,739d1e6a-f835-4ff4-ab1c-33946def661a___GH_HL Leaf 219.JPG,Tomato___healthy,tomato__healthy__healthy,tomato,healthy,Healthy Leaf,256,256,3,1.0,RGB,JPEG,18.83,True,
datasets/raw/plantvillage/raw/color/Tomato___healthy/c7cedd2f-dfae-4232-9cab-d75197d48948___GH_HL Leaf 226.6.JPG,c7cedd2f-dfae-4232-9cab-d75197d48948___GH_HL Leaf 226.6.JPG,Tomato___healthy,tomato__healthy__healthy,tomato,healthy,Healthy Leaf,256,256,3,1.0,RGB,JPEG,18.98,True,
datasets/raw/plantvillage/raw/color/Tomato___healthy/3ea5eb53-bde0-44f1-8aac-d6457e5b0b73___RS_HL 0427.JPG,3ea5eb53-bde0-44f1-8aac-d6457e5b0b73___RS_HL 0427.JPG,Tomato___healthy,tomato__healthy__healthy,tomato,healthy,Healthy Leaf,256,256,3,1.0,RGB,JPEG,24.48,True,
datasets/raw/plantvillage/raw/color/Tomato___healthy/0764ce38-ecb9-4046-88d9-c8f176c6ee8b___GH_HL Leaf 423.JPG,0764ce38-ecb9-4046-88d9-c8f176c6ee8b___GH_HL Leaf 423.JPG,Tomato___healthy,tomato__healthy__healthy,tomato,healthy,Healthy Leaf,256,256,3,1.0,RGB,JPEG,16.15,True,
datasets/raw/plantvillage/raw/color/Tomato___healthy/7c2aba18-254c-4e86-86ee-196a5a092324___RS_HL 0395.JPG,7c2aba18-254c-4e86-86ee-196a5a092324___RS_HL 0395.JPG,Tomato___healthy,tomato__healthy__healthy,tomato,healthy,Healthy Leaf,256,256,3,1.0,RGB,JPEG,26.29,True,
datasets/raw/plantvillage/raw/color/Tomato___healthy/49a59716-84d4-44bd-b1c7-4571def5be12___GH_HL Leaf 421.JPG,49a59716-84d4-44bd-b1c7-4571def5be12___GH_HL Leaf 421.JPG,Tomato___healthy,tomato__healthy__healthy,tomato,healthy,Healthy Leaf,256,256,3,1.0,RGB,JPEG,15.33,True,
datasets/raw/plantvillage/raw/color/Tomato___healthy/2db5d3de-824c-4e62-9db1-e271d13ea27e___GH_HL Leaf 273.1.JPG,2db5d3de-824c-4e62-9db1-e271d13ea27e___GH_HL Leaf 273.1.JPG,Tomato___healthy,tomato__healthy__healthy,tomato,healthy,Healthy Leaf,256,256,3,1.0,RGB,JPEG,17.11,True,
datasets/raw/plantvillage/raw/color/Tomato___healthy/8d4a3b2d-bcef-4861-a0a0-c3cb0a1990ce___GH_HL Leaf 204.JPG,8d4a3b2d-bcef-4861-a0a0-c3cb0a1990ce___GH_HL Leaf 204.JPG,Tomato___healthy,tomato__healthy__healthy,tomato,healthy,Healthy Leaf,256,256,3,1.0,RGB,JPEG,19.28,True,
datasets/raw/plantvillage/raw/color/Tomato___healthy/1b966d62-d5c3-4a67-ba36-b67d873ccfdf___GH_HL Leaf 440.JPG,1b966d62-d5c3-4a67-ba36-b67d873ccfdf___GH_HL Leaf 440.JPG,Tomato___healthy,tomato__healthy__healthy,tomato,healthy,Healthy Leaf,256,256,3,1.0,RGB,JPEG,17.4,True,
datasets/raw/plantvillage/raw/color/Tomato___healthy/8ab801ee-afee-4025-b5e8-5927465bd455___RS_HL 0212.JPG,8ab801ee-afee-4025-b5e8-5927465bd455___RS_HL 0212.JPG,Tomato___healthy,tomato__healthy__healthy,tomato,healthy,Healthy Leaf,256,256,3,1.0,RGB,JPEG,24.13,True,
datasets/raw/plantvillage/raw/color/Tomato___healthy/c458d9e4-15b1-41f4-a93b-020d915afd0c___RS_HL 9884.JPG,c458d9e4-15b1-41f4-a93b-020d915afd0c___RS_HL 9884.JPG,Tomato___healthy,tomato__healthy__healthy,tomato,healthy,Healthy Leaf,256,256,3,1.0,RGB,JPEG,25.78,True,
datasets/raw/plantvillage/raw/color/Tomato___healthy/af409ada-072e-4b27-ab15-5cd00116f82e___RS_HL 9824.JPG,af409ada-072e-4b27-ab15-5cd00116f82e___RS_HL 9824.JPG,Tomato___healthy,tomato__healthy__healthy,tomato,healthy,Healthy Leaf,256,256,3,1.0,RGB,JPEG,25.07,True,
datasets/raw/plantvillage/raw/color/Tomato___healthy/38f54137-3e02-48fb-9fc1-0d444a13c40b___GH_HL Leaf 456.JPG,38f54137-3e02-48fb-9fc1-0d444a13c40b___GH_HL Leaf 456.JPG,Tomato___healthy,tomato__healthy__healthy,tomato,healthy,Healthy Leaf,256,256,3,1.0,RGB,JPEG,14.09,True,
datasets/raw/plantvillage/raw/color/Tomato___healthy/fe28e4c7-0c35-4f52-984e-0e60f33a2c6e___GH_HL Leaf 198.JPG,fe28e4c7-0c35-4f52-984e-0e60f33a2c6e___GH_HL Leaf 198.JPG,Tomato___healthy,tomato__healthy__healthy,tomato,healthy,Healthy Leaf,256,256,3,1.0,RGB,JPEG,19.18,True,
datasets/raw/plantvillage/raw/color/Tomato___healthy/3181ca61-aaa0-4263-a141-2760d164f84b___GH_HL Leaf 189.1.JPG,3181ca61-aaa0-4263-a141-2760d164f84b___GH_HL Leaf 189.1.JPG,Tomato___healthy,tomato__healthy__healthy,tomato,healthy,Healthy Leaf,256,256,3,1.0,RGB,JPEG,17.03,True,
datasets/raw/plantvillage/raw/color/Tomato___healthy/0f809e80-ee2b-4ad4-9a80-50d789298d48___GH_HL Leaf 192.JPG,0f809e80-ee2b-4ad4-9a80-50d789298d48___GH_HL Leaf 192.JPG,Tomato___healthy,tomato__healthy__healthy,tomato,healthy,Healthy Leaf,256,256,3,1.0,RGB,JPEG,14.21,True,
datasets/raw/plantvillage/raw/color/Tomato___healthy/18fa8f7f-ef94-4a3b-9c79-5f4362323134___RS_HL 9977.JPG,18fa8f7f-ef94-4a3b-9c79-5f4362323134___RS_HL 9977.JPG,Tomato___healthy,tomato__healthy__healthy,tomato,healthy,Healthy Leaf,256,256,3,1.0,RGB,JPEG,27.15,True,
datasets/raw/plantvillage/raw/color/Tomato___healthy/9dcb8870-47cb-4816-bb88-a435b5844cf6___GH_HL Leaf 207.JPG,9dcb8870-47cb-4816-bb88-a435b5844cf6___GH_HL Leaf 207.JPG,Tomato___healthy,tomato__healthy__healthy,tomato,healthy,Healthy Leaf,256,256,3,1.0,RGB,JPEG,18.37,True,
datasets/raw/plantvillage/raw/color/Tomato___healthy/c7db2891-1bfa-4047-8864-66be6cc9e185___RS_HL 0162.JPG,c7db2891-1bfa-4047-8864-66be6cc9e185___RS_HL 0162.JPG,Tomato___healthy,tomato__healthy__healthy,tomato,healthy,Healthy Leaf,256,256,3,1.0,RGB,JPEG,23.77,True,
datasets/raw/plantvillage/raw/color/Tomato___healthy/06d3fe74-beca-4722-ae07-eeb671b82780___RS_HL 9701.JPG,06d3fe74-beca-4722-ae07-eeb671b82780___RS_HL 9701.JPG,Tomato___healthy,tomato__healthy__healthy,tomato,healthy,Healthy Leaf,256,256,3,1.0,RGB,JPEG,23.27,True,
datasets/raw/plantvillage/raw/color/Tomato___healthy/43c4b555-4bc4-470f-9150-ef0a7b515e00___RS_HL 9702.JPG,43c4b555-4bc4-470f-9150-ef0a7b515e00___RS_HL 9702.JPG,Tomato___healthy,tomato__healthy__healthy,tomato,healthy,Healthy Leaf,256,256,3,1.0,RGB,JPEG,23.45,True,
datasets/raw/plantvillage/raw/color/Tomato___healthy/f7069452-9405-45a6-bfb3-f21ea42b9b02___RS_HL 9966.JPG,f7069452-9405-45a6-bfb3-f21ea42b9b02___RS_HL 9966.JPG,Tomato___healthy,tomato__healthy__healthy,tomato,healthy,Healthy Leaf,256,256,3,1.0,RGB,JPEG,26.18,True,
datasets/raw/plantvillage/raw/color/Tomato___healthy/01f98912-9627-4ce0-8f0f-e451b7acbb6c___RS_HL 0509.JPG,01f98912-9627-4ce0-8f0f-e451b7acbb6c___RS_HL 0509.JPG,Tomato___healthy,tomato__healthy__healthy,tomato,healthy,Healthy Leaf,256,256,3,1.0,RGB,JPEG,26.32,True,
datasets/raw/plantvillage/raw/color/Tomato___healthy/ed4e4d41-ed9d-4e62-9cc8-33fadd791847___RS_HL 0338.JPG,ed4e4d41-ed9d-4e62-9cc8-33fadd791847___RS_HL 0338.JPG,Tomato___healthy,tomato__healthy__healthy,tomato,healthy,Healthy Leaf,256,256,3,1.0,RGB,JPEG,23.99,True,
datasets/raw/plantvillage/raw/color/Tomato___healthy/0d70d565-520e-474c-85c1-ab478c9f1d4b___GH_HL Leaf 203.1.JPG,0d70d565-520e-474c-85c1-ab478c9f1d4b___GH_HL Leaf 203.1.JPG,Tomato___healthy,tomato__healthy__healthy,tomato,healthy,Healthy Leaf,256,256,3,1.0,RGB,JPEG,17.97,True,
datasets/raw/plantvillage/raw/color/Tomato___healthy/984d9db2-082d-446b-8991-870090c447bb___RS_HL 0274.JPG,984d9db2-082d-446b-8991-870090c447bb___RS_HL 0274.JPG,Tomato___healthy,tomato__healthy__healthy,tomato,healthy,Healthy Leaf,256,256,3,1.0,RGB,JPEG,25.74,True,
datasets/raw/plantvillage/raw/color/Tomato___healthy/4b696198-bb02-426d-bcbd-cc00177a0fb7___RS_HL 0093.JPG,4b696198-bb02-426d-bcbd-cc00177a0fb7___RS_HL 0093.JPG,Tomato___healthy,tomato__healthy__healthy,tomato,healthy,Healthy Leaf,256,256,3,1.0,RGB,JPEG,26.74,True,
datasets/raw/plantvillage/raw/color/Tomato___healthy/ad270b53-60f2-4d27-8d7a-54d8f60f268b___RS_HL 0253.JPG,ad270b53-60f2-4d27-8d7a-54d8f60f268b___RS_HL 0253.JPG,Tomato___healthy,tomato__healthy__healthy,tomato,healthy,Healthy Leaf,256,256,3,1.0,RGB,JPEG,25.42,True,
datasets/raw/plantvillage/raw/color/Tomato___healthy/fde29807-8223-4fc5-a06b-7cc93101a6d1___GH_HL Leaf 174.JPG,fde29807-8223-4fc5-a06b-7cc93101a6d1___GH_HL Leaf 174.JPG,Tomato___healthy,tomato__healthy__healthy,tomato,healthy,Healthy Leaf,256,256,3,1.0,RGB,JPEG,10.53,True,
datasets/raw/plantvillage/raw/color/Tomato___healthy/d45c5eb7-c7b7-430b-9b2c-917a4a34315e___RS_HL 0151.JPG,d45c5eb7-c7b7-430b-9b2c-917a4a34315e___RS_HL 0151.JPG,Tomato___healthy,tomato__healthy__healthy,tomato,healthy,Healthy Leaf,256,256,3,1.0,RGB,JPEG,25.46,True,
datasets/raw/plantvillage/raw/color/Tomato___healthy/b4a854a1-cd40-4bac-b377-97fc49b8314c___RS_HL 9628.JPG,b4a854a1-cd40-4bac-b377-97fc49b8314c___RS_HL 9628.JPG,Tomato___healthy,tomato__healthy__healthy,tomato,healthy,Healthy Leaf,256,256,3,1.0,RGB,JPEG,21.8,True,
datasets/raw/plantvillage/raw/color/Tomato___healthy/7d3cd4c9-2c10-422d-a5f2-474c5569649d___RS_HL 9686.JPG,7d3cd4c9-2c10-422d-a5f2-474c5569649d___RS_HL 9686.JPG,Tomato___healthy,tomato__healthy__healthy,tomato,healthy,Healthy Leaf,256,256,3,1.0,RGB,JPEG,25.62,True,
datasets/raw/plantvillage/raw/color/Tomato___healthy/9e43d49b-abbe-4b9b-8566-42586a58a705___RS_HL 0462.JPG,9e43d49b-abbe-4b9b-8566-42586a58a705___RS_HL 0462.JPG,Tomato___healthy,tomato__healthy__healthy,tomato,healthy,Healthy Leaf,256,256,3,1.0,RGB,JPEG,26.52,True,
datasets/raw/plantvillage/raw/color/Tomato___healthy/75a4f049-e99c-4666-845f-7b1577dbd662___RS_HL 9955.JPG,75a4f049-e99c-4666-845f-7b1577dbd662___RS_HL 9955.JPG,Tomato___healthy,tomato__healthy__healthy,tomato,healthy,Healthy Leaf,256,256,3,1.0,RGB,JPEG,24.97,True,
datasets/raw/plantvillage/raw/color/Tomato___healthy/c11a3cf1-de74-421e-89d0-11ea1508673d___RS_HL 0185.JPG,c11a3cf1-de74-421e-89d0-11ea1508673d___RS_HL 0185.JPG,Tomato___healthy,tomato__healthy__healthy,tomato,healthy,Healthy Leaf,256,256,3,1.0,RGB,JPEG,23.89,True,
datasets/raw/plantvillage/raw/color/Tomato___healthy/185440e0-ca0a-4cd6-aba7-d03fae21552f___RS_HL 0141.JPG,185440e0-ca0a-4cd6-aba7-d03fae21552f___RS_HL 0141.JPG,Tomato___healthy,tomato__healthy__healthy,tomato,healthy,Healthy Leaf,256,256,3,1.0,RGB,JPEG,24.92,True,
datasets/raw/plantvillage/raw/color/Tomato___healthy/c04a8a0a-2ab7-4494-9fa3-88aea29338d8___RS_HL 0015.JPG,c04a8a0a-2ab7-4494-9fa3-88aea29338d8___RS_HL 0015.JPG,Tomato___healthy,tomato__healthy__healthy,tomato,healthy,Healthy Leaf,256,256,3,1.0,RGB,JPEG,23.03,True,
datasets/raw/plantvillage/raw/color/Tomato___healthy/9721c76f-52cc-4a63-a465-4cc32974806c___GH_HL Leaf 431.1.JPG,9721c76f-52cc-4a63-a465-4cc32974806c___GH_HL Leaf 431.1.JPG,Tomato___healthy,tomato__healthy__healthy,tomato,healthy,Healthy Leaf,256,256,3,1.0,RGB,JPEG,15.78,True,
datasets/raw/plantvillage/raw/color/Tomato___healthy/46ff56ce-bf5d-48b9-89d8-d096a288f62b___RS_HL 9630.JPG,46ff56ce-bf5d-48b9-89d8-d096a288f62b___RS_HL 9630.JPG,Tomato___healthy,tomato__healthy__healthy,tomato,healthy,Healthy Leaf,256,256,3,1.0,RGB,JPEG,22.98,True,
datasets/raw/plantvillage/raw/color/Tomato___healthy/8cbf5a0d-8937-4f72-adf0-294fb7c947c1___RS_HL 0128.JPG,8cbf5a0d-8937-4f72-adf0-294fb7c947c1___RS_HL 0128.JPG,Tomato___healthy,tomato__healthy__healthy,tomato,healthy,Healthy Leaf,256,256,3,1.0,RGB,JPEG,25.59,True,
datasets/raw/plantvillage/raw/color/Tomato___healthy/f2758dd2-5274-45df-8f00-639731ec3120___RS_HL 9750.JPG,f2758dd2-5274-45df-8f00-639731ec3120___RS_HL 9750.JPG,Tomato___healthy,tomato__healthy__healthy,tomato,healthy,Healthy Leaf,256,256,3,1.0,RGB,JPEG,24.7,True,
datasets/raw/plantvillage/raw/color/Tomato___healthy/caca1578-600e-423f-8307-65c11fc27942___RS_HL 0374.JPG,caca1578-600e-423f-8307-65c11fc27942___RS_HL 0374.JPG,Tomato___healthy,tomato__healthy__healthy,tomato,healthy,Healthy Leaf,256,256,3,1.0,RGB,JPEG,25.54,True,
datasets/raw/plantvillage/raw/color/Tomato___healthy/68f66822-cde2-4a2c-b58e-a16900362a75___RS_HL 9674.JPG,68f66822-cde2-4a2c-b58e-a16900362a75___RS_HL 9674.JPG,Tomato___healthy,tomato__healthy__healthy,tomato,healthy,Healthy Leaf,256,256,3,1.0,RGB,JPEG,24.63,True,
datasets/raw/plantvillage/raw/color/Tomato___healthy/961e5369-8899-4d35-a83c-82eb55c2a848___GH_HL Leaf 188.2.JPG,961e5369-8899-4d35-a83c-82eb55c2a848___GH_HL Leaf 188.2.JPG,Tomato___healthy,tomato__healthy__healthy,tomato,healthy,Healthy Leaf,256,256,3,1.0,RGB,JPEG,19.92,True,
datasets/raw/plantvillage/raw/color/Tomato___healthy/b7aea5b5-5db2-4861-b322-63af0162770c___RS_HL 9837.JPG,b7aea5b5-5db2-4861-b322-63af0162770c___RS_HL 9837.JPG,Tomato___healthy,tomato__healthy__healthy,tomato,healthy,Healthy Leaf,256,256,3,1.0,RGB,JPEG,24.74,True,
datasets/raw/plantvillage/raw/color/Tomato___healthy/6f6db1db-e3d1-4715-b46e-d0c64524da81___GH_HL Leaf 502.4.JPG,6f6db1db-e3d1-4715-b46e-d0c64524da81___GH_HL Leaf 502.4.JPG,Tomato___healthy,tomato__healthy__healthy,tomato,healthy,Healthy Leaf,256,256,3,1.0,RGB,JPEG,14.69,True,
datasets/raw/plantvillage/raw/color/Tomato___healthy/e6584f1d-9338-4807-a2f2-8c0a70220c22___GH_HL Leaf 239.JPG,e6584f1d-9338-4807-a2f2-8c0a70220c22___GH_HL Leaf 239.JPG,Tomato___healthy,tomato__healthy__healthy,tomato,healthy,Healthy Leaf,256,256,3,1.0,RGB,JPEG,22.52,True,
datasets/raw/plantvillage/raw/color/Tomato___healthy/f0037c61-001d-4b1f-b794-5b5ab49d50d5___RS_HL 0527.JPG,f0037c61-001d-4b1f-b794-5b5ab49d50d5___RS_HL 0527.JPG,Tomato___healthy,tomato__healthy__healthy,tomato,healthy,Healthy Leaf,256,256,3,1.0,RGB,JPEG,27.2,True,
datasets/raw/plantvillage/raw/color/Tomato___healthy/8ad09f74-a565-413a-bcf5-21cf58a4db3a___RS_HL 0173.JPG,8ad09f74-a565-413a-bcf5-21cf58a4db3a___RS_HL 0173.JPG,Tomato___healthy,tomato__healthy__healthy,tomato,healthy,Healthy Leaf,256,256,3,1.0,RGB,JPEG,24.95,True,
datasets/raw/plantvillage/raw/color/Tomato___healthy/9b0e031b-27c2-4c62-8923-ccc3ce5a4048___GH_HL Leaf 401.1.JPG,9b0e031b-27c2-4c62-8923-ccc3ce5a4048___GH_HL Leaf 401.1.JPG,Tomato___healthy,tomato__healthy__healthy,tomato,healthy,Healthy Leaf,256,256,3,1.0,RGB,JPEG,13.58,True,
datasets/raw/plantvillage/raw/color/Tomato___healthy/7f80c0af-c88f-40ec-be87-14d7595248d8___RS_HL 9721.JPG,7f80c0af-c88f-40ec-be87-14d7595248d8___RS_HL 9721.JPG,Tomato___healthy,tomato__healthy__healthy,tomato,healthy,Healthy Leaf,256,256,3,1.0,RGB,JPEG,26.41,True,
datasets/raw/plantvillage/raw/color/Tomato___healthy/d673db62-484e-49d3-baca-0ffc0d2ba8f5___RS_HL 0230.JPG,d673db62-484e-49d3-baca-0ffc0d2ba8f5___RS_HL 0230.JPG,Tomato___healthy,tomato__healthy__healthy,tomato,healthy,Healthy Leaf,256,256,3,1.0,RGB,JPEG,24.48,True,
datasets/raw/plantvillage/raw/color/Tomato___healthy/994d4897-7227-4f74-a5e1-610d528e7d87___RS_HL 9927.JPG,994d4897-7227-4f74-a5e1-610d528e7d87___RS_HL 9927.JPG,Tomato___healthy,tomato__healthy__healthy,tomato,healthy,Healthy Leaf,256,256,3,1.0,RGB,JPEG,26.59,True,
datasets/raw/plantvillage/raw/color/Tomato___healthy/f7d044c0-6900-4624-9c20-fa27aa0911ff___GH_HL Leaf 275.JPG,f7d044c0-6900-4624-9c20-fa27aa0911ff___GH_HL Leaf 275.JPG,Tomato___healthy,tomato__healthy__healthy,tomato,healthy,Healthy Leaf,256,256,3,1.0,RGB,JPEG,20.33,True,
datasets/raw/plantvillage/raw/color/Tomato___healthy/bc3ca9e1-86c1-4945-9993-c61a38a942ed___GH_HL Leaf 294.JPG,bc3ca9e1-86c1-4945-9993-c61a38a942ed___GH_HL Leaf 294.JPG,Tomato___healthy,tomato__healthy__healthy,tomato,healthy,Healthy Leaf,256,256,3,1.0,RGB,JPEG,18.23,True,
datasets/raw/plantvillage/raw/color/Tomato___healthy/6323ad6c-28ea-4050-bc40-310d58715755___RS_HL 0294.JPG,6323ad6c-28ea-4050-bc40-310d58715755___RS_HL 0294.JPG,Tomato___healthy,tomato__healthy__healthy,tomato,healthy,Healthy Leaf,256,256,3,1.0,RGB,JPEG,24.85,True,
datasets/raw/plantvillage/raw/color/Tomato___healthy/cbda1b76-250a-4bce-aa3d-1b04feeca6d7___RS_HL 9707.JPG,cbda1b76-250a-4bce-aa3d-1b04feeca6d7___RS_HL 9707.JPG,Tomato___healthy,tomato__healthy__healthy,tomato,healthy,Healthy Leaf,256,256,3,1.0,RGB,JPEG,23.94,True,
datasets/raw/plantvillage/raw/color/Tomato___healthy/388aca21-8d73-460f-8f58-a876f294f98e___GH_HL Leaf 463.JPG,388aca21-8d73-460f-8f58-a876f294f98e___GH_HL Leaf 463.JPG,Tomato___healthy,tomato__healthy__healthy,tomato,healthy,Healthy Leaf,256,256,3,1.0,RGB,JPEG,14.18,True,
datasets/raw/plantvillage/raw/color/Tomato___healthy/56a12dcc-cd88-47c3-97b2-8c3a33f7dba2___GH_HL Leaf 370.JPG,56a12dcc-cd88-47c3-97b2-8c3a33f7dba2___GH_HL Leaf 370.JPG,Tomato___healthy,tomato__healthy__healthy,tomato,healthy,Healthy Leaf,256,256,3,1.0,RGB,JPEG,15.84,True,
datasets/raw/plantvillage/raw/color/Tomato___healthy/80c566ba-6754-4abb-a61e-986b92cfc4fd___RS_HL 0436.JPG,80c566ba-6754-4abb-a61e-986b92cfc4fd___RS_HL 0436.JPG,Tomato___healthy,tomato__healthy__healthy,tomato,healthy,Healthy Leaf,256,256,3,1.0,RGB,JPEG,24.49,True,
datasets/raw/plantvillage/raw/color/Tomato___healthy/caa60224-1c60-455e-8b7c-e73626af84c1___GH_HL Leaf 214.JPG,caa60224-1c60-455e-8b7c-e73626af84c1___GH_HL Leaf 214.JPG,Tomato___healthy,tomato__healthy__healthy,tomato,healthy,Healthy Leaf,256,256,3,1.0,RGB,JPEG,17.86,True,
datasets/raw/plantvillage/raw/color/Tomato___healthy/3b0677fb-ff25-4871-aa89-37f756e917af___GH_HL Leaf 253.JPG,3b0677fb-ff25-4871-aa89-37f756e917af___GH_HL Leaf 253.JPG,Tomato___healthy,tomato__healthy__healthy,tomato,healthy,Healthy Leaf,256,256,3,1.0,RGB,JPEG,17.11,True,
datasets/raw/plantvillage/raw/color/Tomato___healthy/3d8a687c-febd-4bd6-8fa5-62a3e1d5ebf6___GH_HL Leaf 443.1.JPG,3d8a687c-febd-4bd6-8fa5-62a3e1d5ebf6___GH_HL Leaf 443.1.JPG,Tomato___healthy,tomato__healthy__healthy,tomato,healthy,Healthy Leaf,256,256,3,1.0,RGB,JPEG,15.07,True,
datasets/raw/plantvillage/raw/color/Tomato___healthy/8558f71b-626f-40f3-863d-69493941f829___RS_HL 0044.JPG,8558f71b-626f-40f3-863d-69493941f829___RS_HL 0044.JPG,Tomato___healthy,tomato__healthy__healthy,tomato,healthy,Healthy Leaf,256,256,3,1.0,RGB,JPEG,26.42,True,
datasets/raw/plantvillage/raw/color/Tomato___healthy/b912741f-b778-4e29-98d0-eb33de28c180___RS_HL 9656.JPG,b912741f-b778-4e29-98d0-eb33de28c180___RS_HL 9656.JPG,Tomato___healthy,tomato__healthy__healthy,tomato,healthy,Healthy Leaf,256,256,3,1.0,RGB,JPEG,25.38,True,
datasets/raw/plantvillage/raw/color/Tomato___healthy/ec768816-02c1-4726-9374-b6d0ccec49d2___RS_HL 0114.JPG,ec768816-02c1-4726-9374-b6d0ccec49d2___RS_HL 0114.JPG,Tomato___healthy,tomato__healthy__healthy,tomato,healthy,Healthy Leaf,256,256,3,1.0,RGB,JPEG,24.1,True,
datasets/raw/plantvillage/raw/color/Tomato___healthy/061bd6f1-8532-4bc8-977d-bc48ffab4ac3___RS_HL 0476.JPG,061bd6f1-8532-4bc8-977d-bc48ffab4ac3___RS_HL 0476.JPG,Tomato___healthy,tomato__healthy__healthy,tomato,healthy,Healthy Leaf,256,256,3,1.0,RGB,JPEG,26.24,True,
datasets/raw/plantvillage/raw/color/Tomato___healthy/31dd192f-dcf8-4f89-9890-7bd22653f823___RS_HL 0052.JPG,31dd192f-dcf8-4f89-9890-7bd22653f823___RS_HL 0052.JPG,Tomato___healthy,tomato__healthy__healthy,tomato,healthy,Healthy Leaf,256,256,3,1.0,RGB,JPEG,26.86,True,
datasets/raw/plantvillage/raw/color/Tomato___healthy/aa0058b5-2857-40fd-8b40-24d728574aec___RS_HL 0415.JPG,aa0058b5-2857-40fd-8b40-24d728574aec___RS_HL 0415.JPG,Tomato___healthy,tomato__healthy__healthy,tomato,healthy,Healthy Leaf,256,256,3,1.0,RGB,JPEG,25.36,True,
datasets/raw/plantvillage/raw/color/Tomato___healthy/79debbff-9c0f-4a5c-a4c7-4b2bc97406dc___RS_HL 0244.JPG,79debbff-9c0f-4a5c-a4c7-4b2bc97406dc___RS_HL 0244.JPG,Tomato___healthy,tomato__healthy__healthy,tomato,healthy,Healthy Leaf,256,256,3,1.0,RGB,JPEG,24.8,True,
datasets/raw/plantvillage/raw/color/Tomato___healthy/058ade43-2361-4039-bbe5-0ac661828c01___GH_HL Leaf 325.1.JPG,058ade43-2361-4039-bbe5-0ac661828c01___GH_HL Leaf 325.1.JPG,Tomato___healthy,tomato__healthy__healthy,tomato,healthy,Healthy Leaf,256,256,3,1.0,RGB,JPEG,18.52,True,
datasets/raw/plantvillage/raw/color/Tomato___healthy/53471454-9f9a-4182-91a3-c2c6c1268c56___RS_HL 0209.JPG,53471454-9f9a-4182-91a3-c2c6c1268c56___RS_HL 0209.JPG,Tomato___healthy,tomato__healthy__healthy,tomato,healthy,Healthy Leaf,256,256,3,1.0,RGB,JPEG,26.3,True,
datasets/raw/plantvillage/raw/color/Tomato___healthy/f0a9bd86-99c9-45d9-afe1-ca6cf6bbcdd6___RS_HL 9722.JPG,f0a9bd86-99c9-45d9-afe1-ca6cf6bbcdd6___RS_HL 9722.JPG,Tomato___healthy,tomato__healthy__healthy,tomato,healthy,Healthy Leaf,256,256,3,1.0,RGB,JPEG,23.63,True,
datasets/raw/plantvillage/raw/color/Tomato___healthy/3b87f866-1d80-4b22-99f8-108e315c9029___RS_HL 0394.JPG,3b87f866-1d80-4b22-99f8-108e315c9029___RS_HL 0394.JPG,Tomato___healthy,tomato__healthy__healthy,tomato,healthy,Healthy Leaf,256,256,3,1.0,RGB,JPEG,24.87,True,
datasets/raw/plantvillage/raw/color/Tomato___healthy/4c3bf302-573e-4240-9d67-60412ea836d0___RS_HL 0254.JPG,4c3bf302-573e-4240-9d67-60412ea836d0___RS_HL 0254.JPG,Tomato___healthy,tomato__healthy__healthy,tomato,healthy,Healthy Leaf,256,256,3,1.0,RGB,JPEG,24.41,True,
datasets/raw/plantvillage/raw/color/Tomato___healthy/ab19440f-0642-4dd8-820f-2f67d5abee98___RS_HL 0172.JPG,ab19440f-0642-4dd8-820f-2f67d5abee98___RS_HL 0172.JPG,Tomato___healthy,tomato__healthy__healthy,tomato,healthy,Healthy Leaf,256,256,3,1.0,RGB,JPEG,25.79,True,
datasets/raw/plantvillage/raw/color/Tomato___healthy/5300bf32-485d-4978-9099-3175fb666da8___GH_HL Leaf 475.JPG,5300bf32-485d-4978-9099-3175fb666da8___GH_HL Leaf 475.JPG,Tomato___healthy,tomato__healthy__healthy,tomato,healthy,Healthy Leaf,256,256,3,1.0,RGB,JPEG,13.46,True,
datasets/raw/plantvillage/raw/color/Tomato___healthy/97f4f8ad-c220-43f4-b25e-a6ae315057f0___RS_HL 0078.JPG,97f4f8ad-c220-43f4-b25e-a6ae315057f0___RS_HL 0078.JPG,Tomato___healthy,tomato__healthy__healthy,tomato,healthy,Healthy Leaf,256,256,3,1.0,RGB,JPEG,25.02,True,
datasets/raw/plantvillage/raw/color/Tomato___healthy/85487c92-0a3d-4dd9-a8f9-6d7b7e1887e6___RS_HL 9789.JPG,85487c92-0a3d-4dd9-a8f9-6d7b7e1887e6___RS_HL 9789.JPG,Tomato___healthy,tomato__healthy__healthy,tomato,healthy,Healthy Leaf,256,256,3,1.0,RGB,JPEG,24.92,True,
datasets/raw/plantvillage/raw/color/Tomato___healthy/6890c333-c7d2-4d50-8734-f70b61cef213___GH_HL Leaf 447.1.JPG,6890c333-c7d2-4d50-8734-f70b61cef213___GH_HL Leaf 447.1.JPG,Tomato___healthy,tomato__healthy__healthy,tomato,healthy,Healthy Leaf,256,256,3,1.0,RGB,JPEG,14.63,True,
datasets/raw/plantvillage/raw/color/Tomato___healthy/b427ec05-0b9a-45c6-8148-cbddad66e99d___GH_HL Leaf 516.3.JPG,b427ec05-0b9a-45c6-8148-cbddad66e99d___GH_HL Leaf 516.3.JPG,Tomato___healthy,tomato__healthy__healthy,tomato,healthy,Healthy Leaf,256,256,3,1.0,RGB,JPEG,16.95,True,
datasets/raw/plantvillage/raw/color/Tomato___healthy/5c23afc6-7236-4f07-adcd-61b1f69e3fb2___RS_HL 9801.JPG,5c23afc6-7236-4f07-adcd-61b1f69e3fb2___RS_HL 9801.JPG,Tomato___healthy,tomato__healthy__healthy,tomato,healthy,Healthy Leaf,256,256,3,1.0,RGB,JPEG,24.35,True,
datasets/raw/plantvillage/raw/color/Tomato___healthy/0764cff7-f198-467a-9afd-d9f0c7bcf7c9___RS_HL 0443.JPG,0764cff7-f198-467a-9afd-d9f0c7bcf7c9___RS_HL 0443.JPG,Tomato___healthy,tomato__healthy__healthy,tomato,healthy,Healthy Leaf,256,256,3,1.0,RGB,JPEG,24.32,True,
datasets/raw/plantvillage/raw/color/Tomato___healthy/50aebd46-fc21-4954-b2d7-729b02a849b1___GH_HL Leaf 194.JPG,50aebd46-fc21-4954-b2d7-729b02a849b1___GH_HL Leaf 194.JPG,Tomato___healthy,tomato__healthy__healthy,tomato,healthy,Healthy Leaf,256,256,3,1.0,RGB,JPEG,17.82,True,
datasets/raw/plantvillage/raw/color/Tomato___healthy/dbd289fc-1399-44fe-968d-39a5a4f16679___RS_HL 0495.JPG,dbd289fc-1399-44fe-968d-39a5a4f16679___RS_HL 0495.JPG,Tomato___healthy,tomato__healthy__healthy,tomato,healthy,Healthy Leaf,256,256,3,1.0,RGB,JPEG,26.81,True,
datasets/raw/plantvillage/raw/color/Tomato___healthy/cc86c41e-9f5d-4b68-af29-a3e405edf69d___GH_HL Leaf 324.JPG,cc86c41e-9f5d-4b68-af29-a3e405edf69d___GH_HL Leaf 324.JPG,Tomato___healthy,tomato__healthy__healthy,tomato,healthy,Healthy Leaf,256,256,3,1.0,RGB,JPEG,19.25,True,
datasets/raw/plantvillage/raw/color/Tomato___healthy/1d8bb370-3c10-4806-b2ff-1621e21355ba___RS_HL 9882.JPG,1d8bb370-3c10-4806-b2ff-1621e21355ba___RS_HL 9882.JPG,Tomato___healthy,tomato__healthy__healthy,tomato,healthy,Healthy Leaf,256,256,3,1.0,RGB,JPEG,25.54,True,
datasets/raw/plantvillage/raw/color/Tomato___healthy/08c1c1e5-bb78-44d5-b46f-a86386c0ef3b___RS_HL 0063.JPG,08c1c1e5-bb78-44d5-b46f-a86386c0ef3b___RS_HL 0063.JPG,Tomato___healthy,tomato__healthy__healthy,tomato,healthy,Healthy Leaf,256,256,3,1.0,RGB,JPEG,25.06,True,
datasets/raw/plantvillage/raw/color/Tomato___healthy/fad75ca9-7035-4045-b3d3-475b558d49ba___RS_HL 0010.JPG,fad75ca9-7035-4045-b3d3-475b558d49ba___RS_HL 0010.JPG,Tomato___healthy,tomato__healthy__healthy,tomato,healthy,Healthy Leaf,256,256,3,1.0,RGB,JPEG,25.65,True,
datasets/raw/plantvillage/raw/color/Tomato___healthy/83d9992c-b4ee-41f5-b3eb-792afd464f4e___RS_HL 9629.JPG,83d9992c-b4ee-41f5-b3eb-792afd464f4e___RS_HL 9629.JPG,Tomato___healthy,tomato__healthy__healthy,tomato,healthy,Healthy Leaf,256,256,3,1.0,RGB,JPEG,22.8,True,
datasets/raw/plantvillage/raw/color/Tomato___healthy/4959798b-5c9b-4f8e-b0a0-3778259614b1___CG1.JPG,4959798b-5c9b-4f8e-b0a0-3778259614b1___CG1.JPG,Tomato___healthy,tomato__healthy__healthy,tomato,healthy,Healthy Leaf,256,256,3,1.0,RGB,JPEG,10.61,True,
datasets/raw/plantvillage/raw/color/Tomato___healthy/15daad17-78e9-45d2-9054-5a76221f6c1e___GH_HL Leaf 246.JPG,15daad17-78e9-45d2-9054-5a76221f6c1e___GH_HL Leaf 246.JPG,Tomato___healthy,tomato__healthy__healthy,tomato,healthy,Healthy Leaf,256,256,3,1.0,RGB,JPEG,17.32,True,
datasets/raw/plantvillage/raw/color/Tomato___healthy/ff354b62-5981-43d1-8cfe-ac58bc20ca20___GH_HL Leaf 221.JPG,ff354b62-5981-43d1-8cfe-ac58bc20ca20___GH_HL Leaf 221.JPG,Tomato___healthy,tomato__healthy__healthy,tomato,healthy,Healthy Leaf,256,256,3,1.0,RGB,JPEG,16.93,True,
datasets/raw/plantvillage/raw/color/Tomato___healthy/419bb16e-1d52-4788-8cb5-a8fb30d554fe___RS_HL 9683.JPG,419bb16e-1d52-4788-8cb5-a8fb30d554fe___RS_HL 9683.JPG,Tomato___healthy,tomato__healthy__healthy,tomato,healthy,Healthy Leaf,256,256,3,1.0,RGB,JPEG,25.5,True,
datasets/raw/plantvillage/raw/color/Tomato___healthy/0d2bcda8-8dae-408e-8919-21dfa6cc9eea___RS_HL 0335.JPG,0d2bcda8-8dae-408e-8919-21dfa6cc9eea___RS_HL 0335.JPG,Tomato___healthy,tomato__healthy__healthy,tomato,healthy,Healthy Leaf,256,256,3,1.0,RGB,JPEG,24.64,True,
datasets/raw/plantvillage/raw/color/Tomato___healthy/5bded339-547a-4f93-b7cf-bbf8c948aa26___RS_HL 9748.JPG,5bded339-547a-4f93-b7cf-bbf8c948aa26___RS_HL 9748.JPG,Tomato___healthy,tomato__healthy__healthy,tomato,healthy,Healthy Leaf,256,256,3,1.0,RGB,JPEG,20.17,True,
datasets/raw/plantvillage/raw/color/Tomato___healthy/236971d6-725b-4685-9336-550dd522d62a___RS_HL 0640.JPG,236971d6-725b-4685-9336-550dd522d62a___RS_HL 0640.JPG,Tomato___healthy,tomato__healthy__healthy,tomato,healthy,Healthy Leaf,256,256,3,1.0,RGB,JPEG,22.61,True,
datasets/raw/plantvillage/raw/color/Tomato___healthy/8ccf22b2-53fe-4886-b88d-d65aa0cf7252___GH_HL Leaf 196.1.JPG,8ccf22b2-53fe-4886-b88d-d65aa0cf7252___GH_HL Leaf 196.1.JPG,Tomato___healthy,tomato__healthy__healthy,tomato,healthy,Healthy Leaf,256,256,3,1.0,RGB,JPEG,19.98,True,
datasets/raw/plantvillage/raw/color/Tomato___healthy/7853cc96-2ac8-479e-83f5-353b88a351a2___GH_HL Leaf 514.3.JPG,7853cc96-2ac8-479e-83f5-353b88a351a2___GH_HL Leaf 514.3.JPG,Tomato___healthy,tomato__healthy__healthy,tomato,healthy,Healthy Leaf,256,256,3,1.0,RGB,JPEG,13.77,True,
datasets/raw/plantvillage/raw/color/Tomato___healthy/5b626f17-8c30-4b6e-bd66-8da2b7476326___RS_HL 9851.JPG,5b626f17-8c30-4b6e-bd66-8da2b7476326___RS_HL 9851.JPG,Tomato___healthy,tomato__healthy__healthy,tomato,healthy,Healthy Leaf,256,256,3,1.0,RGB,JPEG,24.83,True,
datasets/raw/plantvillage/raw/color/Tomato___healthy/5576cac9-71e4-4ec3-96bd-9b5cfa94fef4___GH_HL Leaf 267.JPG,5576cac9-71e4-4ec3-96bd-9b5cfa94fef4___GH_HL Leaf 267.JPG,Tomato___healthy,tomato__healthy__healthy,tomato,healthy,Healthy Leaf,256,256,3,1.0,RGB,JPEG,14.33,True,
datasets/raw/plantvillage/raw/color/Tomato___healthy/3be4b3ce-9fc7-4216-98f0-abd0faa9e45c___RS_HL 9945.JPG,3be4b3ce-9fc7-4216-98f0-abd0faa9e45c___RS_HL 9945.JPG,Tomato___healthy,tomato__healthy__healthy,tomato,healthy,Healthy Leaf,256,256,3,1.0,RGB,JPEG,24.98,True,
datasets/raw/plantvillage/raw/color/Tomato___healthy/b6690f04-b49a-43eb-8804-67eeffae7950___RS_HL 0518.JPG,b6690f04-b49a-43eb-8804-67eeffae7950___RS_HL 0518.JPG,Tomato___healthy,tomato__healthy__healthy,tomato,healthy,Healthy Leaf,256,256,3,1.0,RGB,JPEG,25.87,True,
datasets/raw/plantvillage/raw/color/Tomato___healthy/e55fc417-6c08-4150-913e-11e7c7e15eb7___RS_HL 0504.JPG,e55fc417-6c08-4150-913e-11e7c7e15eb7___RS_HL 0504.JPG,Tomato___healthy,tomato__healthy__healthy,tomato,healthy,Healthy Leaf,256,256,3,1.0,RGB,JPEG,25.04,True,
datasets/raw/plantvillage/raw/color/Tomato___healthy/23a4712e-8805-43f7-9ae4-655d1c4799b0___RS_HL 0619.JPG,23a4712e-8805-43f7-9ae4-655d1c4799b0___RS_HL 0619.JPG,Tomato___healthy,tomato__healthy__healthy,tomato,healthy,Healthy Leaf,256,256,3,1.0,RGB,JPEG,26.0,True,
datasets/raw/plantvillage/raw/color/Tomato___healthy/ee83a3b8-911e-455e-be06-20583bfb6b74___GH_HL Leaf 451.JPG,ee83a3b8-911e-455e-be06-20583bfb6b74___GH_HL Leaf 451.JPG,Tomato___healthy,tomato__healthy__healthy,tomato,healthy,Healthy Leaf,256,256,3,1.0,RGB,JPEG,15.92,True,
datasets/raw/plantvillage/raw/color/Tomato___healthy/82b63dfc-d0b6-4bb3-afc4-db8d61476b10___GH_HL Leaf 415.JPG,82b63dfc-d0b6-4bb3-afc4-db8d61476b10___GH_HL Leaf 415.JPG,Tomato___healthy,tomato__healthy__healthy,tomato,healthy,Healthy Leaf,256,256,3,1.0,RGB,JPEG,16.43,True,
datasets/raw/plantvillage/raw/color/Tomato___healthy/9d06e189-6e39-4fb9-853b-e2ce180469a5___RS_HL 0407.JPG,9d06e189-6e39-4fb9-853b-e2ce180469a5___RS_HL 0407.JPG,Tomato___healthy,tomato__healthy__healthy,tomato,healthy,Healthy Leaf,256,256,3,1.0,RGB,JPEG,24.39,True,
datasets/raw/plantvillage/raw/color/Tomato___healthy/e73a233d-84c8-407a-aefa-8a3865450351___GH_HL Leaf 222.JPG,e73a233d-84c8-407a-aefa-8a3865450351___GH_HL Leaf 222.JPG,Tomato___healthy,tomato__healthy__healthy,tomato,healthy,Healthy Leaf,256,256,3,1.0,RGB,JPEG,19.61,True,
datasets/raw/plantvillage/raw/color/Tomato___healthy/b923ed54-63ad-49f8-8881-ebd654c5821c___RS_HL 0359.JPG,b923ed54-63ad-49f8-8881-ebd654c5821c___RS_HL 0359.JPG,Tomato___healthy,tomato__healthy__healthy,tomato,healthy,Healthy Leaf,256,256,3,1.0,RGB,JPEG,24.7,True,
datasets/raw/plantvillage/raw/color/Tomato___healthy/e1d129fb-f5ae-41e1-b097-445d792e4beb___RS_HL 0473.JPG,e1d129fb-f5ae-41e1-b097-445d792e4beb___RS_HL 0473.JPG,Tomato___healthy,tomato__healthy__healthy,tomato,healthy,Healthy Leaf,256,256,3,1.0,RGB,JPEG,27.31,True,
datasets/raw/plantvillage/raw/color/Tomato___healthy/7d76aa96-b29e-4a60-a3e7-bd489f5a79b2___GH_HL Leaf 176.3.JPG,7d76aa96-b29e-4a60-a3e7-bd489f5a79b2___GH_HL Leaf 176.3.JPG,Tomato___healthy,tomato__healthy__healthy,tomato,healthy,Healthy Leaf,256,256,3,1.0,RGB,JPEG,19.86,True,
datasets/raw/plantvillage/raw/color/Tomato___healthy/8425f91b-b758-4e82-a7cc-6ecc862c1a00___RS_HL 0255.JPG,8425f91b-b758-4e82-a7cc-6ecc862c1a00___RS_HL 0255.JPG,Tomato___healthy,tomato__healthy__healthy,tomato,healthy,Healthy Leaf,256,256,3,1.0,RGB,JPEG,24.41,True,
datasets/raw/plantvillage/raw/color/Tomato___healthy/e33cde2d-5103-48aa-bb82-490aa779312c___GH_HL Leaf 515.2.JPG,e33cde2d-5103-48aa-bb82-490aa779312c___GH_HL Leaf 515.2.JPG,Tomato___healthy,tomato__healthy__healthy,tomato,healthy,Healthy Leaf,256,256,3,1.0,RGB,JPEG,14.76,True,
datasets/raw/plantvillage/raw/color/Tomato___healthy/e1400c81-62df-44b6-97fd-e210b66dae0b___RS_HL 9672.JPG,e1400c81-62df-44b6-97fd-e210b66dae0b___RS_HL 9672.JPG,Tomato___healthy,tomato__healthy__healthy,tomato,healthy,Healthy Leaf,256,256,3,1.0,RGB,JPEG,25.38,True,
datasets/raw/plantvillage/raw/color/Tomato___healthy/c60749f0-0791-49ad-a144-503d5e968746___RS_HL 0483.JPG,c60749f0-0791-49ad-a144-503d5e968746___RS_HL 0483.JPG,Tomato___healthy,tomato__healthy__healthy,tomato,healthy,Healthy Leaf,256,256,3,1.0,RGB,JPEG,25.93,True,
datasets/raw/plantvillage/raw/color/Tomato___healthy/d4091850-464c-4655-9edc-395f43c365e9___RS_HL 9657.JPG,d4091850-464c-4655-9edc-395f43c365e9___RS_HL 9657.JPG,Tomato___healthy,tomato__healthy__healthy,tomato,healthy,Healthy Leaf,256,256,3,1.0,RGB,JPEG,23.83,True,
datasets/raw/plantvillage/raw/color/Tomato___healthy/07c3c887-da7d-4c81-b6ae-fabd1fb0ba5a___RS_HL 9681.JPG,07c3c887-da7d-4c81-b6ae-fabd1fb0ba5a___RS_HL 9681.JPG,Tomato___healthy,tomato__healthy__healthy,tomato,healthy,Healthy Leaf,256,256,3,1.0,RGB,JPEG,24.35,True,
datasets/raw/plantvillage/raw/color/Tomato___healthy/6200ddc6-ea83-42e0-9936-4f82cfa14a1f___RS_HL 9976.JPG,6200ddc6-ea83-42e0-9936-4f82cfa14a1f___RS_HL 9976.JPG,Tomato___healthy,tomato__healthy__healthy,tomato,healthy,Healthy Leaf,256,256,3,1.0,RGB,JPEG,26.08,True,
datasets/raw/plantvillage/raw/color/Tomato___healthy/3d16ce8b-81ef-4be2-aec6-d1deab7282b4___RS_HL 0089.JPG,3d16ce8b-81ef-4be2-aec6-d1deab7282b4___RS_HL 0089.JPG,Tomato___healthy,tomato__healthy__healthy,tomato,healthy,Healthy Leaf,256,256,3,1.0,RGB,JPEG,26.64,True,
datasets/raw/plantvillage/raw/color/Tomato___healthy/4b8df56a-6124-4e5c-a1b7-8e771a472813___RS_HL 0520.JPG,4b8df56a-6124-4e5c-a1b7-8e771a472813___RS_HL 0520.JPG,Tomato___healthy,tomato__healthy__healthy,tomato,healthy,Healthy Leaf,256,256,3,1.0,RGB,JPEG,25.14,True,
datasets/raw/plantvillage/raw/color/Tomato___healthy/5c51ad21-b0e9-4b61-8980-d5e7a225b594___GH_HL Leaf 485.JPG,5c51ad21-b0e9-4b61-8980-d5e7a225b594___GH_HL Leaf 485.JPG,Tomato___healthy,tomato__healthy__healthy,tomato,healthy,Healthy Leaf,256,256,3,1.0,RGB,JPEG,12.52,True,
datasets/raw/plantvillage/raw/color/Tomato___healthy/50a1376a-3a56-40b5-9f95-614689509505___GH_HL Leaf 413.JPG,50a1376a-3a56-40b5-9f95-614689509505___GH_HL Leaf 413.JPG,Tomato___healthy,tomato__healthy__healthy,tomato,healthy,Healthy Leaf,256,256,3,1.0,RGB,JPEG,16.75,True,
datasets/raw/plantvillage/raw/color/Tomato___healthy/81314c2b-1def-41c8-a6b4-1cd37d1e482a___RS_HL 0175.JPG,81314c2b-1def-41c8-a6b4-1cd37d1e482a___RS_HL 0175.JPG,Tomato___healthy,tomato__healthy__healthy,tomato,healthy,Healthy Leaf,256,256,3,1.0,RGB,JPEG,24.88,True,
datasets/raw/plantvillage/raw/color/Tomato___healthy/89787310-40fb-4d46-9b4b-5f8426e26ccf___GH_HL Leaf 442.1.JPG,89787310-40fb-4d46-9b4b-5f8426e26ccf___GH_HL Leaf 442.1.JPG,Tomato___healthy,tomato__healthy__healthy,tomato,healthy,Healthy Leaf,256,256,3,1.0,RGB,JPEG,12.76,True,
datasets/raw/plantvillage/raw/color/Tomato___healthy/b5f50782-f831-4b0c-821d-3d60879b4758___RS_HL 0064.JPG,b5f50782-f831-4b0c-821d-3d60879b4758___RS_HL 0064.JPG,Tomato___healthy,tomato__healthy__healthy,tomato,healthy,Healthy Leaf,256,256,3,1.0,RGB,JPEG,25.02,True,
datasets/raw/plantvillage/raw/color/Tomato___healthy/9656bc21-12c3-420c-a316-d2bf46b5fd0a___RS_HL 0316.JPG,9656bc21-12c3-420c-a316-d2bf46b5fd0a___RS_HL 0316.JPG,Tomato___healthy,tomato__healthy__healthy,tomato,healthy,Healthy Leaf,256,256,3,1.0,RGB,JPEG,25.99,True,
datasets/raw/plantvillage/raw/color/Tomato___healthy/2bce59d3-c971-46da-8bb5-bc36b712e208___GH_HL Leaf 257.JPG,2bce59d3-c971-46da-8bb5-bc36b712e208___GH_HL Leaf 257.JPG,Tomato___healthy,tomato__healthy__healthy,tomato,healthy,Healthy Leaf,256,256,3,1.0,RGB,JPEG,17.7,True,
datasets/raw/plantvillage/raw/color/Tomato___healthy/db03386a-1a65-4e4f-b9b7-d80ad6cabefd___RS_HL 0632.JPG,db03386a-1a65-4e4f-b9b7-d80ad6cabefd___RS_HL 0632.JPG,Tomato___healthy,tomato__healthy__healthy,tomato,healthy,Healthy Leaf,256,256,3,1.0,RGB,JPEG,26.12,True,
datasets/raw/plantvillage/raw/color/Tomato___healthy/3e98f24b-4c2e-4b4d-916f-fe48430cd94b___RS_HL 0129.JPG,3e98f24b-4c2e-4b4d-916f-fe48430cd94b___RS_HL 0129.JPG,Tomato___healthy,tomato__healthy__healthy,tomato,healthy,Healthy Leaf,256,256,3,1.0,RGB,JPEG,24.87,True,
datasets/raw/plantvillage/raw/color/Tomato___healthy/c54a5152-b470-4037-ab1e-59b474c12fc6___RS_HL 9921.JPG,c54a5152-b470-4037-ab1e-59b474c12fc6___RS_HL 9921.JPG,Tomato___healthy,tomato__healthy__healthy,tomato,healthy,Healthy Leaf,256,256,3,1.0,RGB,JPEG,24.77,True,
datasets/raw/plantvillage/raw/color/Tomato___healthy/c56b4a9c-dd6f-48ac-ac94-c4fbf6194031___GH_HL Leaf 364.1.JPG,c56b4a9c-dd6f-48ac-ac94-c4fbf6194031___GH_HL Leaf 364.1.JPG,Tomato___healthy,tomato__healthy__healthy,tomato,healthy,Healthy Leaf,256,256,3,1.0,RGB,JPEG,14.46,True,
datasets/raw/plantvillage/raw/color/Tomato___healthy/e6782c6b-bf00-492d-a30e-966fd641b823___RS_HL 9939.JPG,e6782c6b-bf00-492d-a30e-966fd641b823___RS_HL 9939.JPG,Tomato___healthy,tomato__healthy__healthy,tomato,healthy,Healthy Leaf,256,256,3,1.0,RGB,JPEG,22.15,True,
datasets/raw/plantvillage/raw/color/Tomato___healthy/ca050e4b-ec58-4b88-a1be-980e908b84d4___RS_HL 0567.JPG,ca050e4b-ec58-4b88-a1be-980e908b84d4___RS_HL 0567.JPG,Tomato___healthy,tomato__healthy__healthy,tomato,healthy,Healthy Leaf,256,256,3,1.0,RGB,JPEG,25.79,True,
datasets/raw/plantvillage/raw/color/Tomato___healthy/50c710e2-ad13-4b3a-a829-65d51ead21ff___GH_HL Leaf 269.JPG,50c710e2-ad13-4b3a-a829-65d51ead21ff___GH_HL Leaf 269.JPG,Tomato___healthy,tomato__healthy__healthy,tomato,healthy,Healthy Leaf,256,256,3,1.0,RGB,JPEG,20.07,True,
datasets/raw/plantvillage/raw/color/Tomato___healthy/df35d1fb-978c-4aeb-9d6f-e7da242c81b8___RS_HL 0515.JPG,df35d1fb-978c-4aeb-9d6f-e7da242c81b8___RS_HL 0515.JPG,Tomato___healthy,tomato__healthy__healthy,tomato,healthy,Healthy Leaf,256,256,3,1.0,RGB,JPEG,26.28,True,
datasets/raw/plantvillage/raw/color/Tomato___healthy/24fe1921-3196-4125-8f96-d68edef32487___RS_HL 0109.JPG,24fe1921-3196-4125-8f96-d68edef32487___RS_HL 0109.JPG,Tomato___healthy,tomato__healthy__healthy,tomato,healthy,Healthy Leaf,256,256,3,1.0,RGB,JPEG,24.21,True,
datasets/raw/plantvillage/raw/color/Tomato___healthy/77919a16-c47c-46ca-857b-8cfb67139857___RS_HL 9695.JPG,77919a16-c47c-46ca-857b-8cfb67139857___RS_HL 9695.JPG,Tomato___healthy,tomato__healthy__healthy,tomato,healthy,Healthy Leaf,256,256,3,1.0,RGB,JPEG,24.59,True,
datasets/raw/plantvillage/raw/color/Tomato___healthy/a154b0c0-ad46-47ec-b9f4-50a4ee625849___RS_HL 9827.JPG,a154b0c0-ad46-47ec-b9f4-50a4ee625849___RS_HL 9827.JPG,Tomato___healthy,tomato__healthy__healthy,tomato,healthy,Healthy Leaf,256,256,3,1.0,RGB,JPEG,22.52,True,
datasets/raw/plantvillage/raw/color/Tomato___healthy/1ca3c77d-13d8-43cc-929f-9c3a79e5dd1b___RS_HL 0250.JPG,1ca3c77d-13d8-43cc-929f-9c3a79e5dd1b___RS_HL 0250.JPG,Tomato___healthy,tomato__healthy__healthy,tomato,healthy,Healthy Leaf,256,256,3,1.0,RGB,JPEG,25.2,True,
datasets/raw/plantvillage/raw/color/Tomato___healthy/87043cab-5827-4968-a099-4f5ce2dba313___RS_HL 9867.JPG,87043cab-5827-4968-a099-4f5ce2dba313___RS_HL 9867.JPG,Tomato___healthy,tomato__healthy__healthy,tomato,healthy,Healthy Leaf,256,256,3,1.0,RGB,JPEG,24.15,True,
datasets/raw/plantvillage/raw/color/Tomato___healthy/b3eaae0f-95b4-4bb5-89b5-4460cf79e554___RS_HL 0583.JPG,b3eaae0f-95b4-4bb5-89b5-4460cf79e554___RS_HL 0583.JPG,Tomato___healthy,tomato__healthy__healthy,tomato,healthy,Healthy Leaf,256,256,3,1.0,RGB,JPEG,24.98,True,
datasets/raw/plantvillage/raw/color/Tomato___healthy/2ec18b22-c51c-456b-bf94-d5f3d282fb6c___RS_HL 0179.JPG,2ec18b22-c51c-456b-bf94-d5f3d282fb6c___RS_HL 0179.JPG,Tomato___healthy,tomato__healthy__healthy,tomato,healthy,Healthy Leaf,256,256,3,1.0,RGB,JPEG,23.96,True,
datasets/raw/plantvillage/raw/color/Tomato___healthy/93c9da62-19ca-4e90-b355-0dc71ff5cc4b___RS_HL 9752.JPG,93c9da62-19ca-4e90-b355-0dc71ff5cc4b___RS_HL 9752.JPG,Tomato___healthy,tomato__healthy__healthy,tomato,healthy,Healthy Leaf,256,256,3,1.0,RGB,JPEG,18.66,True,
datasets/raw/plantvillage/raw/color/Tomato___healthy/b593dd4e-e792-4469-a855-109e9edbe1ce___RS_HL 9796.JPG,b593dd4e-e792-4469-a855-109e9edbe1ce___RS_HL 9796.JPG,Tomato___healthy,tomato__healthy__healthy,tomato,healthy,Healthy Leaf,256,256,3,1.0,RGB,JPEG,24.27,True,
datasets/raw/plantvillage/raw/color/Tomato___healthy/e36e5c2c-277b-4e8f-b12b-46df2e569c85___GH_HL Leaf 187.1.JPG,e36e5c2c-277b-4e8f-b12b-46df2e569c85___GH_HL Leaf 187.1.JPG,Tomato___healthy,tomato__healthy__healthy,tomato,healthy,Healthy Leaf,256,256,3,1.0,RGB,JPEG,17.67,True,
datasets/raw/plantvillage/raw/color/Tomato___healthy/78c0dc05-0bac-43fd-81b5-b10b61f666cd___GH_HL Leaf 481.5.JPG,78c0dc05-0bac-43fd-81b5-b10b61f666cd___GH_HL Leaf 481.5.JPG,Tomato___healthy,tomato__healthy__healthy,tomato,healthy,Healthy Leaf,256,256,3,1.0,RGB,JPEG,14.86,True,
datasets/raw/plantvillage/raw/color/Tomato___healthy/48af8eac-8662-400b-a0bb-024a28ed3cc9___RS_HL 0266.JPG,48af8eac-8662-400b-a0bb-024a28ed3cc9___RS_HL 0266.JPG,Tomato___healthy,tomato__healthy__healthy,tomato,healthy,Healthy Leaf,256,256,3,1.0,RGB,JPEG,26.2,True,
datasets/raw/plantvillage/raw/color/Tomato___healthy/0bfe260c-a71e-474e-bfb1-78f1e5ca5698___RS_HL 0497.JPG,0bfe260c-a71e-474e-bfb1-78f1e5ca5698___RS_HL 0497.JPG,Tomato___healthy,tomato__healthy__healthy,tomato,healthy,Healthy Leaf,256,256,3,1.0,RGB,JPEG,26.72,True,
datasets/raw/plantvillage/raw/color/Tomato___healthy/73cc02ea-96ad-4e02-8240-b599cf1e0384___RS_HL 9839.JPG,73cc02ea-96ad-4e02-8240-b599cf1e0384___RS_HL 9839.JPG,Tomato___healthy,tomato__healthy__healthy,tomato,healthy,Healthy Leaf,256,256,3,1.0,RGB,JPEG,24.98,True,
datasets/raw/plantvillage/raw/color/Tomato___healthy/6248b67a-a5ba-4313-9248-2dd343266da2___RS_HL 0485.JPG,6248b67a-a5ba-4313-9248-2dd343266da2___RS_HL 0485.JPG,Tomato___healthy,tomato__healthy__healthy,tomato,healthy,Healthy Leaf,256,256,3,1.0,RGB,JPEG,26.62,True,
datasets/raw/plantvillage/raw/color/Tomato___healthy/870b4923-2db1-4e01-827b-fbea6ed404cb___RS_HL 0164.JPG,870b4923-2db1-4e01-827b-fbea6ed404cb___RS_HL 0164.JPG,Tomato___healthy,tomato__healthy__healthy,tomato,healthy,Healthy Leaf,256,256,3,1.0,RGB,JPEG,25.8,True,
datasets/raw/plantvillage/raw/color/Tomato___healthy/6550c4ca-9494-4de5-8909-d0cdab8f0892___RS_HL 0401.JPG,6550c4ca-9494-4de5-8909-d0cdab8f0892___RS_HL 0401.JPG,Tomato___healthy,tomato__healthy__healthy,tomato,healthy,Healthy Leaf,256,256,3,1.0,RGB,JPEG,26.84,True,
datasets/raw/plantvillage/raw/color/Tomato___healthy/9b2a3f9a-f450-471d-928c-270126c8602a___RS_HL 9758.JPG,9b2a3f9a-f450-471d-928c-270126c8602a___RS_HL 9758.JPG,Tomato___healthy,tomato__healthy__healthy,tomato,healthy,Healthy Leaf,256,256,3,1.0,RGB,JPEG,24.93,True,
datasets/raw/plantvillage/raw/color/Tomato___healthy/ad6857d9-7cf0-42ec-b61b-7b5208863831___RS_HL 0320.JPG,ad6857d9-7cf0-42ec-b61b-7b5208863831___RS_HL 0320.JPG,Tomato___healthy,tomato__healthy__healthy,tomato,healthy,Healthy Leaf,256,256,3,1.0,RGB,JPEG,23.84,True,
datasets/raw/plantvillage/raw/color/Tomato___healthy/e6f3e3b6-8d73-4564-9e0b-771302aaa6ef___RS_HL 0626.JPG,e6f3e3b6-8d73-4564-9e0b-771302aaa6ef___RS_HL 0626.JPG,Tomato___healthy,tomato__healthy__healthy,tomato,healthy,Healthy Leaf,256,256,3,1.0,RGB,JPEG,25.86,True,
datasets/raw/plantvillage/raw/color/Tomato___healthy/876e3a03-14fb-4a13-888b-02b2d9fa8e86___RS_HL 0313.JPG,876e3a03-14fb-4a13-888b-02b2d9fa8e86___RS_HL 0313.JPG,Tomato___healthy,tomato__healthy__healthy,tomato,healthy,Healthy Leaf,256,256,3,1.0,RGB,JPEG,25.14,True,
datasets/raw/plantvillage/raw/color/Tomato___healthy/40dfa3e5-617d-46bb-9eab-eb2b114e5367___RS_HL 0079.JPG,40dfa3e5-617d-46bb-9eab-eb2b114e5367___RS_HL 0079.JPG,Tomato___healthy,tomato__healthy__healthy,tomato,healthy,Healthy Leaf,256,256,3,1.0,RGB,JPEG,24.31,True,
datasets/raw/plantvillage/raw/color/Tomato___healthy/0cfee8b1-5de4-4118-9e25-f9c37bb6f17e___GH_HL Leaf 252.JPG,0cfee8b1-5de4-4118-9e25-f9c37bb6f17e___GH_HL Leaf 252.JPG,Tomato___healthy,tomato__healthy__healthy,tomato,healthy,Healthy Leaf,256,256,3,1.0,RGB,JPEG,17.76,True,
datasets/raw/plantvillage/raw/color/Tomato___healthy/050e7bff-2f2d-4c92-9422-05ce93f1d5a9___RS_HL 0097.JPG,050e7bff-2f2d-4c92-9422-05ce93f1d5a9___RS_HL 0097.JPG,Tomato___healthy,tomato__healthy__healthy,tomato,healthy,Healthy Leaf,256,256,3,1.0,RGB,JPEG,26.78,True,
datasets/raw/plantvillage/raw/color/Tomato___healthy/83917dc9-aad9-4362-840e-24daab278519___RS_HL 0354.JPG,83917dc9-aad9-4362-840e-24daab278519___RS_HL 0354.JPG,Tomato___healthy,tomato__healthy__healthy,tomato,healthy,Healthy Leaf,256,256,3,1.0,RGB,JPEG,25.97,True,
datasets/raw/plantvillage/raw/color/Tomato___healthy/ac022a2b-764c-4507-8dd9-4470b75763e4___RS_HL 9937.JPG,ac022a2b-764c-4507-8dd9-4470b75763e4___RS_HL 9937.JPG,Tomato___healthy,tomato__healthy__healthy,tomato,healthy,Healthy Leaf,256,256,3,1.0,RGB,JPEG,18.81,True,
datasets/raw/plantvillage/raw/color/Tomato___healthy/579cec1c-8304-4b8c-84bb-be54a7e8c93f___GH_HL Leaf 367.JPG,579cec1c-8304-4b8c-84bb-be54a7e8c93f___GH_HL Leaf 367.JPG,Tomato___healthy,tomato__healthy__healthy,tomato,healthy,Healthy Leaf,256,256,3,1.0,RGB,JPEG,15.0,True,
datasets/raw/plantvillage/raw/color/Tomato___healthy/abaaf21a-3c59-4a00-825e-2f05f045bbf9___RS_HL 0066.JPG,abaaf21a-3c59-4a00-825e-2f05f045bbf9___RS_HL 0066.JPG,Tomato___healthy,tomato__healthy__healthy,tomato,healthy,Healthy Leaf,256,256,3,1.0,RGB,JPEG,25.2,True,
datasets/raw/plantvillage/raw/color/Tomato___healthy/caab6cf8-07a8-422a-84e9-3311f85d2427___RS_HL 0455.JPG,caab6cf8-07a8-422a-84e9-3311f85d2427___RS_HL 0455.JPG,Tomato___healthy,tomato__healthy__healthy,tomato,healthy,Healthy Leaf,256,256,3,1.0,RGB,JPEG,25.58,True,
datasets/raw/plantvillage/raw/color/Tomato___healthy/dd50e041-1df0-45e4-8ab7-126f0ae2b984___GH_HL Leaf 270.JPG,dd50e041-1df0-45e4-8ab7-126f0ae2b984___GH_HL Leaf 270.JPG,Tomato___healthy,tomato__healthy__healthy,tomato,healthy,Healthy Leaf,256,256,3,1.0,RGB,JPEG,19.4,True,
datasets/raw/plantvillage/raw/color/Tomato___healthy/8cc11f24-0b79-4eda-8a09-9c776e0a9c1e___RS_HL 9728.JPG,8cc11f24-0b79-4eda-8a09-9c776e0a9c1e___RS_HL 9728.JPG,Tomato___healthy,tomato__healthy__healthy,tomato,healthy,Healthy Leaf,256,256,3,1.0,RGB,JPEG,24.93,True,
datasets/raw/plantvillage/raw/color/Tomato___healthy/6ab4b4b5-3d4f-496b-9b08-7fa87bcfe875___RS_HL 9670.JPG,6ab4b4b5-3d4f-496b-9b08-7fa87bcfe875___RS_HL 9670.JPG,Tomato___healthy,tomato__healthy__healthy,tomato,healthy,Healthy Leaf,256,256,3,1.0,RGB,JPEG,24.81,True,
datasets/raw/plantvillage/raw/color/Tomato___healthy/6d1dc982-e62e-448b-85bc-63b0d8363fa0___GH_HL Leaf 328.1.JPG,6d1dc982-e62e-448b-85bc-63b0d8363fa0___GH_HL Leaf 328.1.JPG,Tomato___healthy,tomato__healthy__healthy,tomato,healthy,Healthy Leaf,256,256,3,1.0,RGB,JPEG,17.87,True,
datasets/raw/plantvillage/raw/color/Tomato___healthy/16ed4e23-5218-4e8b-85df-86a7069a675d___GH_HL Leaf 519.1.JPG,16ed4e23-5218-4e8b-85df-86a7069a675d___GH_HL Leaf 519.1.JPG,Tomato___healthy,tomato__healthy__healthy,tomato,healthy,Healthy Leaf,256,256,3,1.0,RGB,JPEG,13.47,True,
datasets/raw/plantvillage/raw/color/Tomato___healthy/240a9583-9e6a-446d-8850-62bc23312ce9___GH_HL Leaf 312.4.JPG,240a9583-9e6a-446d-8850-62bc23312ce9___GH_HL Leaf 312.4.JPG,Tomato___healthy,tomato__healthy__healthy,tomato,healthy,Healthy Leaf,256,256,3,1.0,RGB,JPEG,17.48,True,
datasets/raw/plantvillage/raw/color/Tomato___healthy/cc69ca79-bef9-449b-892f-b1e76310aa60___RS_HL 9868.JPG,cc69ca79-bef9-449b-892f-b1e76310aa60___RS_HL 9868.JPG,Tomato___healthy,tomato__healthy__healthy,tomato,healthy,Healthy Leaf,256,256,3,1.0,RGB,JPEG,24.09,True,
datasets/raw/plantvillage/raw/color/Tomato___healthy/48a36957-9e8e-4a17-b789-e775ea4bc523___GH_HL Leaf 254.1.JPG,48a36957-9e8e-4a17-b789-e775ea4bc523___GH_HL Leaf 254.1.JPG,Tomato___healthy,tomato__healthy__healthy,tomato,healthy,Healthy Leaf,256,256,3,1.0,RGB,JPEG,12.59,True,
datasets/raw/plantvillage/raw/color/Tomato___healthy/59e72cea-137e-4c76-ba58-8b60aab68779___RS_HL 9885.JPG,59e72cea-137e-4c76-ba58-8b60aab68779___RS_HL 9885.JPG,Tomato___healthy,tomato__healthy__healthy,tomato,healthy,Healthy Leaf,256,256,3,1.0,RGB,JPEG,24.72,True,
datasets/raw/plantvillage/raw/color/Tomato___healthy/085cbe78-1d5c-45eb-877f-f409526032d5___GH_HL Leaf 469.JPG,085cbe78-1d5c-45eb-877f-f409526032d5___GH_HL Leaf 469.JPG,Tomato___healthy,tomato__healthy__healthy,tomato,healthy,Healthy Leaf,256,256,3,1.0,RGB,JPEG,11.87,True,
datasets/raw/plantvillage/raw/color/Tomato___healthy/e9dbb60b-ba84-43c7-a1cc-55ce4712e892___RS_HL 0404.JPG,e9dbb60b-ba84-43c7-a1cc-55ce4712e892___RS_HL 0404.JPG,Tomato___healthy,tomato__healthy__healthy,tomato,healthy,Healthy Leaf,256,256,3,1.0,RGB,JPEG,25.17,True,
datasets/raw/plantvillage/raw/color/Tomato___healthy/b7e6f4d6-faa0-49a7-a977-53ddcaaa721e___RS_HL 0186.JPG,b7e6f4d6-faa0-49a7-a977-53ddcaaa721e___RS_HL 0186.JPG,Tomato___healthy,tomato__healthy__healthy,tomato,healthy,Healthy Leaf,256,256,3,1.0,RGB,JPEG,25.16,True,
datasets/raw/plantvillage/raw/color/Tomato___healthy/27c1515c-743f-4f4d-8342-fbe3cee29e7e___RS_HL 0344.JPG,27c1515c-743f-4f4d-8342-fbe3cee29e7e___RS_HL 0344.JPG,Tomato___healthy,tomato__healthy__healthy,tomato,healthy,Healthy Leaf,256,256,3,1.0,RGB,JPEG,25.75,True,
datasets/raw/plantvillage/raw/color/Tomato___healthy/6270efe7-db0f-4953-a7c7-eb86bb8967dd___RS_HL 9761.JPG,6270efe7-db0f-4953-a7c7-eb86bb8967dd___RS_HL 9761.JPG,Tomato___healthy,tomato__healthy__healthy,tomato,healthy,Healthy Leaf,256,256,3,1.0,RGB,JPEG,25.19,True,
datasets/raw/plantvillage/raw/color/Tomato___healthy/3c8fb1de-5acf-4194-8a8c-5349067cbaf8___RS_HL 0351.JPG,3c8fb1de-5acf-4194-8a8c-5349067cbaf8___RS_HL 0351.JPG,Tomato___healthy,tomato__healthy__healthy,tomato,healthy,Healthy Leaf,256,256,3,1.0,RGB,JPEG,24.74,True,
datasets/raw/plantvillage/raw/color/Tomato___healthy/6a74d0a9-4a5e-4dc2-9e14-aeade8b0c3b2___GH_HL Leaf 400.1.JPG,6a74d0a9-4a5e-4dc2-9e14-aeade8b0c3b2___GH_HL Leaf 400.1.JPG,Tomato___healthy,tomato__healthy__healthy,tomato,healthy,Healthy Leaf,256,256,3,1.0,RGB,JPEG,12.92,True,
datasets/raw/plantvillage/raw/color/Tomato___healthy/b6256250-7248-410b-b369-08cb07166099___GH_HL Leaf 452.JPG,b6256250-7248-410b-b369-08cb07166099___GH_HL Leaf 452.JPG,Tomato___healthy,tomato__healthy__healthy,tomato,healthy,Healthy Leaf,256,256,3,1.0,RGB,JPEG,15.01,True,
datasets/raw/plantvillage/raw/color/Tomato___healthy/cbdb596e-46a9-4d85-9adf-550b8d2bd7ae___RS_HL 0340.JPG,cbdb596e-46a9-4d85-9adf-550b8d2bd7ae___RS_HL 0340.JPG,Tomato___healthy,tomato__healthy__healthy,tomato,healthy,Healthy Leaf,256,256,3,1.0,RGB,JPEG,25.2,True,
datasets/raw/plantvillage/raw/color/Tomato___healthy/0d932b2a-584e-4971-8590-70c5f0a049cf___RS_HL 9739.JPG,0d932b2a-584e-4971-8590-70c5f0a049cf___RS_HL 9739.JPG,Tomato___healthy,tomato__healthy__healthy,tomato,healthy,Healthy Leaf,256,256,3,1.0,RGB,JPEG,24.28,True,
datasets/raw/plantvillage/raw/color/Tomato___healthy/7b953f3c-719f-4b0e-b62d-2c651eac6c18___RS_HL 0635.JPG,7b953f3c-719f-4b0e-b62d-2c651eac6c18___RS_HL 0635.JPG,Tomato___healthy,tomato__healthy__healthy,tomato,healthy,Healthy Leaf,256,256,3,1.0,RGB,JPEG,24.15,True,
datasets/raw/plantvillage/raw/color/Tomato___healthy/e8ccc10e-1991-4cd9-8419-fc3857f96867___RS_HL 0550.JPG,e8ccc10e-1991-4cd9-8419-fc3857f96867___RS_HL 0550.JPG,Tomato___healthy,tomato__healthy__healthy,tomato,healthy,Healthy Leaf,256,256,3,1.0,RGB,JPEG,27.17,True,
datasets/raw/plantvillage/raw/color/Tomato___healthy/b1f50b66-747a-4394-ae03-1d5c201c1bb8___RS_HL 9664.JPG,b1f50b66-747a-4394-ae03-1d5c201c1bb8___RS_HL 9664.JPG,Tomato___healthy,tomato__healthy__healthy,tomato,healthy,Healthy Leaf,256,256,3,1.0,RGB,JPEG,23.97,True,
datasets/raw/plantvillage/raw/color/Tomato___healthy/3f1ce663-3715-4220-bbce-93bcc9f0c478___GH_HL Leaf 311.JPG,3f1ce663-3715-4220-bbce-93bcc9f0c478___GH_HL Leaf 311.JPG,Tomato___healthy,tomato__healthy__healthy,tomato,healthy,Healthy Leaf,256,256,3,1.0,RGB,JPEG,18.85,True,
datasets/raw/plantvillage/raw/color/Tomato___healthy/5a86d688-c358-481d-9618-ee14a5742234___RS_HL 0363.JPG,5a86d688-c358-481d-9618-ee14a5742234___RS_HL 0363.JPG,Tomato___healthy,tomato__healthy__healthy,tomato,healthy,Healthy Leaf,256,256,3,1.0,RGB,JPEG,24.31,True,
datasets/raw/plantvillage/raw/color/Tomato___healthy/a9108826-cab0-429d-9a81-c42b21ee2682___RS_HL 9874.JPG,a9108826-cab0-429d-9a81-c42b21ee2682___RS_HL 9874.JPG,Tomato___healthy,tomato__healthy__healthy,tomato,healthy,Healthy Leaf,256,256,3,1.0,RGB,JPEG,24.37,True,
datasets/raw/plantvillage/raw/color/Tomato___healthy/6c125a79-9b14-4a91-8f03-342910c7fe57___GH_HL Leaf 433.JPG,6c125a79-9b14-4a91-8f03-342910c7fe57___GH_HL Leaf 433.JPG,Tomato___healthy,tomato__healthy__healthy,tomato,healthy,Healthy Leaf,256,256,3,1.0,RGB,JPEG,16.92,True,
datasets/raw/plantvillage/raw/color/Tomato___healthy/22e8c73b-41bf-4974-a244-d79730bcc5b1___RS_HL 0628.JPG,22e8c73b-41bf-4974-a244-d79730bcc5b1___RS_HL 0628.JPG,Tomato___healthy,tomato__healthy__healthy,tomato,healthy,Healthy Leaf,256,256,3,1.0,RGB,JPEG,25.44,True,
datasets/raw/plantvillage/raw/color/Tomato___healthy/a7c3088b-6aeb-4e8c-97dd-4661a4cacc38___GH_HL Leaf 186.JPG,a7c3088b-6aeb-4e8c-97dd-4661a4cacc38___GH_HL Leaf 186.JPG,Tomato___healthy,tomato__healthy__healthy,tomato,healthy,Healthy Leaf,256,256,3,1.0,RGB,JPEG,20.24,True,
datasets/raw/plantvillage/raw/color/Tomato___healthy/56f87203-cfd4-4e2c-b2d7-df17983d8267___GH_HL Leaf 374.JPG,56f87203-cfd4-4e2c-b2d7-df17983d8267___GH_HL Leaf 374.JPG,Tomato___healthy,tomato__healthy__healthy,tomato,healthy,Healthy Leaf,256,256,3,1.0,RGB,JPEG,16.1,True,
datasets/raw/plantvillage/raw/color/Tomato___healthy/362f6311-e53a-4c35-80b4-8f865b662bd0___RS_HL 9649.JPG,362f6311-e53a-4c35-80b4-8f865b662bd0___RS_HL 9649.JPG,Tomato___healthy,tomato__healthy__healthy,tomato,healthy,Healthy Leaf,256,256,3,1.0,RGB,JPEG,24.23,True,
datasets/raw/plantvillage/raw/color/Tomato___healthy/4127b1a7-3442-4847-96cb-7ea68495039e___GH_HL Leaf 259.JPG,4127b1a7-3442-4847-96cb-7ea68495039e___GH_HL Leaf 259.JPG,Tomato___healthy,tomato__healthy__healthy,tomato,healthy,Healthy Leaf,256,256,3,1.0,RGB,JPEG,16.42,True,
datasets/raw/plantvillage/raw/color/Tomato___healthy/c43b1ab2-6886-4f6d-88cb-b01d1c73e1b0___GH_HL Leaf 368.JPG,c43b1ab2-6886-4f6d-88cb-b01d1c73e1b0___GH_HL Leaf 368.JPG,Tomato___healthy,tomato__healthy__healthy,tomato,healthy,Healthy Leaf,256,256,3,1.0,RGB,JPEG,15.11,True,
datasets/raw/plantvillage/raw/color/Tomato___healthy/66778100-7006-4592-9704-90ea0d7131dd___RS_HL 9740.JPG,66778100-7006-4592-9704-90ea0d7131dd___RS_HL 9740.JPG,Tomato___healthy,tomato__healthy__healthy,tomato,healthy,Healthy Leaf,256,256,3,1.0,RGB,JPEG,22.75,True,
datasets/raw/plantvillage/raw/color/Tomato___healthy/806a1f93-1b9f-4860-91e1-9aff2d68c494___RS_HL 0468.JPG,806a1f93-1b9f-4860-91e1-9aff2d68c494___RS_HL 0468.JPG,Tomato___healthy,tomato__healthy__healthy,tomato,healthy,Healthy Leaf,256,256,3,1.0,RGB,JPEG,25.44,True,
datasets/raw/plantvillage/raw/color/Tomato___healthy/a424fe57-c3ff-400e-ac88-000ca1781300___RS_HL 9802.JPG,a424fe57-c3ff-400e-ac88-000ca1781300___RS_HL 9802.JPG,Tomato___healthy,tomato__healthy__healthy,tomato,healthy,Healthy Leaf,256,256,3,1.0,RGB,JPEG,22.25,True,
datasets/raw/plantvillage/raw/color/Tomato___healthy/89ecd925-23ef-4bfe-8c55-cad05161aca2___GH_HL Leaf 236.1.JPG,89ecd925-23ef-4bfe-8c55-cad05161aca2___GH_HL Leaf 236.1.JPG,Tomato___healthy,tomato__healthy__healthy,tomato,healthy,Healthy Leaf,256,256,3,1.0,RGB,JPEG,19.89,True,
datasets/raw/plantvillage/raw/color/Tomato___healthy/0f20443a-193e-46b1-aea9-7ea614eb98ec___RS_HL 9850.JPG,0f20443a-193e-46b1-aea9-7ea614eb98ec___RS_HL 9850.JPG,Tomato___healthy,tomato__healthy__healthy,tomato,healthy,Healthy Leaf,256,256,3,1.0,RGB,JPEG,24.74,True,
datasets/raw/plantvillage/raw/color/Tomato___healthy/b114c6fb-8ce0-4342-8e31-00ad83c1e1a5___RS_HL 0358.JPG,b114c6fb-8ce0-4342-8e31-00ad83c1e1a5___RS_HL 0358.JPG,Tomato___healthy,tomato__healthy__healthy,tomato,healthy,Healthy Leaf,256,256,3,1.0,RGB,JPEG,24.53,True,
datasets/raw/plantvillage/raw/color/Tomato___healthy/1a308834-fdd7-4121-ae03-5736d8d52e26___RS_HL 9689.JPG,1a308834-fdd7-4121-ae03-5736d8d52e26___RS_HL 9689.JPG,Tomato___healthy,tomato__healthy__healthy,tomato,healthy,Healthy Leaf,256,256,3,1.0,RGB,JPEG,25.26,True,
datasets/raw/plantvillage/raw/color/Tomato___healthy/bd531960-92ec-4745-9e25-645decb4b2b0___RS_HL 0542.JPG,bd531960-92ec-4745-9e25-645decb4b2b0___RS_HL 0542.JPG,Tomato___healthy,tomato__healthy__healthy,tomato,healthy,Healthy Leaf,256,256,3,1.0,RGB,JPEG,26.69,True,
datasets/raw/plantvillage/raw/color/Tomato___healthy/1352e7ea-9a81-44fb-98e9-25ee6c701753___RS_HL 0549.JPG,1352e7ea-9a81-44fb-98e9-25ee6c701753___RS_HL 0549.JPG,Tomato___healthy,tomato__healthy__healthy,tomato,healthy,Healthy Leaf,256,256,3,1.0,RGB,JPEG,27.32,True,
datasets/raw/plantvillage/raw/color/Tomato___healthy/06639369-2e38-48cc-a27a-5b90388d227e___RS_HL 0389.JPG,06639369-2e38-48cc-a27a-5b90388d227e___RS_HL 0389.JPG,Tomato___healthy,tomato__healthy__healthy,tomato,healthy,Healthy Leaf,256,256,3,1.0,RGB,JPEG,25.33,True,
datasets/raw/plantvillage/raw/color/Tomato___healthy/886c81aa-0494-4dd7-adc5-301af73df1f7___GH_HL Leaf 215.JPG,886c81aa-0494-4dd7-adc5-301af73df1f7___GH_HL Leaf 215.JPG,Tomato___healthy,tomato__healthy__healthy,tomato,healthy,Healthy Leaf,256,256,3,1.0,RGB,JPEG,16.39,True,
datasets/raw/plantvillage/raw/color/Tomato___healthy/8d39c92d-db17-4a32-a350-1fa670fe2268___GH_HL Leaf 224.JPG,8d39c92d-db17-4a32-a350-1fa670fe2268___GH_HL Leaf 224.JPG,Tomato___healthy,tomato__healthy__healthy,tomato,healthy,Healthy Leaf,256,256,3,1.0,RGB,JPEG,18.06,True,
datasets/raw/plantvillage/raw/color/Tomato___healthy/f0cc7028-bf33-4ed4-8df0-7f1e80f42d15___GH_HL Leaf 266.JPG,f0cc7028-bf33-4ed4-8df0-7f1e80f42d15___GH_HL Leaf 266.JPG,Tomato___healthy,tomato__healthy__healthy,tomato,healthy,Healthy Leaf,256,256,3,1.0,RGB,JPEG,18.81,True,
datasets/raw/plantvillage/raw/color/Tomato___healthy/bb8861fc-350e-49da-86aa-1b475a2d5442___GH_HL Leaf 325.JPG,bb8861fc-350e-49da-86aa-1b475a2d5442___GH_HL Leaf 325.JPG,Tomato___healthy,tomato__healthy__healthy,tomato,healthy,Healthy Leaf,256,256,3,1.0,RGB,JPEG,18.47,True,
datasets/raw/plantvillage/raw/color/Tomato___healthy/bc6175c9-0e00-4618-af5a-3dd43a3e6266___GH_HL Leaf 238.1.JPG,bc6175c9-0e00-4618-af5a-3dd43a3e6266___GH_HL Leaf 238.1.JPG,Tomato___healthy,tomato__healthy__healthy,tomato,healthy,Healthy Leaf,256,256,3,1.0,RGB,JPEG,18.55,True,
datasets/raw/plantvillage/raw/color/Tomato___healthy/ab8170dd-6785-4298-a0a3-d2d40e9e6558___RS_HL 0192.JPG,ab8170dd-6785-4298-a0a3-d2d40e9e6558___RS_HL 0192.JPG,Tomato___healthy,tomato__healthy__healthy,tomato,healthy,Healthy Leaf,256,256,3,1.0,RGB,JPEG,26.15,True,
datasets/raw/plantvillage/raw/color/Tomato___healthy/95abb641-4435-4531-88f6-a4a597c5ff33___RS_HL 9779.JPG,95abb641-4435-4531-88f6-a4a597c5ff33___RS_HL 9779.JPG,Tomato___healthy,tomato__healthy__healthy,tomato,healthy,Healthy Leaf,256,256,3,1.0,RGB,JPEG,24.15,True,
datasets/raw/plantvillage/raw/color/Tomato___healthy/65b9d788-d9e2-47d7-a5ca-2ca5a9f47cae___RS_HL 9710.JPG,65b9d788-d9e2-47d7-a5ca-2ca5a9f47cae___RS_HL 9710.JPG,Tomato___healthy,tomato__healthy__healthy,tomato,healthy,Healthy Leaf,256,256,3,1.0,RGB,JPEG,26.52,True,
datasets/raw/plantvillage/raw/color/Tomato___healthy/933b7a1c-5015-48df-8c2d-b7fdf918a4db___GH_HL Leaf 490.1.JPG,933b7a1c-5015-48df-8c2d-b7fdf918a4db___GH_HL Leaf 490.1.JPG,Tomato___healthy,tomato__healthy__healthy,tomato,healthy,Healthy Leaf,256,256,3,1.0,RGB,JPEG,14.49,True,
datasets/raw/plantvillage/raw/color/Tomato___healthy/1b150c8d-ab5d-43b5-a61d-c3fb3a8ffd54___GH_HL Leaf 321.JPG,1b150c8d-ab5d-43b5-a61d-c3fb3a8ffd54___GH_HL Leaf 321.JPG,Tomato___healthy,tomato__healthy__healthy,tomato,healthy,Healthy Leaf,256,256,3,1.0,RGB,JPEG,17.66,True,
datasets/raw/plantvillage/raw/color/Tomato___healthy/2b815107-e4d1-4f97-b8eb-72a06b2198f3___RS_HL 0399.JPG,2b815107-e4d1-4f97-b8eb-72a06b2198f3___RS_HL 0399.JPG,Tomato___healthy,tomato__healthy__healthy,tomato,healthy,Healthy Leaf,256,256,3,1.0,RGB,JPEG,25.21,True,
datasets/raw/plantvillage/raw/color/Tomato___healthy/4e3e2f5a-04a7-4142-aad1-acfa13344e33___GH_HL Leaf 358.JPG,4e3e2f5a-04a7-4142-aad1-acfa13344e33___GH_HL Leaf 358.JPG,Tomato___healthy,tomato__healthy__healthy,tomato,healthy,Healthy Leaf,256,256,3,1.0,RGB,JPEG,13.78,True,
datasets/raw/plantvillage/raw/color/Tomato___healthy/2b50c7a7-e22e-4103-9e23-909377ab00e3___RS_HL 0193.JPG,2b50c7a7-e22e-4103-9e23-909377ab00e3___RS_HL 0193.JPG,Tomato___healthy,tomato__healthy__healthy,tomato,healthy,Healthy Leaf,256,256,3,1.0,RGB,JPEG,26.05,True,
datasets/raw/plantvillage/raw/color/Tomato___healthy/148e32de-8876-45d9-92c5-43c17d7292fa___RS_HL 0189.JPG,148e32de-8876-45d9-92c5-43c17d7292fa___RS_HL 0189.JPG,Tomato___healthy,tomato__healthy__healthy,tomato,healthy,Healthy Leaf,256,256,3,1.0,RGB,JPEG,26.6,True,
datasets/raw/plantvillage/raw/color/Tomato___healthy/afb36858-a9e4-45d0-8b7a-2e4a8e8bf72c___RS_HL 0286.JPG,afb36858-a9e4-45d0-8b7a-2e4a8e8bf72c___RS_HL 0286.JPG,Tomato___healthy,tomato__healthy__healthy,tomato,healthy,Healthy Leaf,256,256,3,1.0,RGB,JPEG,27.11,True,
datasets/raw/plantvillage/raw/color/Tomato___healthy/689696df-e7cd-4c53-9559-3b16f48c3788___RS_HL 0256.JPG,689696df-e7cd-4c53-9559-3b16f48c3788___RS_HL 0256.JPG,Tomato___healthy,tomato__healthy__healthy,tomato,healthy,Healthy Leaf,256,256,3,1.0,RGB,JPEG,24.2,True,
datasets/raw/plantvillage/raw/color/Tomato___healthy/75fe127d-147b-495a-ac06-ded6b64a4ffa___RS_HL 0116.JPG,75fe127d-147b-495a-ac06-ded6b64a4ffa___RS_HL 0116.JPG,Tomato___healthy,tomato__healthy__healthy,tomato,healthy,Healthy Leaf,256,256,3,1.0,RGB,JPEG,22.35,True,
datasets/raw/plantvillage/raw/color/Tomato___healthy/d01d616c-7259-461f-9f3e-98fa7a3f86e1___RS_HL 9922.JPG,d01d616c-7259-461f-9f3e-98fa7a3f86e1___RS_HL 9922.JPG,Tomato___healthy,tomato__healthy__healthy,tomato,healthy,Healthy Leaf,256,256,3,1.0,RGB,JPEG,24.25,True,
datasets/raw/plantvillage/raw/color/Tomato___healthy/d21a242e-a9a3-4c5e-8e65-6416f84bcaec___GH_HL Leaf 510.2.JPG,d21a242e-a9a3-4c5e-8e65-6416f84bcaec___GH_HL Leaf 510.2.JPG,Tomato___healthy,tomato__healthy__healthy,tomato,healthy,Healthy Leaf,256,256,3,1.0,RGB,JPEG,14.04,True,
datasets/raw/plantvillage/raw/color/Tomato___healthy/37203047-d8ba-43f7-b31e-d496c41c569c___GH_HL Leaf 389.JPG,37203047-d8ba-43f7-b31e-d496c41c569c___GH_HL Leaf 389.JPG,Tomato___healthy,tomato__healthy__healthy,tomato,healthy,Healthy Leaf,256,256,3,1.0,RGB,JPEG,10.96,True,
datasets/raw/plantvillage/raw/color/Tomato___healthy/2e0a7517-332f-4799-a083-5d393172909a___RS_HL 0612.JPG,2e0a7517-332f-4799-a083-5d393172909a___RS_HL 0612.JPG,Tomato___healthy,tomato__healthy__healthy,tomato,healthy,Healthy Leaf,256,256,3,1.0,RGB,JPEG,27.55,True,
datasets/raw/plantvillage/raw/color/Tomato___healthy/8d3c1a28-27a6-4376-9390-2372dadb7264___GH_HL Leaf 395.JPG,8d3c1a28-27a6-4376-9390-2372dadb7264___GH_HL Leaf 395.JPG,Tomato___healthy,tomato__healthy__healthy,tomato,healthy,Healthy Leaf,256,256,3,1.0,RGB,JPEG,11.5,True,
datasets/raw/plantvillage/raw/color/Tomato___healthy/709ca1e9-9c0f-4ebb-a3c1-529675210010___GH_HL Leaf 310.JPG,709ca1e9-9c0f-4ebb-a3c1-529675210010___GH_HL Leaf 310.JPG,Tomato___healthy,tomato__healthy__healthy,tomato,healthy,Healthy Leaf,256,256,3,1.0,RGB,JPEG,18.25,True,
datasets/raw/plantvillage/raw/color/Tomato___healthy/065cd824-d515-49f6-a68a-c1b6dd313472___RS_HL 0139.JPG,065cd824-d515-49f6-a68a-c1b6dd313472___RS_HL 0139.JPG,Tomato___healthy,tomato__healthy__healthy,tomato,healthy,Healthy Leaf,256,256,3,1.0,RGB,JPEG,25.85,True,
datasets/raw/plantvillage/raw/color/Tomato___healthy/593c58eb-71d4-4626-89d4-de6f59964aa8___RS_HL 0106.JPG,593c58eb-71d4-4626-89d4-de6f59964aa8___RS_HL 0106.JPG,Tomato___healthy,tomato__healthy__healthy,tomato,healthy,Healthy Leaf,256,256,3,1.0,RGB,JPEG,24.36,True,
datasets/raw/plantvillage/raw/color/Tomato___healthy/e53267d6-9a69-4e42-9ddc-8481a337b3e0___RS_HL 0073.JPG,e53267d6-9a69-4e42-9ddc-8481a337b3e0___RS_HL 0073.JPG,Tomato___healthy,tomato__healthy__healthy,tomato,healthy,Healthy Leaf,256,256,3,1.0,RGB,JPEG,24.89,True,
datasets/raw/plantvillage/raw/color/Tomato___healthy/6aed746b-e45b-40d6-addb-71bdd0456618___RS_HL 0638.JPG,6aed746b-e45b-40d6-addb-71bdd0456618___RS_HL 0638.JPG,Tomato___healthy,tomato__healthy__healthy,tomato,healthy,Healthy Leaf,256,256,3,1.0,RGB,JPEG,25.5,True,
datasets/raw/plantvillage/raw/color/Tomato___healthy/68e18442-2f1d-458d-b1ef-865c7390622c___RS_HL 9919.JPG,68e18442-2f1d-458d-b1ef-865c7390622c___RS_HL 9919.JPG,Tomato___healthy,tomato__healthy__healthy,tomato,healthy,Healthy Leaf,256,256,3,1.0,RGB,JPEG,24.64,True,
datasets/raw/plantvillage/raw/color/Tomato___healthy/a29fc501-dbc0-4d7c-b298-1a817192a396___RS_HL 0539.JPG,a29fc501-dbc0-4d7c-b298-1a817192a396___RS_HL 0539.JPG,Tomato___healthy,tomato__healthy__healthy,tomato,healthy,Healthy Leaf,256,256,3,1.0,RGB,JPEG,25.83,True,
datasets/raw/plantvillage/raw/color/Tomato___healthy/89aa561a-1ea7-4e24-a92b-47f3dedcecdb___RS_HL 0107.JPG,89aa561a-1ea7-4e24-a92b-47f3dedcecdb___RS_HL 0107.JPG,Tomato___healthy,tomato__healthy__healthy,tomato,healthy,Healthy Leaf,256,256,3,1.0,RGB,JPEG,23.02,True,
datasets/raw/plantvillage/raw/color/Tomato___healthy/c3dcca18-f12f-4a4d-a90c-563ded6c7df8___RS_HL 9691.JPG,c3dcca18-f12f-4a4d-a90c-563ded6c7df8___RS_HL 9691.JPG,Tomato___healthy,tomato__healthy__healthy,tomato,healthy,Healthy Leaf,256,256,3,1.0,RGB,JPEG,25.3,True,
datasets/raw/plantvillage/raw/color/Tomato___healthy/5422b428-b58a-4276-a79c-79d1c3ca7aa2___RS_HL 0123.JPG,5422b428-b58a-4276-a79c-79d1c3ca7aa2___RS_HL 0123.JPG,Tomato___healthy,tomato__healthy__healthy,tomato,healthy,Healthy Leaf,256,256,3,1.0,RGB,JPEG,25.27,True,
datasets/raw/plantvillage/raw/color/Tomato___healthy/4463e5e9-8afc-4dfd-9317-3013a538f2c8___GH_HL Leaf 308.JPG,4463e5e9-8afc-4dfd-9317-3013a538f2c8___GH_HL Leaf 308.JPG,Tomato___healthy,tomato__healthy__healthy,tomato,healthy,Healthy Leaf,256,256,3,1.0,RGB,JPEG,15.92,True,
datasets/raw/plantvillage/raw/color/Tomato___healthy/2b6c6705-59ce-4afe-8ad1-62a367ea10e0___RS_HL 9994.JPG,2b6c6705-59ce-4afe-8ad1-62a367ea10e0___RS_HL 9994.JPG,Tomato___healthy,tomato__healthy__healthy,tomato,healthy,Healthy Leaf,256,256,3,1.0,RGB,JPEG,26.21,True,
datasets/raw/plantvillage/raw/color/Tomato___healthy/6c5ad7e4-a826-40af-abf9-0a9e6346e656___RS_HL 0196.JPG,6c5ad7e4-a826-40af-abf9-0a9e6346e656___RS_HL 0196.JPG,Tomato___healthy,tomato__healthy__healthy,tomato,healthy,Healthy Leaf,256,256,3,1.0,RGB,JPEG,26.61,True,
datasets/raw/plantvillage/raw/color/Tomato___healthy/125ff07a-87f1-4953-9ded-8f9e5adb7b1b___RS_HL 0470.JPG,125ff07a-87f1-4953-9ded-8f9e5adb7b1b___RS_HL 0470.JPG,Tomato___healthy,tomato__healthy__healthy,tomato,healthy,Healthy Leaf,256,256,3,1.0,RGB,JPEG,25.03,True,
datasets/raw/plantvillage/raw/color/Tomato___healthy/04483b12-5e9c-4e74-a5b6-e8c87f60b43f___GH_HL Leaf 439.JPG,04483b12-5e9c-4e74-a5b6-e8c87f60b43f___GH_HL Leaf 439.JPG,Tomato___healthy,tomato__healthy__healthy,tomato,healthy,Healthy Leaf,256,256,3,1.0,RGB,JPEG,11.18,True,
datasets/raw/plantvillage/raw/color/Tomato___healthy/e1517f9b-6bab-415b-b8f5-1f52dd544b2d___RS_HL 0203.JPG,e1517f9b-6bab-415b-b8f5-1f52dd544b2d___RS_HL 0203.JPG,Tomato___healthy,tomato__healthy__healthy,tomato,healthy,Healthy Leaf,256,256,3,1.0,RGB,JPEG,25.37,True,
datasets/raw/plantvillage/raw/color/Tomato___healthy/6a800f5d-f218-4c0b-b78b-7cedcc70a3aa___GH_HL Leaf 337.1.JPG,6a800f5d-f218-4c0b-b78b-7cedcc70a3aa___GH_HL Leaf 337.1.JPG,Tomato___healthy,tomato__healthy__healthy,tomato,healthy,Healthy Leaf,256,256,3,1.0,RGB,JPEG,17.17,True,
datasets/raw/plantvillage/raw/color/Tomato___healthy/15ba0299-5f38-47ed-ab19-fe6a72737705___RS_HL 9732.JPG,15ba0299-5f38-47ed-ab19-fe6a72737705___RS_HL 9732.JPG,Tomato___healthy,tomato__healthy__healthy,tomato,healthy,Healthy Leaf,256,256,3,1.0,RGB,JPEG,21.59,True,
datasets/raw/plantvillage/raw/color/Tomato___healthy/a81e6fb8-3b9f-4b20-be65-b0650a3eee33___RS_HL 0514.JPG,a81e6fb8-3b9f-4b20-be65-b0650a3eee33___RS_HL 0514.JPG,Tomato___healthy,tomato__healthy__healthy,tomato,healthy,Healthy Leaf,256,256,3,1.0,RGB,JPEG,26.91,True,
datasets/raw/plantvillage/raw/color/Tomato___healthy/ff8b36d5-feaf-4d2d-8126-18670a312657___RS_HL 0229.JPG,ff8b36d5-feaf-4d2d-8126-18670a312657___RS_HL 0229.JPG,Tomato___healthy,tomato__healthy__healthy,tomato,healthy,Healthy Leaf,256,256,3,1.0,RGB,JPEG,24.65,True,
datasets/raw/plantvillage/raw/color/Tomato___healthy/e283f6ea-c756-47ca-ac84-57a38138b571___GH_HL Leaf 343.JPG,e283f6ea-c756-47ca-ac84-57a38138b571___GH_HL Leaf 343.JPG,Tomato___healthy,tomato__healthy__healthy,tomato,healthy,Healthy Leaf,256,256,3,1.0,RGB,JPEG,18.0,True,
datasets/raw/plantvillage/raw/color/Tomato___healthy/e2869c8b-aedf-4074-bb99-28e6ed2b4223___RS_HL 9673.JPG,e2869c8b-aedf-4074-bb99-28e6ed2b4223___RS_HL 9673.JPG,Tomato___healthy,tomato__healthy__healthy,tomato,healthy,Healthy Leaf,256,256,3,1.0,RGB,JPEG,26.22,True,
datasets/raw/plantvillage/raw/color/Tomato___healthy/aadb9f92-d885-4a69-a498-437b1edeab90___RS_HL 9959.JPG,aadb9f92-d885-4a69-a498-437b1edeab90___RS_HL 9959.JPG,Tomato___healthy,tomato__healthy__healthy,tomato,healthy,Healthy Leaf,256,256,3,1.0,RGB,JPEG,25.2,True,
datasets/raw/plantvillage/raw/color/Tomato___healthy/89d1eade-c42d-410d-a9c3-d37ad7bb60c6___RS_HL 9679.JPG,89d1eade-c42d-410d-a9c3-d37ad7bb60c6___RS_HL 9679.JPG,Tomato___healthy,tomato__healthy__healthy,tomato,healthy,Healthy Leaf,256,256,3,1.0,RGB,JPEG,24.2,True,
datasets/raw/plantvillage/raw/color/Tomato___healthy/e0d2d9f6-b29e-4cd8-8c2b-7d462271ceb3___RS_HL 9787.JPG,e0d2d9f6-b29e-4cd8-8c2b-7d462271ceb3___RS_HL 9787.JPG,Tomato___healthy,tomato__healthy__healthy,tomato,healthy,Healthy Leaf,256,256,3,1.0,RGB,JPEG,24.46,True,
datasets/raw/plantvillage/raw/color/Tomato___healthy/4d374048-0e08-4a09-ae57-e83f8e64082b___RS_HL 0564.JPG,4d374048-0e08-4a09-ae57-e83f8e64082b___RS_HL 0564.JPG,Tomato___healthy,tomato__healthy__healthy,tomato,healthy,Healthy Leaf,256,256,3,1.0,RGB,JPEG,25.65,True,
datasets/raw/plantvillage/raw/color/Tomato___healthy/9a3e2912-5d94-4eb0-9bb2-4035eaf4c884___RS_HL 0102.JPG,9a3e2912-5d94-4eb0-9bb2-4035eaf4c884___RS_HL 0102.JPG,Tomato___healthy,tomato__healthy__healthy,tomato,healthy,Healthy Leaf,256,256,3,1.0,RGB,JPEG,26.99,True,
datasets/raw/plantvillage/raw/color/Tomato___healthy/1e8c2c4d-e787-45ff-87ac-56484ac8d3d4___GH_HL Leaf 472.JPG,1e8c2c4d-e787-45ff-87ac-56484ac8d3d4___GH_HL Leaf 472.JPG,Tomato___healthy,tomato__healthy__healthy,tomato,healthy,Healthy Leaf,256,256,3,1.0,RGB,JPEG,14.2,True,
datasets/raw/plantvillage/raw/color/Tomato___healthy/a4dea30d-6551-4107-bba6-1390e74b6b0b___GH_HL Leaf 261.1.JPG,a4dea30d-6551-4107-bba6-1390e74b6b0b___GH_HL Leaf 261.1.JPG,Tomato___healthy,tomato__healthy__healthy,tomato,healthy,Healthy Leaf,256,256,3,1.0,RGB,JPEG,19.1,True,
datasets/raw/plantvillage/raw/color/Tomato___healthy/190a6af7-d7b1-4265-b05b-c126a7962c93___GH_HL Leaf 408.JPG,190a6af7-d7b1-4265-b05b-c126a7962c93___GH_HL Leaf 408.JPG,Tomato___healthy,tomato__healthy__healthy,tomato,healthy,Healthy Leaf,256,256,3,1.0,RGB,JPEG,18.08,True,
datasets/raw/plantvillage/raw/color/Tomato___healthy/03bc8804-bc25-4930-b9bf-35c35920dc3f___RS_HL 9940.JPG,03bc8804-bc25-4930-b9bf-35c35920dc3f___RS_HL 9940.JPG,Tomato___healthy,tomato__healthy__healthy,tomato,healthy,Healthy Leaf,256,256,3,1.0,RGB,JPEG,25.28,True,
datasets/raw/plantvillage/raw/color/Tomato___healthy/5d49f9d4-e27e-4220-933a-3bef2f44c437___GH_HL Leaf 502.3.JPG,5d49f9d4-e27e-4220-933a-3bef2f44c437___GH_HL Leaf 502.3.JPG,Tomato___healthy,tomato__healthy__healthy,tomato,healthy,Healthy Leaf,256,256,3,1.0,RGB,JPEG,13.2,True,
datasets/raw/plantvillage/raw/color/Tomato___healthy/8887e457-f477-426d-bcf7-a6e7d43d42c1___GH_HL Leaf 296.JPG,8887e457-f477-426d-bcf7-a6e7d43d42c1___GH_HL Leaf 296.JPG,Tomato___healthy,tomato__healthy__healthy,tomato,healthy,Healthy Leaf,256,256,3,1.0,RGB,JPEG,19.86,True,
datasets/raw/plantvillage/raw/color/Tomato___healthy/beb8ecc5-3283-430e-b598-343f6754a752___GH_HL Leaf 328.JPG,beb8ecc5-3283-430e-b598-343f6754a752___GH_HL Leaf 328.JPG,Tomato___healthy,tomato__healthy__healthy,tomato,healthy,Healthy Leaf,256,256,3,1.0,RGB,JPEG,18.02,True,
datasets/raw/plantvillage/raw/color/Tomato___healthy/568ae2e1-f63e-40f1-ac27-dac9fea86277___GH_HL Leaf 246.1.JPG,568ae2e1-f63e-40f1-ac27-dac9fea86277___GH_HL Leaf 246.1.JPG,Tomato___healthy,tomato__healthy__healthy,tomato,healthy,Healthy Leaf,256,256,3,1.0,RGB,JPEG,19.59,True,
datasets/raw/plantvillage/raw/color/Tomato___healthy/33936d1f-7074-49d2-9b3e-3964972fc636___RS_HL 0119.JPG,33936d1f-7074-49d2-9b3e-3964972fc636___RS_HL 0119.JPG,Tomato___healthy,tomato__healthy__healthy,tomato,healthy,Healthy Leaf,256,256,3,1.0,RGB,JPEG,23.99,True,
datasets/raw/plantvillage/raw/color/Tomato___healthy/da1015eb-5c8e-436d-b367-d1f98a034e44___RS_HL 0382.JPG,da1015eb-5c8e-436d-b367-d1f98a034e44___RS_HL 0382.JPG,Tomato___healthy,tomato__healthy__healthy,tomato,healthy,Healthy Leaf,256,256,3,1.0,RGB,JPEG,25.99,True,
datasets/raw/plantvillage/raw/color/Tomato___healthy/d6128bab-2cc4-4005-9184-2b7303773682___RS_HL 9828.JPG,d6128bab-2cc4-4005-9184-2b7303773682___RS_HL 9828.JPG,Tomato___healthy,tomato__healthy__healthy,tomato,healthy,Healthy Leaf,256,256,3,1.0,RGB,JPEG,25.59,True,
datasets/raw/plantvillage/raw/color/Tomato___healthy/ec2ace5b-0368-4012-a46e-21236926193c___RS_HL 0086.JPG,ec2ace5b-0368-4012-a46e-21236926193c___RS_HL 0086.JPG,Tomato___healthy,tomato__healthy__healthy,tomato,healthy,Healthy Leaf,256,256,3,1.0,RGB,JPEG,25.2,True,
datasets/raw/plantvillage/raw/color/Tomato___healthy/ee0dd8c0-8db2-4eff-8e4d-76cb146f2b34___GH_HL Leaf 166.2.JPG,ee0dd8c0-8db2-4eff-8e4d-76cb146f2b34___GH_HL Leaf 166.2.JPG,Tomato___healthy,tomato__healthy__healthy,tomato,healthy,Healthy Leaf,256,256,3,1.0,RGB,JPEG,15.67,True,
datasets/raw/plantvillage/raw/color/Tomato___healthy/0d259481-e08d-459d-aa92-fe05e1524742___GH_HL Leaf 253.1.JPG,0d259481-e08d-459d-aa92-fe05e1524742___GH_HL Leaf 253.1.JPG,Tomato___healthy,tomato__healthy__healthy,tomato,healthy,Healthy Leaf,256,256,3,1.0,RGB,JPEG,14.4,True,
datasets/raw/plantvillage/raw/color/Tomato___healthy/a7abffa7-2c5e-4bc2-ab36-450ef1129f37___RS_HL 9856.JPG,a7abffa7-2c5e-4bc2-ab36-450ef1129f37___RS_HL 9856.JPG,Tomato___healthy,tomato__healthy__healthy,tomato,healthy,Healthy Leaf,256,256,3,1.0,RGB,JPEG,24.32,True,
datasets/raw/plantvillage/raw/color/Tomato___healthy/e30f24b2-c298-4853-8fda-9e67b3738a55___GH_HL Leaf 287.JPG,e30f24b2-c298-4853-8fda-9e67b3738a55___GH_HL Leaf 287.JPG,Tomato___healthy,tomato__healthy__healthy,tomato,healthy,Healthy Leaf,256,256,3,1.0,RGB,JPEG,20.42,True,
datasets/raw/plantvillage/raw/color/Tomato___healthy/ba541656-6ae6-4471-8c17-7144e4c23edf___RS_HL 9947.JPG,ba541656-6ae6-4471-8c17-7144e4c23edf___RS_HL 9947.JPG,Tomato___healthy,tomato__healthy__healthy,tomato,healthy,Healthy Leaf,256,256,3,1.0,RGB,JPEG,21.64,True,
datasets/raw/plantvillage/raw/color/Tomato___healthy/9df3c983-0c0c-4e9b-a0c8-f3e1fd3ec908___RS_HL 0634.JPG,9df3c983-0c0c-4e9b-a0c8-f3e1fd3ec908___RS_HL 0634.JPG,Tomato___healthy,tomato__healthy__healthy,tomato,healthy,Healthy Leaf,256,256,3,1.0,RGB,JPEG,26.98,True,
datasets/raw/plantvillage/raw/color/Tomato___healthy/b951fffc-404c-4b85-a7ec-fe8b4f9a15fa___RS_HL 0540.JPG,b951fffc-404c-4b85-a7ec-fe8b4f9a15fa___RS_HL 0540.JPG,Tomato___healthy,tomato__healthy__healthy,tomato,healthy,Healthy Leaf,256,256,3,1.0,RGB,JPEG,27.46,True,
datasets/raw/plantvillage/raw/color/Tomato___healthy/c1fe17e6-7776-4f80-a048-6095504dd0cf___RS_HL 9690.JPG,c1fe17e6-7776-4f80-a048-6095504dd0cf___RS_HL 9690.JPG,Tomato___healthy,tomato__healthy__healthy,tomato,healthy,Healthy Leaf,256,256,3,1.0,RGB,JPEG,25.87,True,
datasets/raw/plantvillage/raw/color/Tomato___healthy/13b114fe-22bf-498e-8534-4049123ef655___RS_HL 9775.JPG,13b114fe-22bf-498e-8534-4049123ef655___RS_HL 9775.JPG,Tomato___healthy,tomato__healthy__healthy,tomato,healthy,Healthy Leaf,256,256,3,1.0,RGB,JPEG,23.03,True,
datasets/raw/plantvillage/raw/color/Tomato___healthy/9d197d8a-3f35-401a-8aa4-39f7e69d05c5___GH_HL Leaf 326.JPG,9d197d8a-3f35-401a-8aa4-39f7e69d05c5___GH_HL Leaf 326.JPG,Tomato___healthy,tomato__healthy__healthy,tomato,healthy,Healthy Leaf,256,256,3,1.0,RGB,JPEG,18.94,True,
datasets/raw/plantvillage/raw/color/Tomato___healthy/12a3a4c8-0f82-419c-9a7f-0fc6d261299a___RS_HL 9988.JPG,12a3a4c8-0f82-419c-9a7f-0fc6d261299a___RS_HL 9988.JPG,Tomato___healthy,tomato__healthy__healthy,tomato,healthy,Healthy Leaf,256,256,3,1.0,RGB,JPEG,23.54,True,
datasets/raw/plantvillage/raw/color/Tomato___healthy/167247af-fd67-4b70-a72e-052dc5ea863b___GH_HL Leaf 388.1.JPG,167247af-fd67-4b70-a72e-052dc5ea863b___GH_HL Leaf 388.1.JPG,Tomato___healthy,tomato__healthy__healthy,tomato,healthy,Healthy Leaf,256,256,3,1.0,RGB,JPEG,11.5,True,
datasets/raw/plantvillage/raw/color/Tomato___healthy/488feb1c-4b9f-44e7-8aa6-4103a9601f5f___GH_HL Leaf 434.JPG,488feb1c-4b9f-44e7-8aa6-4103a9601f5f___GH_HL Leaf 434.JPG,Tomato___healthy,tomato__healthy__healthy,tomato,healthy,Healthy Leaf,256,256,3,1.0,RGB,JPEG,14.37,True,
datasets/raw/plantvillage/raw/color/Tomato___healthy/f6a5a9a3-f9a6-4fad-83c3-2ce3e8618b52___RS_HL 0169.JPG,f6a5a9a3-f9a6-4fad-83c3-2ce3e8618b52___RS_HL 0169.JPG,Tomato___healthy,tomato__healthy__healthy,tomato,healthy,Healthy Leaf,256,256,3,1.0,RGB,JPEG,25.33,True,
datasets/raw/plantvillage/raw/color/Tomato___healthy/b95435ea-5649-465e-83cc-247d1ab11b54___GH_HL Leaf 203.JPG,b95435ea-5649-465e-83cc-247d1ab11b54___GH_HL Leaf 203.JPG,Tomato___healthy,tomato__healthy__healthy,tomato,healthy,Healthy Leaf,256,256,3,1.0,RGB,JPEG,19.76,True,
datasets/raw/plantvillage/raw/color/Tomato___healthy/bc5416cb-a48f-4ed0-ab8e-0ffd7ef25f12___RS_HL 9992.JPG,bc5416cb-a48f-4ed0-ab8e-0ffd7ef25f12___RS_HL 9992.JPG,Tomato___healthy,tomato__healthy__healthy,tomato,healthy,Healthy Leaf,256,256,3,1.0,RGB,JPEG,26.54,True,
datasets/raw/plantvillage/raw/color/Tomato___healthy/598606b2-3e32-4d1d-b86e-042a14cd24d0___GH_HL Leaf 504.2.JPG,598606b2-3e32-4d1d-b86e-042a14cd24d0___GH_HL Leaf 504.2.JPG,Tomato___healthy,tomato__healthy__healthy,tomato,healthy,Healthy Leaf,256,256,3,1.0,RGB,JPEG,14.75,True,
datasets/raw/plantvillage/raw/color/Tomato___healthy/70e2244d-152b-4dc7-b002-5991e1a195db___RS_HL 9948.JPG,70e2244d-152b-4dc7-b002-5991e1a195db___RS_HL 9948.JPG,Tomato___healthy,tomato__healthy__healthy,tomato,healthy,Healthy Leaf,256,256,3,1.0,RGB,JPEG,22.89,True,
datasets/raw/plantvillage/raw/color/Tomato___healthy/c8a610ce-ef41-42b4-ad46-fe82891ac4e0___GH_HL Leaf 258.JPG,c8a610ce-ef41-42b4-ad46-fe82891ac4e0___GH_HL Leaf 258.JPG,Tomato___healthy,tomato__healthy__healthy,tomato,healthy,Healthy Leaf,256,256,3,1.0,RGB,JPEG,20.88,True,
datasets/raw/plantvillage/raw/color/Tomato___healthy/6ee48dff-5a8a-4751-8850-200575ee49b1___RS_HL 0479.JPG,6ee48dff-5a8a-4751-8850-200575ee49b1___RS_HL 0479.JPG,Tomato___healthy,tomato__healthy__healthy,tomato,healthy,Healthy Leaf,256,256,3,1.0,RGB,JPEG,24.39,True,
datasets/raw/plantvillage/raw/color/Tomato___healthy/1479f22a-c0d6-4dac-a752-578f575f276d___GH_HL Leaf 173.5.JPG,1479f22a-c0d6-4dac-a752-578f575f276d___GH_HL Leaf 173.5.JPG,Tomato___healthy,tomato__healthy__healthy,tomato,healthy,Healthy Leaf,256,256,3,1.0,RGB,JPEG,13.83,True,
datasets/raw/plantvillage/raw/color/Tomato___healthy/5dbc2db5-5bb2-4a3c-9a90-d2228c1462f8___RS_HL 9770.JPG,5dbc2db5-5bb2-4a3c-9a90-d2228c1462f8___RS_HL 9770.JPG,Tomato___healthy,tomato__healthy__healthy,tomato,healthy,Healthy Leaf,256,256,3,1.0,RGB,JPEG,21.49,True,
datasets/raw/plantvillage/raw/color/Tomato___healthy/d9974fa7-5337-4c75-af93-04828d6f503e___GH_HL Leaf 381.1.JPG,d9974fa7-5337-4c75-af93-04828d6f503e___GH_HL Leaf 381.1.JPG,Tomato___healthy,tomato__healthy__healthy,tomato,healthy,Healthy Leaf,256,256,3,1.0,RGB,JPEG,13.71,True,
datasets/raw/plantvillage/raw/color/Tomato___healthy/560b8340-b487-4bd9-aac1-37b0f4711444___RS_HL 0277.JPG,560b8340-b487-4bd9-aac1-37b0f4711444___RS_HL 0277.JPG,Tomato___healthy,tomato__healthy__healthy,tomato,healthy,Healthy Leaf,256,256,3,1.0,RGB,JPEG,27.15,True,
datasets/raw/plantvillage/raw/color/Tomato___healthy/ffd8aa68-138f-4114-96c7-21eef72e1e13___RS_HL 9881.JPG,ffd8aa68-138f-4114-96c7-21eef72e1e13___RS_HL 9881.JPG,Tomato___healthy,tomato__healthy__healthy,tomato,healthy,Healthy Leaf,256,256,3,1.0,RGB,JPEG,24.11,True,
datasets/raw/plantvillage/raw/color/Tomato___healthy/5b28f6a8-cf40-4f35-82ad-16470dd69bd5___RS_HL 9658.JPG,5b28f6a8-cf40-4f35-82ad-16470dd69bd5___RS_HL 9658.JPG,Tomato___healthy,tomato__healthy__healthy,tomato,healthy,Healthy Leaf,256,256,3,1.0,RGB,JPEG,22.45,True,
datasets/raw/plantvillage/raw/color/Tomato___healthy/59785876-4697-4cbe-881d-26133ccd21ec___RS_HL 9746.JPG,59785876-4697-4cbe-881d-26133ccd21ec___RS_HL 9746.JPG,Tomato___healthy,tomato__healthy__healthy,tomato,healthy,Healthy Leaf,256,256,3,1.0,RGB,JPEG,22.11,True,
datasets/raw/plantvillage/raw/color/Tomato___healthy/495559bd-76e2-4c7a-935c-3ca1b4cf4b7b___GH_HL Leaf 180.1.JPG,495559bd-76e2-4c7a-935c-3ca1b4cf4b7b___GH_HL Leaf 180.1.JPG,Tomato___healthy,tomato__healthy__healthy,tomato,healthy,Healthy Leaf,256,256,3,1.0,RGB,JPEG,20.32,True,
datasets/raw/plantvillage/raw/color/Tomato___healthy/666b3b4d-5510-4413-88cd-838fffe72003___RS_HL 0098.JPG,666b3b4d-5510-4413-88cd-838fffe72003___RS_HL 0098.JPG,Tomato___healthy,tomato__healthy__healthy,tomato,healthy,Healthy Leaf,256,256,3,1.0,RGB,JPEG,25.07,True,
datasets/raw/plantvillage/raw/color/Tomato___healthy/a01d8297-f16b-41ab-b7b9-6343d5b7d8a6___RS_HL 0419.JPG,a01d8297-f16b-41ab-b7b9-6343d5b7d8a6___RS_HL 0419.JPG,Tomato___healthy,tomato__healthy__healthy,tomato,healthy,Healthy Leaf,256,256,3,1.0,RGB,JPEG,25.16,True,
datasets/raw/plantvillage/raw/color/Tomato___healthy/4ae80701-db36-4003-a20c-925d66bdfb68___RS_HL 0602.JPG,4ae80701-db36-4003-a20c-925d66bdfb68___RS_HL 0602.JPG,Tomato___healthy,tomato__healthy__healthy,tomato,healthy,Healthy Leaf,256,256,3,1.0,RGB,JPEG,26.96,True,
datasets/raw/plantvillage/raw/color/Tomato___healthy/c52610f1-e253-49ac-bb6f-af3dc1d9c396___GH_HL Leaf 363.1.JPG,c52610f1-e253-49ac-bb6f-af3dc1d9c396___GH_HL Leaf 363.1.JPG,Tomato___healthy,tomato__healthy__healthy,tomato,healthy,Healthy Leaf,256,256,3,1.0,RGB,JPEG,10.11,True,
datasets/raw/plantvillage/raw/color/Tomato___healthy/70f76975-801c-48f4-b757-c8b2d834a0ec___RS_HL 9738.JPG,70f76975-801c-48f4-b757-c8b2d834a0ec___RS_HL 9738.JPG,Tomato___healthy,tomato__healthy__healthy,tomato,healthy,Healthy Leaf,256,256,3,1.0,RGB,JPEG,21.83,True,
datasets/raw/plantvillage/raw/color/Tomato___healthy/622ed31e-0067-460a-a025-fefea1669ce1___RS_HL 0587.JPG,622ed31e-0067-460a-a025-fefea1669ce1___RS_HL 0587.JPG,Tomato___healthy,tomato__healthy__healthy,tomato,healthy,Healthy Leaf,256,256,3,1.0,RGB,JPEG,26.28,True,
datasets/raw/plantvillage/raw/color/Tomato___healthy/166b90f5-3bba-4aea-9bc4-212efb57a504___RS_HL 0377.JPG,166b90f5-3bba-4aea-9bc4-212efb57a504___RS_HL 0377.JPG,Tomato___healthy,tomato__healthy__healthy,tomato,healthy,Healthy Leaf,256,256,3,1.0,RGB,JPEG,25.41,True,
datasets/raw/plantvillage/raw/color/Tomato___healthy/9f1704fc-28ae-4e27-a6f3-885811ea80e2___GH_HL Leaf 260.JPG,9f1704fc-28ae-4e27-a6f3-885811ea80e2___GH_HL Leaf 260.JPG,Tomato___healthy,tomato__healthy__healthy,tomato,healthy,Healthy Leaf,256,256,3,1.0,RGB,JPEG,17.55,True,
datasets/raw/plantvillage/raw/color/Tomato___healthy/96bf0aea-6bf2-4ad8-8fa9-bbbc30be4967___RS_HL 0200.JPG,96bf0aea-6bf2-4ad8-8fa9-bbbc30be4967___RS_HL 0200.JPG,Tomato___healthy,tomato__healthy__healthy,tomato,healthy,Healthy Leaf,256,256,3,1.0,RGB,JPEG,25.58,True,
datasets/raw/plantvillage/raw/color/Tomato___healthy/bcf2a4c7-5e73-4443-b39c-74fd6895afb5___GH_HL Leaf 248.1.JPG,bcf2a4c7-5e73-4443-b39c-74fd6895afb5___GH_HL Leaf 248.1.JPG,Tomato___healthy,tomato__healthy__healthy,tomato,healthy,Healthy Leaf,256,256,3,1.0,RGB,JPEG,17.29,True,
datasets/raw/plantvillage/raw/color/Tomato___healthy/466832f0-bff9-4766-a597-dc89880a7b4a___RS_HL 0111.JPG,466832f0-bff9-4766-a597-dc89880a7b4a___RS_HL 0111.JPG,Tomato___healthy,tomato__healthy__healthy,tomato,healthy,Healthy Leaf,256,256,3,1.0,RGB,JPEG,23.86,True,
datasets/raw/plantvillage/raw/color/Tomato___healthy/0c3eaf2d-8203-441d-9248-1c64e00b5b8b___RS_HL 0018.JPG,0c3eaf2d-8203-441d-9248-1c64e00b5b8b___RS_HL 0018.JPG,Tomato___healthy,tomato__healthy__healthy,tomato,healthy,Healthy Leaf,256,256,3,1.0,RGB,JPEG,23.89,True,
datasets/raw/plantvillage/raw/color/Tomato___healthy/688c6cc1-16b4-4f4a-9491-afba5c8a64b6___GH_HL Leaf 347.JPG,688c6cc1-16b4-4f4a-9491-afba5c8a64b6___GH_HL Leaf 347.JPG,Tomato___healthy,tomato__healthy__healthy,tomato,healthy,Healthy Leaf,256,256,3,1.0,RGB,JPEG,15.11,True,
datasets/raw/plantvillage/raw/color/Tomato___healthy/51e66b4b-c192-432f-bc52-d1c86a8da427___GH_HL Leaf 397.JPG,51e66b4b-c192-432f-bc52-d1c86a8da427___GH_HL Leaf 397.JPG,Tomato___healthy,tomato__healthy__healthy,tomato,healthy,Healthy Leaf,256,256,3,1.0,RGB,JPEG,12.27,True,
datasets/raw/plantvillage/raw/color/Tomato___healthy/1f43d81a-6889-4613-a727-f92a75cf9861___RS_HL 0297.JPG,1f43d81a-6889-4613-a727-f92a75cf9861___RS_HL 0297.JPG,Tomato___healthy,tomato__healthy__healthy,tomato,healthy,Healthy Leaf,256,256,3,1.0,RGB,JPEG,26.17,True,
datasets/raw/plantvillage/raw/color/Tomato___healthy/f17dd662-f947-4892-9136-56dbe0feaca2___RS_HL 0503.JPG,f17dd662-f947-4892-9136-56dbe0feaca2___RS_HL 0503.JPG,Tomato___healthy,tomato__healthy__healthy,tomato,healthy,Healthy Leaf,256,256,3,1.0,RGB,JPEG,24.42,True,
datasets/raw/plantvillage/raw/color/Tomato___healthy/5044fab8-1e1b-4f9c-a477-3ee8497d0c75___RS_HL 0287.JPG,5044fab8-1e1b-4f9c-a477-3ee8497d0c75___RS_HL 0287.JPG,Tomato___healthy,tomato__healthy__healthy,tomato,healthy,Healthy Leaf,256,256,3,1.0,RGB,JPEG,26.52,True,
datasets/raw/plantvillage/raw/color/Tomato___healthy/eb0b95d9-4012-494c-85b6-48f7e250c958___GH_HL Leaf 404.JPG,eb0b95d9-4012-494c-85b6-48f7e250c958___GH_HL Leaf 404.JPG,Tomato___healthy,tomato__healthy__healthy,tomato,healthy,Healthy Leaf,256,256,3,1.0,RGB,JPEG,15.04,True,
datasets/raw/plantvillage/raw/color/Tomato___healthy/1528d8ea-c972-4da3-8f66-b4a0de6ace90___RS_HL 0573.JPG,1528d8ea-c972-4da3-8f66-b4a0de6ace90___RS_HL 0573.JPG,Tomato___healthy,tomato__healthy__healthy,tomato,healthy,Healthy Leaf,256,256,3,1.0,RGB,JPEG,26.36,True,
datasets/raw/plantvillage/raw/color/Tomato___healthy/8a4cf703-385a-4c50-9ce2-a751ae6334e1___RS_HL 9963.JPG,8a4cf703-385a-4c50-9ce2-a751ae6334e1___RS_HL 9963.JPG,Tomato___healthy,tomato__healthy__healthy,tomato,healthy,Healthy Leaf,256,256,3,1.0,RGB,JPEG,23.83,True,
datasets/raw/plantvillage/raw/color/Tomato___healthy/81a4e19e-bbcd-4029-8a4f-ae97afe0cdcb___GH_HL Leaf 323.1.JPG,81a4e19e-bbcd-4029-8a4f-ae97afe0cdcb___GH_HL Leaf 323.1.JPG,Tomato___healthy,tomato__healthy__healthy,tomato,healthy,Healthy Leaf,256,256,3,1.0,RGB,JPEG,16.0,True,
datasets/raw/plantvillage/raw/color/Tomato___healthy/4e4e685a-6f47-44df-957c-b667a1a5034e___RS_HL 9938.JPG,4e4e685a-6f47-44df-957c-b667a1a5034e___RS_HL 9938.JPG,Tomato___healthy,tomato__healthy__healthy,tomato,healthy,Healthy Leaf,256,256,3,1.0,RGB,JPEG,26.03,True,
datasets/raw/plantvillage/raw/color/Tomato___healthy/e225eb60-d018-4014-a4f5-eadd0aad06ef___GH_HL Leaf 438.JPG,e225eb60-d018-4014-a4f5-eadd0aad06ef___GH_HL Leaf 438.JPG,Tomato___healthy,tomato__healthy__healthy,tomato,healthy,Healthy Leaf,256,256,3,1.0,RGB,JPEG,13.52,True,
datasets/raw/plantvillage/raw/color/Tomato___healthy/651c7556-f25e-46b9-97db-4793a2a3b642___RS_HL 0219.JPG,651c7556-f25e-46b9-97db-4793a2a3b642___RS_HL 0219.JPG,Tomato___healthy,tomato__healthy__healthy,tomato,healthy,Healthy Leaf,256,256,3,1.0,RGB,JPEG,24.33,True,
datasets/raw/plantvillage/raw/color/Tomato___healthy/4f8ac9da-206a-40e3-b647-f691dcda931e___RS_HL 9819.JPG,4f8ac9da-206a-40e3-b647-f691dcda931e___RS_HL 9819.JPG,Tomato___healthy,tomato__healthy__healthy,tomato,healthy,Healthy Leaf,256,256,3,1.0,RGB,JPEG,16.36,True,
datasets/raw/plantvillage/raw/color/Tomato___healthy/9b5626b0-ea1d-45d0-bc41-c898f7253a75___GH_HL Leaf 315.2.JPG,9b5626b0-ea1d-45d0-bc41-c898f7253a75___GH_HL Leaf 315.2.JPG,Tomato___healthy,tomato__healthy__healthy,tomato,healthy,Healthy Leaf,256,256,3,1.0,RGB,JPEG,17.44,True,
datasets/raw/plantvillage/raw/color/Tomato___healthy/84cbb98b-5c2f-4367-8d78-52be491e66bd___GH_HL Leaf 336.JPG,84cbb98b-5c2f-4367-8d78-52be491e66bd___GH_HL Leaf 336.JPG,Tomato___healthy,tomato__healthy__healthy,tomato,healthy,Healthy Leaf,256,256,3,1.0,RGB,JPEG,17.02,True,
datasets/raw/plantvillage/raw/color/Tomato___healthy/d1750517-689b-4372-a717-6b81c0dd64b0___GH_HL Leaf 262.JPG,d1750517-689b-4372-a717-6b81c0dd64b0___GH_HL Leaf 262.JPG,Tomato___healthy,tomato__healthy__healthy,tomato,healthy,Healthy Leaf,256,256,3,1.0,RGB,JPEG,18.27,True,
datasets/raw/plantvillage/raw/color/Tomato___healthy/a0e83b60-008d-40b1-b0f4-c3c2e02d8eb3___RS_HL 0092.JPG,a0e83b60-008d-40b1-b0f4-c3c2e02d8eb3___RS_HL 0092.JPG,Tomato___healthy,tomato__healthy__healthy,tomato,healthy,Healthy Leaf,256,256,3,1.0,RGB,JPEG,23.84,True,
datasets/raw/plantvillage/raw/color/Tomato___healthy/11fe6fbc-a1a9-4cc4-ba85-a6864a4e9bae___GH_HL Leaf 280.JPG,11fe6fbc-a1a9-4cc4-ba85-a6864a4e9bae___GH_HL Leaf 280.JPG,Tomato___healthy,tomato__healthy__healthy,tomato,healthy,Healthy Leaf,256,256,3,1.0,RGB,JPEG,17.91,True,
datasets/raw/plantvillage/raw/color/Tomato___healthy/77c978a3-7285-4d36-a858-1b77729020b7___GH_HL Leaf 462.1.JPG,77c978a3-7285-4d36-a858-1b77729020b7___GH_HL Leaf 462.1.JPG,Tomato___healthy,tomato__healthy__healthy,tomato,healthy,Healthy Leaf,256,256,3,1.0,RGB,JPEG,15.4,True,
datasets/raw/plantvillage/raw/color/Tomato___healthy/95a43787-4b69-4ad8-854f-7d8cbd1e6cac___RS_HL 9642.JPG,95a43787-4b69-4ad8-854f-7d8cbd1e6cac___RS_HL 9642.JPG,Tomato___healthy,tomato__healthy__healthy,tomato,healthy,Healthy Leaf,256,256,3,1.0,RGB,JPEG,21.87,True,
datasets/raw/plantvillage/raw/color/Tomato___healthy/6e970455-6b05-4c23-82e0-ce913197ff8e___RS_HL 9684.JPG,6e970455-6b05-4c23-82e0-ce913197ff8e___RS_HL 9684.JPG,Tomato___healthy,tomato__healthy__healthy,tomato,healthy,Healthy Leaf,256,256,3,1.0,RGB,JPEG,24.04,True,
datasets/raw/plantvillage/raw/color/Tomato___healthy/164d5472-31c5-4145-b30a-93198436539d___RS_HL 0103.JPG,164d5472-31c5-4145-b30a-93198436539d___RS_HL 0103.JPG,Tomato___healthy,tomato__healthy__healthy,tomato,healthy,Healthy Leaf,256,256,3,1.0,RGB,JPEG,24.9,True,
datasets/raw/plantvillage/raw/color/Tomato___healthy/48cd0ef9-4e84-4f83-ad6b-e8ddc3eb6b3b___GH_HL Leaf 317.1.JPG,48cd0ef9-4e84-4f83-ad6b-e8ddc3eb6b3b___GH_HL Leaf 317.1.JPG,Tomato___healthy,tomato__healthy__healthy,tomato,healthy,Healthy Leaf,256,256,3,1.0,RGB,JPEG,16.01,True,
datasets/raw/plantvillage/raw/color/Tomato___healthy/199f4f32-6e91-4031-b861-bac1abe3452a___RS_HL 9763.JPG,199f4f32-6e91-4031-b861-bac1abe3452a___RS_HL 9763.JPG,Tomato___healthy,tomato__healthy__healthy,tomato,healthy,Healthy Leaf,256,256,3,1.0,RGB,JPEG,24.5,True,
datasets/raw/plantvillage/raw/color/Tomato___healthy/513e1e06-d736-4317-b86b-73464b111958___GH_HL Leaf 385.JPG,513e1e06-d736-4317-b86b-73464b111958___GH_HL Leaf 385.JPG,Tomato___healthy,tomato__healthy__healthy,tomato,healthy,Healthy Leaf,256,256,3,1.0,RGB,JPEG,13.87,True,
datasets/raw/plantvillage/raw/color/Tomato___healthy/c8c7cb85-d7eb-4d60-b90e-bfe5277b79ad___GH_HL Leaf 277.JPG,c8c7cb85-d7eb-4d60-b90e-bfe5277b79ad___GH_HL Leaf 277.JPG,Tomato___healthy,tomato__healthy__healthy,tomato,healthy,Healthy Leaf,256,256,3,1.0,RGB,JPEG,17.31,True,
datasets/raw/plantvillage/raw/color/Tomato___healthy/6f46242c-3654-4670-8587-91c6b74af742___RS_HL 9731.JPG,6f46242c-3654-4670-8587-91c6b74af742___RS_HL 9731.JPG,Tomato___healthy,tomato__healthy__healthy,tomato,healthy,Healthy Leaf,256,256,3,1.0,RGB,JPEG,24.35,True,
datasets/raw/plantvillage/raw/color/Tomato___healthy/adb15e56-fb9c-4b1f-aae1-4ec8bedecd1b___RS_HL 9712.JPG,adb15e56-fb9c-4b1f-aae1-4ec8bedecd1b___RS_HL 9712.JPG,Tomato___healthy,tomato__healthy__healthy,tomato,healthy,Healthy Leaf,256,256,3,1.0,RGB,JPEG,24.64,True,
datasets/raw/plantvillage/raw/color/Tomato___healthy/47a87555-1411-43a3-85d2-5fb241ec089d___GH_HL Leaf 177.2.JPG,47a87555-1411-43a3-85d2-5fb241ec089d___GH_HL Leaf 177.2.JPG,Tomato___healthy,tomato__healthy__healthy,tomato,healthy,Healthy Leaf,256,256,3,1.0,RGB,JPEG,19.03,True,
datasets/raw/plantvillage/raw/color/Tomato___healthy/f3231f5f-c6cf-4a37-a3da-5d6e7a8afb0e___RS_HL 0450.JPG,f3231f5f-c6cf-4a37-a3da-5d6e7a8afb0e___RS_HL 0450.JPG,Tomato___healthy,tomato__healthy__healthy,tomato,healthy,Healthy Leaf,256,256,3,1.0,RGB,JPEG,25.73,True,
datasets/raw/plantvillage/raw/color/Tomato___healthy/20249fbb-29c5-40fb-985e-5a0b9f0e67b1___RS_HL 0117.JPG,20249fbb-29c5-40fb-985e-5a0b9f0e67b1___RS_HL 0117.JPG,Tomato___healthy,tomato__healthy__healthy,tomato,healthy,Healthy Leaf,256,256,3,1.0,RGB,JPEG,22.89,True,
datasets/raw/plantvillage/raw/color/Tomato___healthy/1d024f2a-0ceb-4560-81fc-1114e6341f02___RS_HL 0431.JPG,1d024f2a-0ceb-4560-81fc-1114e6341f02___RS_HL 0431.JPG,Tomato___healthy,tomato__healthy__healthy,tomato,healthy,Healthy Leaf,256,256,3,1.0,RGB,JPEG,24.97,True,
datasets/raw/plantvillage/raw/color/Tomato___healthy/911f4e0f-c13a-411a-8a75-2793b006a5d4___RS_HL 0083.JPG,911f4e0f-c13a-411a-8a75-2793b006a5d4___RS_HL 0083.JPG,Tomato___healthy,tomato__healthy__healthy,tomato,healthy,Healthy Leaf,256,256,3,1.0,RGB,JPEG,25.31,True,
datasets/raw/plantvillage/raw/color/Tomato___healthy/2a089ff8-0fcf-4b18-b746-f997e3b18065___GH_HL Leaf 456.1.JPG,2a089ff8-0fcf-4b18-b746-f997e3b18065___GH_HL Leaf 456.1.JPG,Tomato___healthy,tomato__healthy__healthy,tomato,healthy,Healthy Leaf,256,256,3,1.0,RGB,JPEG,16.06,True,
datasets/raw/plantvillage/raw/color/Tomato___healthy/6120d8df-66a3-45c1-ae2f-bb8065928df4___RS_HL 0420.JPG,6120d8df-66a3-45c1-ae2f-bb8065928df4___RS_HL 0420.JPG,Tomato___healthy,tomato__healthy__healthy,tomato,healthy,Healthy Leaf,256,256,3,1.0,RGB,JPEG,26.45,True,
datasets/raw/plantvillage/raw/color/Tomato___healthy/8e4af6b9-0f8a-48ad-ade6-4e1fff6d4bbf___RS_HL 0606.JPG,8e4af6b9-0f8a-48ad-ade6-4e1fff6d4bbf___RS_HL 0606.JPG,Tomato___healthy,tomato__healthy__healthy,tomato,healthy,Healthy Leaf,256,256,3,1.0,RGB,JPEG,26.87,True,
datasets/raw/plantvillage/raw/color/Tomato___healthy/424c3315-6c08-4ab3-89da-d8456bc2050b___GH_HL Leaf 443.JPG,424c3315-6c08-4ab3-89da-d8456bc2050b___GH_HL Leaf 443.JPG,Tomato___healthy,tomato__healthy__healthy,tomato,healthy,Healthy Leaf,256,256,3,1.0,RGB,JPEG,13.13,True,
datasets/raw/plantvillage/raw/color/Tomato___healthy/6e1abdb8-4020-48c9-9488-2d320e8d5a4d___RS_HL 0168.JPG,6e1abdb8-4020-48c9-9488-2d320e8d5a4d___RS_HL 0168.JPG,Tomato___healthy,tomato__healthy__healthy,tomato,healthy,Healthy Leaf,256,256,3,1.0,RGB,JPEG,25.14,True,
datasets/raw/plantvillage/raw/color/Tomato___healthy/ae0ad0c2-8693-4aff-8c4b-2f4d2d6f7f41___RS_HL 0454.JPG,ae0ad0c2-8693-4aff-8c4b-2f4d2d6f7f41___RS_HL 0454.JPG,Tomato___healthy,tomato__healthy__healthy,tomato,healthy,Healthy Leaf,256,256,3,1.0,RGB,JPEG,23.76,True,
datasets/raw/plantvillage/raw/color/Tomato___healthy/fda63621-b0eb-4938-8ec4-8afffc81ddd6___GH_HL Leaf 268.JPG,fda63621-b0eb-4938-8ec4-8afffc81ddd6___GH_HL Leaf 268.JPG,Tomato___healthy,tomato__healthy__healthy,tomato,healthy,Healthy Leaf,256,256,3,1.0,RGB,JPEG,17.08,True,
datasets/raw/plantvillage/raw/color/Tomato___healthy/64b5d77e-2b06-461d-94f9-5f15250a7e77___GH_HL Leaf 505.1.JPG,64b5d77e-2b06-461d-94f9-5f15250a7e77___GH_HL Leaf 505.1.JPG,Tomato___healthy,tomato__healthy__healthy,tomato,healthy,Healthy Leaf,256,256,3,1.0,RGB,JPEG,15.46,True,
datasets/raw/plantvillage/raw/color/Tomato___healthy/31e8eab6-d639-4055-a2ff-432955ef263b___RS_HL 9753.JPG,31e8eab6-d639-4055-a2ff-432955ef263b___RS_HL 9753.JPG,Tomato___healthy,tomato__healthy__healthy,tomato,healthy,Healthy Leaf,256,256,3,1.0,RGB,JPEG,25.08,True,
datasets/raw/plantvillage/raw/color/Tomato___healthy/f433b7ce-cddb-4f22-8b0f-2376789c45f1___GH_HL Leaf 337.JPG,f433b7ce-cddb-4f22-8b0f-2376789c45f1___GH_HL Leaf 337.JPG,Tomato___healthy,tomato__healthy__healthy,tomato,healthy,Healthy Leaf,256,256,3,1.0,RGB,JPEG,16.94,True,
datasets/raw/plantvillage/raw/color/Tomato___healthy/fc5d1b1e-a225-463a-ab66-ab8f3dbf1861___GH_HL Leaf 363.JPG,fc5d1b1e-a225-463a-ab66-ab8f3dbf1861___GH_HL Leaf 363.JPG,Tomato___healthy,tomato__healthy__healthy,tomato,healthy,Healthy Leaf,256,256,3,1.0,RGB,JPEG,13.55,True,
datasets/raw/plantvillage/raw/color/Tomato___healthy/4af641e9-7960-4c73-a32c-6373d1f341d0___GH_HL Leaf 489.JPG,4af641e9-7960-4c73-a32c-6373d1f341d0___GH_HL Leaf 489.JPG,Tomato___healthy,tomato__healthy__healthy,tomato,healthy,Healthy Leaf,256,256,3,1.0,RGB,JPEG,11.81,True,
datasets/raw/plantvillage/raw/color/Tomato___healthy/9b668abb-fc96-412e-948f-442af45ec580___RS_HL 9972.JPG,9b668abb-fc96-412e-948f-442af45ec580___RS_HL 9972.JPG,Tomato___healthy,tomato__healthy__healthy,tomato,healthy,Healthy Leaf,256,256,3,1.0,RGB,JPEG,24.94,True,
datasets/raw/plantvillage/raw/color/Tomato___healthy/3ea001ac-b49b-4382-a95d-a602fba00a5a___GH_HL Leaf 445.JPG,3ea001ac-b49b-4382-a95d-a602fba00a5a___GH_HL Leaf 445.JPG,Tomato___healthy,tomato__healthy__healthy,tomato,healthy,Healthy Leaf,256,256,3,1.0,RGB,JPEG,13.4,True,
datasets/raw/plantvillage/raw/color/Tomato___healthy/9662364c-aaba-45e3-b907-10792d60578c___GH_HL Leaf 220.JPG,9662364c-aaba-45e3-b907-10792d60578c___GH_HL Leaf 220.JPG,Tomato___healthy,tomato__healthy__healthy,tomato,healthy,Healthy Leaf,256,256,3,1.0,RGB,JPEG,17.75,True,
datasets/raw/plantvillage/raw/color/Tomato___healthy/7bb3bc73-873b-454c-82cf-a12cb0eb37fc___RS_HL 0206.JPG,7bb3bc73-873b-454c-82cf-a12cb0eb37fc___RS_HL 0206.JPG,Tomato___healthy,tomato__healthy__healthy,tomato,healthy,Healthy Leaf,256,256,3,1.0,RGB,JPEG,23.55,True,
datasets/raw/plantvillage/raw/color/Tomato___healthy/b67b2bfe-af4a-45ce-8df0-ab679ac9c559___RS_HL 9797.JPG,b67b2bfe-af4a-45ce-8df0-ab679ac9c559___RS_HL 9797.JPG,Tomato___healthy,tomato__healthy__healthy,tomato,healthy,Healthy Leaf,256,256,3,1.0,RGB,JPEG,24.83,True,
datasets/raw/plantvillage/raw/color/Tomato___healthy/6bcd0525-7b7a-4503-aff0-73cc04db5105___RS_HL 9916.JPG,6bcd0525-7b7a-4503-aff0-73cc04db5105___RS_HL 9916.JPG,Tomato___healthy,tomato__healthy__healthy,tomato,healthy,Healthy Leaf,256,256,3,1.0,RGB,JPEG,23.57,True,
datasets/raw/plantvillage/raw/color/Tomato___healthy/50653809-a548-4b7e-898d-6e3dac85ac8d___RS_HL 9855.JPG,50653809-a548-4b7e-898d-6e3dac85ac8d___RS_HL 9855.JPG,Tomato___healthy,tomato__healthy__healthy,tomato,healthy,Healthy Leaf,256,256,3,1.0,RGB,JPEG,23.02,True,
datasets/raw/plantvillage/raw/color/Tomato___healthy/47b93075-4991-4f6a-8510-5fe75a73567f___RS_HL 9719.JPG,47b93075-4991-4f6a-8510-5fe75a73567f___RS_HL 9719.JPG,Tomato___healthy,tomato__healthy__healthy,tomato,healthy,Healthy Leaf,256,256,3,1.0,RGB,JPEG,25.79,True,
datasets/raw/plantvillage/raw/color/Tomato___healthy/aa464ad5-f7d0-44ee-9042-fb4a4a64b7cd___RS_HL 9936.JPG,aa464ad5-f7d0-44ee-9042-fb4a4a64b7cd___RS_HL 9936.JPG,Tomato___healthy,tomato__healthy__healthy,tomato,healthy,Healthy Leaf,256,256,3,1.0,RGB,JPEG,25.4,True,
datasets/raw/plantvillage/raw/color/Tomato___healthy/ab203172-45d2-492f-94e0-6d15a1d34209___RS_HL 9831.JPG,ab203172-45d2-492f-94e0-6d15a1d34209___RS_HL 9831.JPG,Tomato___healthy,tomato__healthy__healthy,tomato,healthy,Healthy Leaf,256,256,3,1.0,RGB,JPEG,24.68,True,
datasets/raw/plantvillage/raw/color/Tomato___healthy/3d1ab8b2-d61c-4ab1-9222-52bf63eb0315___RS_HL 0548.JPG,3d1ab8b2-d61c-4ab1-9222-52bf63eb0315___RS_HL 0548.JPG,Tomato___healthy,tomato__healthy__healthy,tomato,healthy,Healthy Leaf,256,256,3,1.0,RGB,JPEG,27.33,True,
datasets/raw/plantvillage/raw/color/Tomato___healthy/24b7c39d-53c6-4a71-8dc0-83dff1a877d0___RS_HL 0465.JPG,24b7c39d-53c6-4a71-8dc0-83dff1a877d0___RS_HL 0465.JPG,Tomato___healthy,tomato__healthy__healthy,tomato,healthy,Healthy Leaf,256,256,3,1.0,RGB,JPEG,26.93,True,
datasets/raw/plantvillage/raw/color/Tomato___healthy/59a8b3a3-7e21-4322-befc-0d3da471bd67___GH_HL Leaf 403.1.JPG,59a8b3a3-7e21-4322-befc-0d3da471bd67___GH_HL Leaf 403.1.JPG,Tomato___healthy,tomato__healthy__healthy,tomato,healthy,Healthy Leaf,256,256,3,1.0,RGB,JPEG,13.74,True,
datasets/raw/plantvillage/raw/color/Tomato___healthy/32622151-b281-4603-9d7f-cf5df8201e4c___GH_HL Leaf 171.JPG,32622151-b281-4603-9d7f-cf5df8201e4c___GH_HL Leaf 171.JPG,Tomato___healthy,tomato__healthy__healthy,tomato,healthy,Healthy Leaf,256,256,3,1.0,RGB,JPEG,15.5,True,
datasets/raw/plantvillage/raw/color/Tomato___healthy/6456344c-0dca-4ea8-8ad9-7f2809182e73___RS_HL 9832.JPG,6456344c-0dca-4ea8-8ad9-7f2809182e73___RS_HL 9832.JPG,Tomato___healthy,tomato__healthy__healthy,tomato,healthy,Healthy Leaf,256,256,3,1.0,RGB,JPEG,23.61,True,
datasets/raw/plantvillage/raw/color/Tomato___healthy/14d46dfe-5348-428c-af6b-82b6625ce6c3___GH_HL Leaf 483.1.JPG,14d46dfe-5348-428c-af6b-82b6625ce6c3___GH_HL Leaf 483.1.JPG,Tomato___healthy,tomato__healthy__healthy,tomato,healthy,Healthy Leaf,256,256,3,1.0,RGB,JPEG,16.09,True,
datasets/raw/plantvillage/raw/color/Tomato___healthy/d5ccbb2a-258c-4963-bdd6-d7eb22f351a5___RS_HL 9946.JPG,d5ccbb2a-258c-4963-bdd6-d7eb22f351a5___RS_HL 9946.JPG,Tomato___healthy,tomato__healthy__healthy,tomato,healthy,Healthy Leaf,256,256,3,1.0,RGB,JPEG,24.55,True,
datasets/raw/plantvillage/raw/color/Tomato___healthy/a8264fd4-d1e7-4114-b1e1-51b0f141db03___GH_HL Leaf 243.JPG,a8264fd4-d1e7-4114-b1e1-51b0f141db03___GH_HL Leaf 243.JPG,Tomato___healthy,tomato__healthy__healthy,tomato,healthy,Healthy Leaf,256,256,3,1.0,RGB,JPEG,18.67,True,
datasets/raw/plantvillage/raw/color/Tomato___healthy/59f54d36-b98b-4271-88ed-7a9672907bee___RS_HL 0519.JPG,59f54d36-b98b-4271-88ed-7a9672907bee___RS_HL 0519.JPG,Tomato___healthy,tomato__healthy__healthy,tomato,healthy,Healthy Leaf,256,256,3,1.0,RGB,JPEG,25.96,True,
datasets/raw/plantvillage/raw/color/Tomato___healthy/9dfa9d89-0a19-4e22-81c1-07c54a21f982___RS_HL 9768.JPG,9dfa9d89-0a19-4e22-81c1-07c54a21f982___RS_HL 9768.JPG,Tomato___healthy,tomato__healthy__healthy,tomato,healthy,Healthy Leaf,256,256,3,1.0,RGB,JPEG,24.72,True,
datasets/raw/plantvillage/raw/color/Tomato___healthy/09e0f4bb-e933-4969-8097-58cf47065790___RS_HL 0387.JPG,09e0f4bb-e933-4969-8097-58cf47065790___RS_HL 0387.JPG,Tomato___healthy,tomato__healthy__healthy,tomato,healthy,Healthy Leaf,256,256,3,1.0,RGB,JPEG,25.08,True,
datasets/raw/plantvillage/raw/color/Tomato___healthy/c1c04a55-0dd5-48e2-9cc6-76bbcc1899fd___GH_HL Leaf 340.1.JPG,c1c04a55-0dd5-48e2-9cc6-76bbcc1899fd___GH_HL Leaf 340.1.JPG,Tomato___healthy,tomato__healthy__healthy,tomato,healthy,Healthy Leaf,256,256,3,1.0,RGB,JPEG,16.3,True,
datasets/raw/plantvillage/raw/color/Tomato___healthy/35f9364b-1ec2-42ee-99f4-3cdeda433f92___RS_HL 9778.JPG,35f9364b-1ec2-42ee-99f4-3cdeda433f92___RS_HL 9778.JPG,Tomato___healthy,tomato__healthy__healthy,tomato,healthy,Healthy Leaf,256,256,3,1.0,RGB,JPEG,24.81,True,
datasets/raw/plantvillage/raw/color/Tomato___healthy/eb2c25bd-b896-45f1-b3a2-7ca6b78c219d___GH_HL Leaf 351.JPG,eb2c25bd-b896-45f1-b3a2-7ca6b78c219d___GH_HL Leaf 351.JPG,Tomato___healthy,tomato__healthy__healthy,tomato,healthy,Healthy Leaf,256,256,3,1.0,RGB,JPEG,18.79,True,
datasets/raw/plantvillage/raw/color/Tomato___healthy/0864ab65-d40d-4902-8213-09df86cf049e___GH_HL Leaf 400.JPG,0864ab65-d40d-4902-8213-09df86cf049e___GH_HL Leaf 400.JPG,Tomato___healthy,tomato__healthy__healthy,tomato,healthy,Healthy Leaf,256,256,3,1.0,RGB,JPEG,13.91,True,
datasets/raw/plantvillage/raw/color/Tomato___healthy/fd2fa9cc-2147-40ff-9e71-0056eb7884ed___GH_HL Leaf 285.JPG,fd2fa9cc-2147-40ff-9e71-0056eb7884ed___GH_HL Leaf 285.JPG,Tomato___healthy,tomato__healthy__healthy,tomato,healthy,Healthy Leaf,256,256,3,1.0,RGB,JPEG,14.88,True,
datasets/raw/plantvillage/raw/color/Tomato___healthy/b89c8996-9a04-45fe-a517-97e23227881c___GH_HL Leaf 430.JPG,b89c8996-9a04-45fe-a517-97e23227881c___GH_HL Leaf 430.JPG,Tomato___healthy,tomato__healthy__healthy,tomato,healthy,Healthy Leaf,256,256,3,1.0,RGB,JPEG,13.34,True,
datasets/raw/plantvillage/raw/color/Tomato___healthy/4946ed4e-9003-485c-830f-1ef42bf78185___RS_HL 0191.JPG,4946ed4e-9003-485c-830f-1ef42bf78185___RS_HL 0191.JPG,Tomato___healthy,tomato__healthy__healthy,tomato,healthy,Healthy Leaf,256,256,3,1.0,RGB,JPEG,26.47,True,
datasets/raw/plantvillage/raw/color/Tomato___healthy/8834fdc1-4946-4cfc-a569-80eabaeebe1d___RS_HL 0154.JPG,8834fdc1-4946-4cfc-a569-80eabaeebe1d___RS_HL 0154.JPG,Tomato___healthy,tomato__healthy__healthy,tomato,healthy,Healthy Leaf,256,256,3,1.0,RGB,JPEG,25.45,True,
datasets/raw/plantvillage/raw/color/Tomato___healthy/541d6033-1cc7-4c86-a37b-423bc08d25a7___RS_HL 9973.JPG,541d6033-1cc7-4c86-a37b-423bc08d25a7___RS_HL 9973.JPG,Tomato___healthy,tomato__healthy__healthy,tomato,healthy,Healthy Leaf,256,256,3,1.0,RGB,JPEG,24.78,True,
datasets/raw/plantvillage/raw/color/Tomato___healthy/062c4b5a-59d7-4bc8-a1d0-abdeb6fc9c0e___RS_HL 0295.JPG,062c4b5a-59d7-4bc8-a1d0-abdeb6fc9c0e___RS_HL 0295.JPG,Tomato___healthy,tomato__healthy__healthy,tomato,healthy,Healthy Leaf,256,256,3,1.0,RGB,JPEG,26.77,True,
datasets/raw/plantvillage/raw/color/Tomato___healthy/f44c5128-2575-4fda-82c7-9954ead65027___GH_HL Leaf 384.JPG,f44c5128-2575-4fda-82c7-9954ead65027___GH_HL Leaf 384.JPG,Tomato___healthy,tomato__healthy__healthy,tomato,healthy,Healthy Leaf,256,256,3,1.0,RGB,JPEG,12.14,True,
datasets/raw/plantvillage/raw/color/Tomato___healthy/8edbb3bf-ae44-4870-9c39-cd33fd088a55___RS_HL 0429.JPG,8edbb3bf-ae44-4870-9c39-cd33fd088a55___RS_HL 0429.JPG,Tomato___healthy,tomato__healthy__healthy,tomato,healthy,Healthy Leaf,256,256,3,1.0,RGB,JPEG,25.37,True,
datasets/raw/plantvillage/raw/color/Tomato___healthy/d3997d9d-f607-44f2-9473-b41db6b1116b___GH_HL Leaf 473.JPG,d3997d9d-f607-44f2-9473-b41db6b1116b___GH_HL Leaf 473.JPG,Tomato___healthy,tomato__healthy__healthy,tomato,healthy,Healthy Leaf,256,256,3,1.0,RGB,JPEG,14.55,True,
datasets/raw/plantvillage/raw/color/Tomato___healthy/80d49051-a7ab-4e01-9370-08ba47aee1d3___RS_HL 0566.JPG,80d49051-a7ab-4e01-9370-08ba47aee1d3___RS_HL 0566.JPG,Tomato___healthy,tomato__healthy__healthy,tomato,healthy,Healthy Leaf,256,256,3,1.0,RGB,JPEG,26.93,True,
datasets/raw/plantvillage/raw/color/Tomato___healthy/5015e0d2-a6e3-4859-aceb-78089d1b60f7___GH_HL Leaf 186.2.JPG,5015e0d2-a6e3-4859-aceb-78089d1b60f7___GH_HL Leaf 186.2.JPG,Tomato___healthy,tomato__healthy__healthy,tomato,healthy,Healthy Leaf,256,256,3,1.0,RGB,JPEG,19.28,True,
datasets/raw/plantvillage/raw/color/Tomato___healthy/4565ba85-5676-49cf-beac-79832cd30067___RS_HL 0639.JPG,4565ba85-5676-49cf-beac-79832cd30067___RS_HL 0639.JPG,Tomato___healthy,tomato__healthy__healthy,tomato,healthy,Healthy Leaf,256,256,3,1.0,RGB,JPEG,23.19,True,
datasets/raw/plantvillage/raw/color/Tomato___healthy/1bd9f661-9b9c-4faf-80ab-86a8a64a8bc2___RS_HL 0271.JPG,1bd9f661-9b9c-4faf-80ab-86a8a64a8bc2___RS_HL 0271.JPG,Tomato___healthy,tomato__healthy__healthy,tomato,healthy,Healthy Leaf,256,256,3,1.0,RGB,JPEG,26.26,True,
datasets/raw/plantvillage/raw/color/Tomato___healthy/d764f501-de57-47f4-a648-c5ece8ec59b2___RS_HL 0409.JPG,d764f501-de57-47f4-a648-c5ece8ec59b2___RS_HL 0409.JPG,Tomato___healthy,tomato__healthy__healthy,tomato,healthy,Healthy Leaf,256,256,3,1.0,RGB,JPEG,25.74,True,
datasets/raw/plantvillage/raw/color/Tomato___healthy/bb49e566-90cf-48c2-ae3a-83b7f362b703___RS_HL 0347.JPG,bb49e566-90cf-48c2-ae3a-83b7f362b703___RS_HL 0347.JPG,Tomato___healthy,tomato__healthy__healthy,tomato,healthy,Healthy Leaf,256,256,3,1.0,RGB,JPEG,24.74,True,
datasets/raw/plantvillage/raw/color/Tomato___healthy/635f7ae3-1561-4006-9c23-f9150ca50b78___RS_HL 9967.JPG,635f7ae3-1561-4006-9c23-f9150ca50b78___RS_HL 9967.JPG,Tomato___healthy,tomato__healthy__healthy,tomato,healthy,Healthy Leaf,256,256,3,1.0,RGB,JPEG,26.12,True,
datasets/raw/plantvillage/raw/color/Tomato___healthy/0922314c-48ce-4a7b-a042-68fecb43a228___RS_HL 0260.JPG,0922314c-48ce-4a7b-a042-68fecb43a228___RS_HL 0260.JPG,Tomato___healthy,tomato__healthy__healthy,tomato,healthy,Healthy Leaf,256,256,3,1.0,RGB,JPEG,27.12,True,
datasets/raw/plantvillage/raw/color/Tomato___healthy/839daf12-8d8b-478e-b214-2d5dd0fa509a___GH_HL Leaf 445.1.JPG,839daf12-8d8b-478e-b214-2d5dd0fa509a___GH_HL Leaf 445.1.JPG,Tomato___healthy,tomato__healthy__healthy,tomato,healthy,Healthy Leaf,256,256,3,1.0,RGB,JPEG,14.99,True,
datasets/raw/plantvillage/raw/color/Tomato___healthy/6c4da977-110b-4191-abfa-faa22ccc7dc7___RS_HL 9848.JPG,6c4da977-110b-4191-abfa-faa22ccc7dc7___RS_HL 9848.JPG,Tomato___healthy,tomato__healthy__healthy,tomato,healthy,Healthy Leaf,256,256,3,1.0,RGB,JPEG,25.61,True,
datasets/raw/plantvillage/raw/color/Tomato___healthy/b8af2ce5-8429-4842-8ebc-c9d1ac9ed96f___GH_HL Leaf 301.JPG,b8af2ce5-8429-4842-8ebc-c9d1ac9ed96f___GH_HL Leaf 301.JPG,Tomato___healthy,tomato__healthy__healthy,tomato,healthy,Healthy Leaf,256,256,3,1.0,RGB,JPEG,18.04,True,
datasets/raw/plantvillage/raw/color/Tomato___healthy/63612a6e-c1f1-4ae1-9741-52c28b264dfa___GH_HL Leaf 464.JPG,63612a6e-c1f1-4ae1-9741-52c28b264dfa___GH_HL Leaf 464.JPG,Tomato___healthy,tomato__healthy__healthy,tomato,healthy,Healthy Leaf,256,256,3,1.0,RGB,JPEG,12.94,True,
datasets/raw/plantvillage/raw/color/Tomato___healthy/0782c04b-2a91-4e10-89a7-cf3d3e48be82___RS_HL 9645.JPG,0782c04b-2a91-4e10-89a7-cf3d3e48be82___RS_HL 9645.JPG,Tomato___healthy,tomato__healthy__healthy,tomato,healthy,Healthy Leaf,256,256,3,1.0,RGB,JPEG,23.82,True,
datasets/raw/plantvillage/raw/color/Tomato___healthy/c7f91fa4-3769-45ef-a494-1669ee62ee7a___RS_HL 9812.JPG,c7f91fa4-3769-45ef-a494-1669ee62ee7a___RS_HL 9812.JPG,Tomato___healthy,tomato__healthy__healthy,tomato,healthy,Healthy Leaf,256,256,3,1.0,RGB,JPEG,25.37,True,
datasets/raw/plantvillage/raw/color/Tomato___healthy/5630c5b1-a956-4a34-879a-eb1cb89d22d1___RS_HL 9806.JPG,5630c5b1-a956-4a34-879a-eb1cb89d22d1___RS_HL 9806.JPG,Tomato___healthy,tomato__healthy__healthy,tomato,healthy,Healthy Leaf,256,256,3,1.0,RGB,JPEG,25.36,True,
datasets/raw/plantvillage/raw/color/Tomato___healthy/8e117b61-5360-49c8-aa55-4e90f8fae129___GH_HL Leaf 261.JPG,8e117b61-5360-49c8-aa55-4e90f8fae129___GH_HL Leaf 261.JPG,Tomato___healthy,tomato__healthy__healthy,tomato,healthy,Healthy Leaf,256,256,3,1.0,RGB,JPEG,16.63,True,
datasets/raw/plantvillage/raw/color/Tomato___healthy/4a1e2b71-992a-4a64-a599-b49b8fa75378___RS_HL 0627.JPG,4a1e2b71-992a-4a64-a599-b49b8fa75378___RS_HL 0627.JPG,Tomato___healthy,tomato__healthy__healthy,tomato,healthy,Healthy Leaf,256,256,3,1.0,RGB,JPEG,24.67,True,
datasets/raw/plantvillage/raw/color/Tomato___healthy/dc51f65e-d2d7-43f1-be27-063700a89eba___RS_HL 9951.JPG,dc51f65e-d2d7-43f1-be27-063700a89eba___RS_HL 9951.JPG,Tomato___healthy,tomato__healthy__healthy,tomato,healthy,Healthy Leaf,256,256,3,1.0,RGB,JPEG,26.34,True,
datasets/raw/plantvillage/raw/color/Tomato___healthy/4e3f33a1-04a8-4d15-b36c-f757800f766f___RS_HL 0556.JPG,4e3f33a1-04a8-4d15-b36c-f757800f766f___RS_HL 0556.JPG,Tomato___healthy,tomato__healthy__healthy,tomato,healthy,Healthy Leaf,256,256,3,1.0,RGB,JPEG,26.43,True,
datasets/raw/plantvillage/raw/color/Tomato___healthy/4c0fe9e1-bbe4-40dc-8a83-97a437693a23___RS_HL 0228.JPG,4c0fe9e1-bbe4-40dc-8a83-97a437693a23___RS_HL 0228.JPG,Tomato___healthy,tomato__healthy__healthy,tomato,healthy,Healthy Leaf,256,256,3,1.0,RGB,JPEG,24.72,True,
datasets/raw/plantvillage/raw/color/Tomato___healthy/b5453c78-26b4-40ef-a460-c878eb82fcea___RS_HL 9968.JPG,b5453c78-26b4-40ef-a460-c878eb82fcea___RS_HL 9968.JPG,Tomato___healthy,tomato__healthy__healthy,tomato,healthy,Healthy Leaf,256,256,3,1.0,RGB,JPEG,24.83,True,
datasets/raw/plantvillage/raw/color/Tomato___healthy/3e4cc1b0-e071-4b9e-a944-21de55b99fc3___RS_HL 0292.JPG,3e4cc1b0-e071-4b9e-a944-21de55b99fc3___RS_HL 0292.JPG,Tomato___healthy,tomato__healthy__healthy,tomato,healthy,Healthy Leaf,256,256,3,1.0,RGB,JPEG,26.24,True,
datasets/raw/plantvillage/raw/color/Tomato___healthy/2a99d5af-218f-4332-a8ce-505301abdbfe___RS_HL 9693.JPG,2a99d5af-218f-4332-a8ce-505301abdbfe___RS_HL 9693.JPG,Tomato___healthy,tomato__healthy__healthy,tomato,healthy,Healthy Leaf,256,256,3,1.0,RGB,JPEG,25.26,True,
datasets/raw/plantvillage/raw/color/Tomato___healthy/f2b8486a-71c9-43e2-8eb6-36476905dd40___GH_HL Leaf 346.JPG,f2b8486a-71c9-43e2-8eb6-36476905dd40___GH_HL Leaf 346.JPG,Tomato___healthy,tomato__healthy__healthy,tomato,healthy,Healthy Leaf,256,256,3,1.0,RGB,JPEG,18.06,True,
datasets/raw/plantvillage/raw/color/Tomato___healthy/c978eccc-99c6-45d0-879c-713167f863f4___RS_HL 9888.JPG,c978eccc-99c6-45d0-879c-713167f863f4___RS_HL 9888.JPG,Tomato___healthy,tomato__healthy__healthy,tomato,healthy,Healthy Leaf,256,256,3,1.0,RGB,JPEG,27.13,True,
datasets/raw/plantvillage/raw/color/Tomato___healthy/8f3da0fb-90a0-4eac-b065-822895c41c54___GH_HL Leaf 265.1.JPG,8f3da0fb-90a0-4eac-b065-822895c41c54___GH_HL Leaf 265.1.JPG,Tomato___healthy,tomato__healthy__healthy,tomato,healthy,Healthy Leaf,256,256,3,1.0,RGB,JPEG,15.04,True,
datasets/raw/plantvillage/raw/color/Tomato___healthy/69d1a3dc-54cd-4917-99b7-a315d7932edf___GH_HL Leaf 347.1.JPG,69d1a3dc-54cd-4917-99b7-a315d7932edf___GH_HL Leaf 347.1.JPG,Tomato___healthy,tomato__healthy__healthy,tomato,healthy,Healthy Leaf,256,256,3,1.0,RGB,JPEG,16.13,True,
datasets/raw/plantvillage/raw/color/Tomato___healthy/eb4c170f-af95-48f6-a5da-7e23da76a8e7___GH_HL Leaf 247.1.JPG,eb4c170f-af95-48f6-a5da-7e23da76a8e7___GH_HL Leaf 247.1.JPG,Tomato___healthy,tomato__healthy__healthy,tomato,healthy,Healthy Leaf,256,256,3,1.0,RGB,JPEG,20.01,True,
datasets/raw/plantvillage/raw/color/Tomato___healthy/a45cff7d-8ae1-4de9-8479-cb0d2dfc6b0f___RS_HL 9863.JPG,a45cff7d-8ae1-4de9-8479-cb0d2dfc6b0f___RS_HL 9863.JPG,Tomato___healthy,tomato__healthy__healthy,tomato,healthy,Healthy Leaf,256,256,3,1.0,RGB,JPEG,24.55,True,
datasets/raw/plantvillage/raw/color/Tomato___healthy/fd75c626-bda9-4388-8b29-75d40ea7c6d4___RS_HL 0041.JPG,fd75c626-bda9-4388-8b29-75d40ea7c6d4___RS_HL 0041.JPG,Tomato___healthy,tomato__healthy__healthy,tomato,healthy,Healthy Leaf,256,256,3,1.0,RGB,JPEG,24.89,True,
datasets/raw/plantvillage/raw/color/Tomato___healthy/cdfe9df9-c3de-4660-8543-13911f281e47___RS_HL 0496.JPG,cdfe9df9-c3de-4660-8543-13911f281e47___RS_HL 0496.JPG,Tomato___healthy,tomato__healthy__healthy,tomato,healthy,Healthy Leaf,256,256,3,1.0,RGB,JPEG,27.0,True,
datasets/raw/plantvillage/raw/color/Tomato___healthy/647d15d1-5520-458d-92a4-bd647bbccb90___RS_HL 9934.JPG,647d15d1-5520-458d-92a4-bd647bbccb90___RS_HL 9934.JPG,Tomato___healthy,tomato__healthy__healthy,tomato,healthy,Healthy Leaf,256,256,3,1.0,RGB,JPEG,23.89,True,
datasets/raw/plantvillage/raw/color/Tomato___healthy/65d89a16-45b5-4ce7-9dad-f702c4b14e95___RS_HL 9896.JPG,65d89a16-45b5-4ce7-9dad-f702c4b14e95___RS_HL 9896.JPG,Tomato___healthy,tomato__healthy__healthy,tomato,healthy,Healthy Leaf,256,256,3,1.0,RGB,JPEG,26.63,True,
datasets/raw/plantvillage/raw/color/Tomato___healthy/0de16216-510d-48c1-9ef0-78ce39328ff2___GH_HL Leaf 240.JPG,0de16216-510d-48c1-9ef0-78ce39328ff2___GH_HL Leaf 240.JPG,Tomato___healthy,tomato__healthy__healthy,tomato,healthy,Healthy Leaf,256,256,3,1.0,RGB,JPEG,17.92,True,
datasets/raw/plantvillage/raw/color/Tomato___healthy/7e0f5a39-e44e-40fe-8486-f369cb59895b___RS_HL 9790.JPG,7e0f5a39-e44e-40fe-8486-f369cb59895b___RS_HL 9790.JPG,Tomato___healthy,tomato__healthy__healthy,tomato,healthy,Healthy Leaf,256,256,3,1.0,RGB,JPEG,20.67,True,
datasets/raw/plantvillage/raw/color/Tomato___healthy/e7ca6603-d0c1-4bad-bc53-a45cfebb156f___GH_HL Leaf 355.1.JPG,e7ca6603-d0c1-4bad-bc53-a45cfebb156f___GH_HL Leaf 355.1.JPG,Tomato___healthy,tomato__healthy__healthy,tomato,healthy,Healthy Leaf,256,256,3,1.0,RGB,JPEG,17.38,True,
datasets/raw/plantvillage/raw/color/Tomato___healthy/f2dc7ab2-444b-413b-b745-03350259c1fc___RS_HL 0326.JPG,f2dc7ab2-444b-413b-b745-03350259c1fc___RS_HL 0326.JPG,Tomato___healthy,tomato__healthy__healthy,tomato,healthy,Healthy Leaf,256,256,3,1.0,RGB,JPEG,25.59,True,
datasets/raw/plantvillage/raw/color/Tomato___healthy/96a7aed7-5548-4977-92a9-10cc2282e84a___RS_HL 0204.JPG,96a7aed7-5548-4977-92a9-10cc2282e84a___RS_HL 0204.JPG,Tomato___healthy,tomato__healthy__healthy,tomato,healthy,Healthy Leaf,256,256,3,1.0,RGB,JPEG,24.79,True,
datasets/raw/plantvillage/raw/color/Tomato___healthy/43014e59-9f8f-4e30-9548-22afff8a0d65___RS_HL 0201.JPG,43014e59-9f8f-4e30-9548-22afff8a0d65___RS_HL 0201.JPG,Tomato___healthy,tomato__healthy__healthy,tomato,healthy,Healthy Leaf,256,256,3,1.0,RGB,JPEG,24.45,True,
datasets/raw/plantvillage/raw/color/Tomato___healthy/719352b5-1b4c-41e5-a517-3dfde18c13ef___RS_HL 0300.JPG,719352b5-1b4c-41e5-a517-3dfde18c13ef___RS_HL 0300.JPG,Tomato___healthy,tomato__healthy__healthy,tomato,healthy,Healthy Leaf,256,256,3,1.0,RGB,JPEG,26.8,True,
datasets/raw/plantvillage/raw/color/Tomato___healthy/ce9a5c21-e77d-4db4-baa3-d03c24e360b0___GH_HL Leaf 281.JPG,ce9a5c21-e77d-4db4-baa3-d03c24e360b0___GH_HL Leaf 281.JPG,Tomato___healthy,tomato__healthy__healthy,tomato,healthy,Healthy Leaf,256,256,3,1.0,RGB,JPEG,19.0,True,
datasets/raw/plantvillage/raw/color/Tomato___healthy/e2f520b1-ac21-445b-9a3f-cb6e506e3044___RS_HL 0381.JPG,e2f520b1-ac21-445b-9a3f-cb6e506e3044___RS_HL 0381.JPG,Tomato___healthy,tomato__healthy__healthy,tomato,healthy,Healthy Leaf,256,256,3,1.0,RGB,JPEG,26.1,True,
datasets/raw/plantvillage/raw/color/Tomato___healthy/1af0bfe1-4bcf-4b8b-be66-5d0953eb647e___GH_HL Leaf 482.2.JPG,1af0bfe1-4bcf-4b8b-be66-5d0953eb647e___GH_HL Leaf 482.2.JPG,Tomato___healthy,tomato__healthy__healthy,tomato,healthy,Healthy Leaf,256,256,3,1.0,RGB,JPEG,16.35,True,
datasets/raw/plantvillage/raw/color/Tomato___healthy/de40125f-3f01-4c7e-9406-529d033fdb52___RS_HL 0498.JPG,de40125f-3f01-4c7e-9406-529d033fdb52___RS_HL 0498.JPG,Tomato___healthy,tomato__healthy__healthy,tomato,healthy,Healthy Leaf,256,256,3,1.0,RGB,JPEG,28.09,True,
datasets/raw/plantvillage/raw/color/Tomato___healthy/cf6c530d-522f-4990-9d02-3445623266d7___RS_HL 0364.JPG,cf6c530d-522f-4990-9d02-3445623266d7___RS_HL 0364.JPG,Tomato___healthy,tomato__healthy__healthy,tomato,healthy,Healthy Leaf,256,256,3,1.0,RGB,JPEG,24.46,True,
datasets/raw/plantvillage/raw/color/Tomato___healthy/3005a6ed-8ede-4bc5-ab3c-a54f87c45716___GH_HL Leaf 353.1.JPG,3005a6ed-8ede-4bc5-ab3c-a54f87c45716___GH_HL Leaf 353.1.JPG,Tomato___healthy,tomato__healthy__healthy,tomato,healthy,Healthy Leaf,256,256,3,1.0,RGB,JPEG,16.81,True,
datasets/raw/plantvillage/raw/color/Tomato___healthy/e545c1a3-4e0a-4951-be42-4d41a14441d7___GH_HL Leaf 211.JPG,e545c1a3-4e0a-4951-be42-4d41a14441d7___GH_HL Leaf 211.JPG,Tomato___healthy,tomato__healthy__healthy,tomato,healthy,Healthy Leaf,256,256,3,1.0,RGB,JPEG,17.43,True,
datasets/raw/plantvillage/raw/color/Tomato___healthy/7890f4dc-0c55-454b-ab23-3b25d3d973c4___GH_HL Leaf 366.1.JPG,7890f4dc-0c55-454b-ab23-3b25d3d973c4___GH_HL Leaf 366.1.JPG,Tomato___healthy,tomato__healthy__healthy,tomato,healthy,Healthy Leaf,256,256,3,1.0,RGB,JPEG,14.34,True,
datasets/raw/plantvillage/raw/color/Tomato___healthy/982903ac-ec41-4bc3-8faf-c38a45d9b193___RS_HL 9960.JPG,982903ac-ec41-4bc3-8faf-c38a45d9b193___RS_HL 9960.JPG,Tomato___healthy,tomato__healthy__healthy,tomato,healthy,Healthy Leaf,256,256,3,1.0,RGB,JPEG,24.23,True,
datasets/raw/plantvillage/raw/color/Tomato___healthy/3ca6e178-acee-4463-9d9f-aa1636eb9df6___RS_HL 0306.JPG,3ca6e178-acee-4463-9d9f-aa1636eb9df6___RS_HL 0306.JPG,Tomato___healthy,tomato__healthy__healthy,tomato,healthy,Healthy Leaf,256,256,3,1.0,RGB,JPEG,24.23,True,
datasets/raw/plantvillage/raw/color/Tomato___healthy/1d10291e-a1ce-4309-b6a4-d034319e3875___GH_HL Leaf 251.1.JPG,1d10291e-a1ce-4309-b6a4-d034319e3875___GH_HL Leaf 251.1.JPG,Tomato___healthy,tomato__healthy__healthy,tomato,healthy,Healthy Leaf,256,256,3,1.0,RGB,JPEG,15.43,True,
datasets/raw/plantvillage/raw/color/Tomato___healthy/989dc406-c1db-4a9c-9cda-ae66f1288b9b___RS_HL 0032.JPG,989dc406-c1db-4a9c-9cda-ae66f1288b9b___RS_HL 0032.JPG,Tomato___healthy,tomato__healthy__healthy,tomato,healthy,Healthy Leaf,256,256,3,1.0,RGB,JPEG,25.69,True,
datasets/raw/plantvillage/raw/color/Tomato___healthy/6d4e6329-bb8c-417c-8d28-6241a22c0a86___GH_HL Leaf 411.JPG,6d4e6329-bb8c-417c-8d28-6241a22c0a86___GH_HL Leaf 411.JPG,Tomato___healthy,tomato__healthy__healthy,tomato,healthy,Healthy Leaf,256,256,3,1.0,RGB,JPEG,15.22,True,
datasets/raw/plantvillage/raw/color/Tomato___healthy/b2e63ab4-09d6-4b43-8767-6ce042e080b5___RS_HL 0309.JPG,b2e63ab4-09d6-4b43-8767-6ce042e080b5___RS_HL 0309.JPG,Tomato___healthy,tomato__healthy__healthy,tomato,healthy,Healthy Leaf,256,256,3,1.0,RGB,JPEG,24.78,True,
datasets/raw/plantvillage/raw/color/Tomato___healthy/b6714886-142d-44dd-9fda-f9481bb28fcb___RS_HL 9978.JPG,b6714886-142d-44dd-9fda-f9481bb28fcb___RS_HL 9978.JPG,Tomato___healthy,tomato__healthy__healthy,tomato,healthy,Healthy Leaf,256,256,3,1.0,RGB,JPEG,24.08,True,
datasets/raw/plantvillage/raw/color/Tomato___healthy/225003c5-d8a1-48ce-b315-42df4b99c51a___RS_HL 0464.JPG,225003c5-d8a1-48ce-b315-42df4b99c51a___RS_HL 0464.JPG,Tomato___healthy,tomato__healthy__healthy,tomato,healthy,Healthy Leaf,256,256,3,1.0,RGB,JPEG,24.36,True,
datasets/raw/plantvillage/raw/color/Tomato___healthy/6949b108-03f0-4cee-b91a-bb5b23e93249___GH_HL Leaf 331.3.JPG,6949b108-03f0-4cee-b91a-bb5b23e93249___GH_HL Leaf 331.3.JPG,Tomato___healthy,tomato__healthy__healthy,tomato,healthy,Healthy Leaf,256,256,3,1.0,RGB,JPEG,18.32,True,
datasets/raw/plantvillage/raw/color/Tomato___healthy/3b97d56b-a10d-4518-a332-a16f58238d6c___RS_HL 0240.JPG,3b97d56b-a10d-4518-a332-a16f58238d6c___RS_HL 0240.JPG,Tomato___healthy,tomato__healthy__healthy,tomato,healthy,Healthy Leaf,256,256,3,1.0,RGB,JPEG,26.0,True,
datasets/raw/plantvillage/raw/color/Tomato___healthy/7f7b6cff-3d29-45ad-a0df-56f568289be9___GH_HL Leaf 506.1.JPG,7f7b6cff-3d29-45ad-a0df-56f568289be9___GH_HL Leaf 506.1.JPG,Tomato___healthy,tomato__healthy__healthy,tomato,healthy,Healthy Leaf,256,256,3,1.0,RGB,JPEG,14.88,True,
datasets/raw/plantvillage/raw/color/Tomato___healthy/7ad747e8-af36-4128-a819-b35e55c93b56___GH_HL Leaf 489.1.JPG,7ad747e8-af36-4128-a819-b35e55c93b56___GH_HL Leaf 489.1.JPG,Tomato___healthy,tomato__healthy__healthy,tomato,healthy,Healthy Leaf,256,256,3,1.0,RGB,JPEG,14.06,True,
datasets/raw/plantvillage/raw/color/Tomato___healthy/e8d0f3de-312b-4316-aca4-798a51ebd423___GH_HL Leaf 520.1.JPG,e8d0f3de-312b-4316-aca4-798a51ebd423___GH_HL Leaf 520.1.JPG,Tomato___healthy,tomato__healthy__healthy,tomato,healthy,Healthy Leaf,256,256,3,1.0,RGB,JPEG,15.22,True,
datasets/raw/plantvillage/raw/color/Tomato___healthy/41b01db4-dcc7-4f71-8d24-11a581577f71___RS_HL 9715.JPG,41b01db4-dcc7-4f71-8d24-11a581577f71___RS_HL 9715.JPG,Tomato___healthy,tomato__healthy__healthy,tomato,healthy,Healthy Leaf,256,256,3,1.0,RGB,JPEG,25.07,True,
datasets/raw/plantvillage/raw/color/Tomato___healthy/20d3ba25-f161-4ede-a42a-7a3020ebda3d___RS_HL 0124.JPG,20d3ba25-f161-4ede-a42a-7a3020ebda3d___RS_HL 0124.JPG,Tomato___healthy,tomato__healthy__healthy,tomato,healthy,Healthy Leaf,256,256,3,1.0,RGB,JPEG,25.05,True,
datasets/raw/plantvillage/raw/color/Tomato___healthy/66b194fd-6db3-453c-b851-e82862db9c24___RS_HL 0019.JPG,66b194fd-6db3-453c-b851-e82862db9c24___RS_HL 0019.JPG,Tomato___healthy,tomato__healthy__healthy,tomato,healthy,Healthy Leaf,256,256,3,1.0,RGB,JPEG,21.17,True,
datasets/raw/plantvillage/raw/color/Tomato___healthy/4c70f748-028a-49d2-92b6-3bf77d33bb9e___RS_HL 9786.JPG,4c70f748-028a-49d2-92b6-3bf77d33bb9e___RS_HL 9786.JPG,Tomato___healthy,tomato__healthy__healthy,tomato,healthy,Healthy Leaf,256,256,3,1.0,RGB,JPEG,24.42,True,
datasets/raw/plantvillage/raw/color/Tomato___healthy/1a0c4408-634e-4bd5-948d-e73ca5572976___RS_HL 0146.JPG,1a0c4408-634e-4bd5-948d-e73ca5572976___RS_HL 0146.JPG,Tomato___healthy,tomato__healthy__healthy,tomato,healthy,Healthy Leaf,256,256,3,1.0,RGB,JPEG,25.19,True,
datasets/raw/plantvillage/raw/color/Tomato___healthy/a6bd221d-9a81-4712-bfdb-9f529f422b37___RS_HL 0236.JPG,a6bd221d-9a81-4712-bfdb-9f529f422b37___RS_HL 0236.JPG,Tomato___healthy,tomato__healthy__healthy,tomato,healthy,Healthy Leaf,256,256,3,1.0,RGB,JPEG,26.3,True,
datasets/raw/plantvillage/raw/color/Tomato___healthy/188107b9-d61f-4084-94da-4d5f8d9eedc1___RS_HL 0553.JPG,188107b9-d61f-4084-94da-4d5f8d9eedc1___RS_HL 0553.JPG,Tomato___healthy,tomato__healthy__healthy,tomato,healthy,Healthy Leaf,256,256,3,1.0,RGB,JPEG,26.06,True,
datasets/raw/plantvillage/raw/color/Tomato___healthy/6883c31a-78b4-406a-9605-b6b31e0932cc___RS_HL 0037.JPG,6883c31a-78b4-406a-9605-b6b31e0932cc___RS_HL 0037.JPG,Tomato___healthy,tomato__healthy__healthy,tomato,healthy,Healthy Leaf,256,256,3,1.0,RGB,JPEG,23.94,True,
datasets/raw/plantvillage/raw/color/Tomato___healthy/f81def4f-22a7-4036-bfab-51b245f4a2ab___RS_HL 0055.JPG,f81def4f-22a7-4036-bfab-51b245f4a2ab___RS_HL 0055.JPG,Tomato___healthy,tomato__healthy__healthy,tomato,healthy,Healthy Leaf,256,256,3,1.0,RGB,JPEG,23.32,True,
datasets/raw/plantvillage/raw/color/Tomato___healthy/2ee6d2c6-a766-422c-a710-e89582d8155e___GH_HL Leaf 470.JPG,2ee6d2c6-a766-422c-a710-e89582d8155e___GH_HL Leaf 470.JPG,Tomato___healthy,tomato__healthy__healthy,tomato,healthy,Healthy Leaf,256,256,3,1.0,RGB,JPEG,13.04,True,
datasets/raw/plantvillage/raw/color/Tomato___healthy/846276ae-4ccd-45ba-9a46-f913d04a9456___RS_HL 0012.JPG,846276ae-4ccd-45ba-9a46-f913d04a9456___RS_HL 0012.JPG,Tomato___healthy,tomato__healthy__healthy,tomato,healthy,Healthy Leaf,256,256,3,1.0,RGB,JPEG,23.74,True,
datasets/raw/plantvillage/raw/color/Tomato___healthy/ca9e9564-bf57-4e2e-837f-a847db99a316___GH_HL Leaf 401.JPG,ca9e9564-bf57-4e2e-837f-a847db99a316___GH_HL Leaf 401.JPG,Tomato___healthy,tomato__healthy__healthy,tomato,healthy,Healthy Leaf,256,256,3,1.0,RGB,JPEG,14.21,True,
datasets/raw/plantvillage/raw/color/Tomato___healthy/95973ed9-f9a8-4c71-b232-432f61020fe3___GH_HL Leaf 412.JPG,95973ed9-f9a8-4c71-b232-432f61020fe3___GH_HL Leaf 412.JPG,Tomato___healthy,tomato__healthy__healthy,tomato,healthy,Healthy Leaf,256,256,3,1.0,RGB,JPEG,18.75,True,
datasets/raw/plantvillage/raw/color/Tomato___healthy/3767f857-a7b6-4801-b56e-b62e642fc508___RS_HL 0425.JPG,3767f857-a7b6-4801-b56e-b62e642fc508___RS_HL 0425.JPG,Tomato___healthy,tomato__healthy__healthy,tomato,healthy,Healthy Leaf,256,256,3,1.0,RGB,JPEG,25.83,True,
datasets/raw/plantvillage/raw/color/Tomato___healthy/0576ef4b-c843-4dfb-b148-c917f7d605b7___GH_HL Leaf 299.JPG,0576ef4b-c843-4dfb-b148-c917f7d605b7___GH_HL Leaf 299.JPG,Tomato___healthy,tomato__healthy__healthy,tomato,healthy,Healthy Leaf,256,256,3,1.0,RGB,JPEG,18.51,True,
datasets/raw/plantvillage/raw/color/Tomato___healthy/293dddf9-f5e5-42de-ab68-f1cad0f69a43___GH_HL Leaf 232.JPG,293dddf9-f5e5-42de-ab68-f1cad0f69a43___GH_HL Leaf 232.JPG,Tomato___healthy,tomato__healthy__healthy,tomato,healthy,Healthy Leaf,256,256,3,1.0,RGB,JPEG,18.69,True,
datasets/raw/plantvillage/raw/color/Tomato___healthy/fc5c5672-d1e5-4374-bd99-608d95609a7f___RS_HL 0474.JPG,fc5c5672-d1e5-4374-bd99-608d95609a7f___RS_HL 0474.JPG,Tomato___healthy,tomato__healthy__healthy,tomato,healthy,Healthy Leaf,256,256,3,1.0,RGB,JPEG,28.1,True,
datasets/raw/plantvillage/raw/color/Tomato___healthy/0372686b-04b2-4a25-98da-5801747fa1af___RS_HL 0391.JPG,0372686b-04b2-4a25-98da-5801747fa1af___RS_HL 0391.JPG,Tomato___healthy,tomato__healthy__healthy,tomato,healthy,Healthy Leaf,256,256,3,1.0,RGB,JPEG,25.78,True,
datasets/raw/plantvillage/raw/color/Tomato___healthy/e3b5600f-9c88-4060-826f-aa7c972c9325___GH_HL Leaf 291.JPG,e3b5600f-9c88-4060-826f-aa7c972c9325___GH_HL Leaf 291.JPG,Tomato___healthy,tomato__healthy__healthy,tomato,healthy,Healthy Leaf,256,256,3,1.0,RGB,JPEG,18.01,True,
datasets/raw/plantvillage/raw/color/Tomato___healthy/ef55e589-0ad8-4602-be35-e0ee6aa33b8a___GH_HL Leaf 300.JPG,ef55e589-0ad8-4602-be35-e0ee6aa33b8a___GH_HL Leaf 300.JPG,Tomato___healthy,tomato__healthy__healthy,tomato,healthy,Healthy Leaf,256,256,3,1.0,RGB,JPEG,16.91,True,
datasets/raw/plantvillage/raw/color/Tomato___healthy/3f5047d4-f421-4313-9281-f333f60caadd___RS_HL 9659.JPG,3f5047d4-f421-4313-9281-f333f60caadd___RS_HL 9659.JPG,Tomato___healthy,tomato__healthy__healthy,tomato,healthy,Healthy Leaf,256,256,3,1.0,RGB,JPEG,23.94,True,
datasets/raw/plantvillage/raw/color/Tomato___healthy/71867583-027b-4304-8854-7b88efaf280b___RS_HL 9920.JPG,71867583-027b-4304-8854-7b88efaf280b___RS_HL 9920.JPG,Tomato___healthy,tomato__healthy__healthy,tomato,healthy,Healthy Leaf,256,256,3,1.0,RGB,JPEG,24.38,True,
datasets/raw/plantvillage/raw/color/Tomato___healthy/6398befe-9cd0-4724-b564-248d76b50b5a___GH_HL Leaf 196.JPG,6398befe-9cd0-4724-b564-248d76b50b5a___GH_HL Leaf 196.JPG,Tomato___healthy,tomato__healthy__healthy,tomato,healthy,Healthy Leaf,256,256,3,1.0,RGB,JPEG,20.05,True,
datasets/raw/plantvillage/raw/color/Tomato___healthy/2d02a0d6-0734-4ac7-957f-44f2a011fdc3___RS_HL 0375.JPG,2d02a0d6-0734-4ac7-957f-44f2a011fdc3___RS_HL 0375.JPG,Tomato___healthy,tomato__healthy__healthy,tomato,healthy,Healthy Leaf,256,256,3,1.0,RGB,JPEG,25.09,True,
datasets/raw/plantvillage/raw/color/Tomato___healthy/f96987aa-d19d-415b-a68c-73a07a47d521___RS_HL 9736.JPG,f96987aa-d19d-415b-a68c-73a07a47d521___RS_HL 9736.JPG,Tomato___healthy,tomato__healthy__healthy,tomato,healthy,Healthy Leaf,256,256,3,1.0,RGB,JPEG,24.54,True,
datasets/raw/plantvillage/raw/color/Tomato___healthy/267fd403-bea5-4a99-ae97-ea1c272623a1___GH_HL Leaf 440.1.JPG,267fd403-bea5-4a99-ae97-ea1c272623a1___GH_HL Leaf 440.1.JPG,Tomato___healthy,tomato__healthy__healthy,tomato,healthy,Healthy Leaf,256,256,3,1.0,RGB,JPEG,14.72,True,
datasets/raw/plantvillage/raw/color/Tomato___healthy/b41196ab-88ea-4057-bf87-b1435d5a0d1d___GH_HL Leaf 258.1.JPG,b41196ab-88ea-4057-bf87-b1435d5a0d1d___GH_HL Leaf 258.1.JPG,Tomato___healthy,tomato__healthy__healthy,tomato,healthy,Healthy Leaf,256,256,3,1.0,RGB,JPEG,20.67,True,
datasets/raw/plantvillage/raw/color/Tomato___healthy/1480b935-0081-4052-a7e8-09ef0040d9b5___GH_HL Leaf 338.JPG,1480b935-0081-4052-a7e8-09ef0040d9b5___GH_HL Leaf 338.JPG,Tomato___healthy,tomato__healthy__healthy,tomato,healthy,Healthy Leaf,256,256,3,1.0,RGB,JPEG,14.66,True,
datasets/raw/plantvillage/raw/color/Tomato___healthy/d984f436-1fde-4221-9563-82f55a42b545___RS_HL 0217.JPG,d984f436-1fde-4221-9563-82f55a42b545___RS_HL 0217.JPG,Tomato___healthy,tomato__healthy__healthy,tomato,healthy,Healthy Leaf,256,256,3,1.0,RGB,JPEG,25.05,True,
datasets/raw/plantvillage/raw/color/Tomato___healthy/f54a5053-dca2-4460-bd8d-27be3eb1e9b4___GH_HL Leaf 495.1.JPG,f54a5053-dca2-4460-bd8d-27be3eb1e9b4___GH_HL Leaf 495.1.JPG,Tomato___healthy,tomato__healthy__healthy,tomato,healthy,Healthy Leaf,256,256,3,1.0,RGB,JPEG,15.35,True,
datasets/raw/plantvillage/raw/color/Tomato___healthy/02d94768-da6d-4c1a-b8b3-fa2e5a2fcd4d___RS_HL 0449.JPG,02d94768-da6d-4c1a-b8b3-fa2e5a2fcd4d___RS_HL 0449.JPG,Tomato___healthy,tomato__healthy__healthy,tomato,healthy,Healthy Leaf,256,256,3,1.0,RGB,JPEG,25.09,True,
datasets/raw/plantvillage/raw/color/Tomato___healthy/2f07c3a8-90db-4d61-b8e3-55b3c016c510___GH_HL Leaf 382.1.JPG,2f07c3a8-90db-4d61-b8e3-55b3c016c510___GH_HL Leaf 382.1.JPG,Tomato___healthy,tomato__healthy__healthy,tomato,healthy,Healthy Leaf,256,256,3,1.0,RGB,JPEG,13.61,True,
datasets/raw/plantvillage/raw/color/Tomato___healthy/000bf685-b305-408b-91f4-37030f8e62db___GH_HL Leaf 308.1.JPG,000bf685-b305-408b-91f4-37030f8e62db___GH_HL Leaf 308.1.JPG,Tomato___healthy,tomato__healthy__healthy,tomato,healthy,Healthy Leaf,256,256,3,1.0,RGB,JPEG,18.12,True,
datasets/raw/plantvillage/raw/color/Tomato___healthy/4ec0267c-4606-47bf-ad7e-5e087dc4aef1___RS_HL 0187.JPG,4ec0267c-4606-47bf-ad7e-5e087dc4aef1___RS_HL 0187.JPG,Tomato___healthy,tomato__healthy__healthy,tomato,healthy,Healthy Leaf,256,256,3,1.0,RGB,JPEG,26.66,True,
datasets/raw/plantvillage/raw/color/Tomato___healthy/f60f6c8b-54f7-4002-b26d-636037912c4d___RS_HL 9956.JPG,f60f6c8b-54f7-4002-b26d-636037912c4d___RS_HL 9956.JPG,Tomato___healthy,tomato__healthy__healthy,tomato,healthy,Healthy Leaf,256,256,3,1.0,RGB,JPEG,23.95,True,
datasets/raw/plantvillage/raw/color/Tomato___healthy/3280ef48-8260-4a34-8e37-e079b74ed160___RS_HL 0392.JPG,3280ef48-8260-4a34-8e37-e079b74ed160___RS_HL 0392.JPG,Tomato___healthy,tomato__healthy__healthy,tomato,healthy,Healthy Leaf,256,256,3,1.0,RGB,JPEG,26.31,True,
datasets/raw/plantvillage/raw/color/Tomato___healthy/3887cbce-afde-4244-b39e-25ee0c9e24fc___GH_HL Leaf 235.1.JPG,3887cbce-afde-4244-b39e-25ee0c9e24fc___GH_HL Leaf 235.1.JPG,Tomato___healthy,tomato__healthy__healthy,tomato,healthy,Healthy Leaf,256,256,3,1.0,RGB,JPEG,18.04,True,
datasets/raw/plantvillage/raw/color/Tomato___healthy/d84b65fd-6841-435f-9c9f-2ba8afe2f62a___RS_HL 0541.JPG,d84b65fd-6841-435f-9c9f-2ba8afe2f62a___RS_HL 0541.JPG,Tomato___healthy,tomato__healthy__healthy,tomato,healthy,Healthy Leaf,256,256,3,1.0,RGB,JPEG,26.29,True,
datasets/raw/plantvillage/raw/color/Tomato___healthy/90a8b687-3191-4ef5-bb9c-e11aeb2d6c8f___RS_HL 0057.JPG,90a8b687-3191-4ef5-bb9c-e11aeb2d6c8f___RS_HL 0057.JPG,Tomato___healthy,tomato__healthy__healthy,tomato,healthy,Healthy Leaf,256,256,3,1.0,RGB,JPEG,24.24,True,
datasets/raw/plantvillage/raw/color/Tomato___healthy/a1238cae-087e-42de-824b-35a967fe43a6___RS_HL 0624.JPG,a1238cae-087e-42de-824b-35a967fe43a6___RS_HL 0624.JPG,Tomato___healthy,tomato__healthy__healthy,tomato,healthy,Healthy Leaf,256,256,3,1.0,RGB,JPEG,23.63,True,
datasets/raw/plantvillage/raw/color/Tomato___healthy/3dd714a8-5c95-4d47-a9d0-0ac15a499c2c___RS_HL 0386.JPG,3dd714a8-5c95-4d47-a9d0-0ac15a499c2c___RS_HL 0386.JPG,Tomato___healthy,tomato__healthy__healthy,tomato,healthy,Healthy Leaf,256,256,3,1.0,RGB,JPEG,25.18,True,
datasets/raw/plantvillage/raw/color/Tomato___healthy/4777e41f-56f7-4f8f-9c81-33bd40ca1d0b___RS_HL 9875.JPG,4777e41f-56f7-4f8f-9c81-33bd40ca1d0b___RS_HL 9875.JPG,Tomato___healthy,tomato__healthy__healthy,tomato,healthy,Healthy Leaf,256,256,3,1.0,RGB,JPEG,17.14,True,
datasets/raw/plantvillage/raw/color/Tomato___healthy/e7ab090d-f32a-46c2-b3a2-919d76437fee___RS_HL 0207.JPG,e7ab090d-f32a-46c2-b3a2-919d76437fee___RS_HL 0207.JPG,Tomato___healthy,tomato__healthy__healthy,tomato,healthy,Healthy Leaf,256,256,3,1.0,RGB,JPEG,26.64,True,
datasets/raw/plantvillage/raw/color/Tomato___healthy/ba4daa67-29a8-4d0b-a21e-a27406bb840d___RS_HL 9714.JPG,ba4daa67-29a8-4d0b-a21e-a27406bb840d___RS_HL 9714.JPG,Tomato___healthy,tomato__healthy__healthy,tomato,healthy,Healthy Leaf,256,256,3,1.0,RGB,JPEG,22.75,True,
datasets/raw/plantvillage/raw/color/Tomato___healthy/c4a30e2a-f520-4cdc-a58d-7ea1eb7c22e6___GH_HL Leaf 454.JPG,c4a30e2a-f520-4cdc-a58d-7ea1eb7c22e6___GH_HL Leaf 454.JPG,Tomato___healthy,tomato__healthy__healthy,tomato,healthy,Healthy Leaf,256,256,3,1.0,RGB,JPEG,14.66,True,
datasets/raw/plantvillage/raw/color/Tomato___healthy/8ed42b66-acb0-42d9-a1d8-f624573e07d0___GH_HL Leaf 212.8.JPG,8ed42b66-acb0-42d9-a1d8-f624573e07d0___GH_HL Leaf 212.8.JPG,Tomato___healthy,tomato__healthy__healthy,tomato,healthy,Healthy Leaf,256,256,3,1.0,RGB,JPEG,16.56,True,
datasets/raw/plantvillage/raw/color/Tomato___healthy/8e152ac8-9de2-4f59-a527-bf86d400f184___GH_HL Leaf 482.JPG,8e152ac8-9de2-4f59-a527-bf86d400f184___GH_HL Leaf 482.JPG,Tomato___healthy,tomato__healthy__healthy,tomato,healthy,Healthy Leaf,256,256,3,1.0,RGB,JPEG,13.61,True,
datasets/raw/plantvillage/raw/color/Tomato___healthy/5c4d21aa-76f8-4ab7-8440-65fd3cac640b___GH_HL Leaf 263.JPG,5c4d21aa-76f8-4ab7-8440-65fd3cac640b___GH_HL Leaf 263.JPG,Tomato___healthy,tomato__healthy__healthy,tomato,healthy,Healthy Leaf,256,256,3,1.0,RGB,JPEG,16.39,True,
datasets/raw/plantvillage/raw/color/Tomato___healthy/98e0a217-023f-45ad-a1b7-3719a5fdea49___GH_HL Leaf 283.JPG,98e0a217-023f-45ad-a1b7-3719a5fdea49___GH_HL Leaf 283.JPG,Tomato___healthy,tomato__healthy__healthy,tomato,healthy,Healthy Leaf,256,256,3,1.0,RGB,JPEG,15.3,True,
datasets/raw/plantvillage/raw/color/Tomato___healthy/922d8646-efa3-4101-b943-d3568c9760e9___RS_HL 0029.JPG,922d8646-efa3-4101-b943-d3568c9760e9___RS_HL 0029.JPG,Tomato___healthy,tomato__healthy__healthy,tomato,healthy,Healthy Leaf,256,256,3,1.0,RGB,JPEG,21.77,True,
datasets/raw/plantvillage/raw/color/Tomato___healthy/1d598eb4-b055-4c4c-8b7e-b60990804957___RS_HL 9838.JPG,1d598eb4-b055-4c4c-8b7e-b60990804957___RS_HL 9838.JPG,Tomato___healthy,tomato__healthy__healthy,tomato,healthy,Healthy Leaf,256,256,3,1.0,RGB,JPEG,24.32,True,
datasets/raw/plantvillage/raw/color/Tomato___healthy/2aeb668a-251a-4f68-b52f-aadeb3376d55___RS_HL 9744.JPG,2aeb668a-251a-4f68-b52f-aadeb3376d55___RS_HL 9744.JPG,Tomato___healthy,tomato__healthy__healthy,tomato,healthy,Healthy Leaf,256,256,3,1.0,RGB,JPEG,23.92,True,
datasets/raw/plantvillage/raw/color/Tomato___healthy/d3d3e88a-265a-4d4d-8887-b2930272d549___RS_HL 9873.JPG,d3d3e88a-265a-4d4d-8887-b2930272d549___RS_HL 9873.JPG,Tomato___healthy,tomato__healthy__healthy,tomato,healthy,Healthy Leaf,256,256,3,1.0,RGB,JPEG,22.98,True,
datasets/raw/plantvillage/raw/color/Tomato___healthy/1a939012-5b9b-4dfa-aeda-ba97ec857903___GH_HL Leaf 278.JPG,1a939012-5b9b-4dfa-aeda-ba97ec857903___GH_HL Leaf 278.JPG,Tomato___healthy,tomato__healthy__healthy,tomato,healthy,Healthy Leaf,256,256,3,1.0,RGB,JPEG,19.35,True,
datasets/raw/plantvillage/raw/color/Tomato___healthy/4f09b157-f5d2-4f99-ac0a-1be52cc7a27d___RS_HL 0402.JPG,4f09b157-f5d2-4f99-ac0a-1be52cc7a27d___RS_HL 0402.JPG,Tomato___healthy,tomato__healthy__healthy,tomato,healthy,Healthy Leaf,256,256,3,1.0,RGB,JPEG,27.36,True,
datasets/raw/plantvillage/raw/color/Tomato___healthy/e67fdf04-f0a3-4351-b65d-a1b7362fc032___GH_HL Leaf 304.1.JPG,e67fdf04-f0a3-4351-b65d-a1b7362fc032___GH_HL Leaf 304.1.JPG,Tomato___healthy,tomato__healthy__healthy,tomato,healthy,Healthy Leaf,256,256,3,1.0,RGB,JPEG,16.97,True,
datasets/raw/plantvillage/raw/color/Tomato___healthy/502bbd0a-8c84-4723-8e16-446655d5563d___RS_HL 0423.JPG,502bbd0a-8c84-4723-8e16-446655d5563d___RS_HL 0423.JPG,Tomato___healthy,tomato__healthy__healthy,tomato,healthy,Healthy Leaf,256,256,3,1.0,RGB,JPEG,24.29,True,
datasets/raw/plantvillage/raw/color/Tomato___healthy/d02f79d7-34a8-4313-924b-ca75fa38b1fb___RS_HL 9655.JPG,d02f79d7-34a8-4313-924b-ca75fa38b1fb___RS_HL 9655.JPG,Tomato___healthy,tomato__healthy__healthy,tomato,healthy,Healthy Leaf,256,256,3,1.0,RGB,JPEG,24.15,True,
datasets/raw/plantvillage/raw/color/Tomato___healthy/c5db6d9e-4821-4b05-8b44-80ba702a8401___GH_HL Leaf 373.JPG,c5db6d9e-4821-4b05-8b44-80ba702a8401___GH_HL Leaf 373.JPG,Tomato___healthy,tomato__healthy__healthy,tomato,healthy,Healthy Leaf,256,256,3,1.0,RGB,JPEG,16.09,True,
datasets/raw/plantvillage/raw/color/Tomato___healthy/61a348ec-8afa-4445-9a98-6e38ba0cd6d4___RS_HL 9914.JPG,61a348ec-8afa-4445-9a98-6e38ba0cd6d4___RS_HL 9914.JPG,Tomato___healthy,tomato__healthy__healthy,tomato,healthy,Healthy Leaf,256,256,3,1.0,RGB,JPEG,23.92,True,
datasets/raw/plantvillage/raw/color/Tomato___healthy/c1aad9bf-ed08-4cb9-9ef0-8c0d4a3de010___GH_HL Leaf 319.JPG,c1aad9bf-ed08-4cb9-9ef0-8c0d4a3de010___GH_HL Leaf 319.JPG,Tomato___healthy,tomato__healthy__healthy,tomato,healthy,Healthy Leaf,256,256,3,1.0,RGB,JPEG,18.7,True,
datasets/raw/plantvillage/raw/color/Tomato___healthy/1457ca6a-4907-4c97-83f8-a0fa22135a27___RS_HL 0441.JPG,1457ca6a-4907-4c97-83f8-a0fa22135a27___RS_HL 0441.JPG,Tomato___healthy,tomato__healthy__healthy,tomato,healthy,Healthy Leaf,256,256,3,1.0,RGB,JPEG,26.2,True,
datasets/raw/plantvillage/raw/color/Tomato___healthy/be5a8881-cc33-42c0-adc7-52d2380a9902___GH_HL Leaf 505.4.JPG,be5a8881-cc33-42c0-adc7-52d2380a9902___GH_HL Leaf 505.4.JPG,Tomato___healthy,tomato__healthy__healthy,tomato,healthy,Healthy Leaf,256,256,3,1.0,RGB,JPEG,13.9,True,
datasets/raw/plantvillage/raw/color/Tomato___healthy/7f58b2c9-3a62-402f-80d8-4a9aef9203ea___GH_HL Leaf 411.1.JPG,7f58b2c9-3a62-402f-80d8-4a9aef9203ea___GH_HL Leaf 411.1.JPG,Tomato___healthy,tomato__healthy__healthy,tomato,healthy,Healthy Leaf,256,256,3,1.0,RGB,JPEG,16.07,True,
datasets/raw/plantvillage/raw/color/Tomato___healthy/daa4e664-5ec5-4349-b8de-0673cdfe374d___GH_HL Leaf 168.1.JPG,daa4e664-5ec5-4349-b8de-0673cdfe374d___GH_HL Leaf 168.1.JPG,Tomato___healthy,tomato__healthy__healthy,tomato,healthy,Healthy Leaf,256,256,3,1.0,RGB,JPEG,18.68,True,
datasets/raw/plantvillage/raw/color/Tomato___healthy/9b8f108a-010b-4b8b-98ea-b30cbf62b805___GH_HL Leaf 349.1.JPG,9b8f108a-010b-4b8b-98ea-b30cbf62b805___GH_HL Leaf 349.1.JPG,Tomato___healthy,tomato__healthy__healthy,tomato,healthy,Healthy Leaf,256,256,3,1.0,RGB,JPEG,19.31,True,
datasets/raw/plantvillage/raw/color/Tomato___healthy/cae87492-704e-472a-8bc4-fea1ce042167___RS_HL 9915.JPG,cae87492-704e-472a-8bc4-fea1ce042167___RS_HL 9915.JPG,Tomato___healthy,tomato__healthy__healthy,tomato,healthy,Healthy Leaf,256,256,3,1.0,RGB,JPEG,25.49,True,
datasets/raw/plantvillage/raw/color/Tomato___healthy/c8ecc9a2-c12b-4350-8b3f-451c85d8e08b___RS_HL 0400.JPG,c8ecc9a2-c12b-4350-8b3f-451c85d8e08b___RS_HL 0400.JPG,Tomato___healthy,tomato__healthy__healthy,tomato,healthy,Healthy Leaf,256,256,3,1.0,RGB,JPEG,27.44,True,
datasets/raw/plantvillage/raw/color/Tomato___healthy/0894c925-d193-412f-961d-d188b57ee337___GH_HL Leaf 393.JPG,0894c925-d193-412f-961d-d188b57ee337___GH_HL Leaf 393.JPG,Tomato___healthy,tomato__healthy__healthy,tomato,healthy,Healthy Leaf,256,256,3,1.0,RGB,JPEG,11.99,True,
datasets/raw/plantvillage/raw/color/Tomato___healthy/ae745e4a-eecc-40dd-b860-25bdee6729e3___GH_HL Leaf 417.2.JPG,ae745e4a-eecc-40dd-b860-25bdee6729e3___GH_HL Leaf 417.2.JPG,Tomato___healthy,tomato__healthy__healthy,tomato,healthy,Healthy Leaf,256,256,3,1.0,RGB,JPEG,15.21,True,
datasets/raw/plantvillage/raw/color/Tomato___healthy/a02c1c45-0962-42c4-bc8b-13b07308a1f8___RS_HL 0561.JPG,a02c1c45-0962-42c4-bc8b-13b07308a1f8___RS_HL 0561.JPG,Tomato___healthy,tomato__healthy__healthy,tomato,healthy,Healthy Leaf,256,256,3,1.0,RGB,JPEG,26.17,True,
datasets/raw/plantvillage/raw/color/Tomato___healthy/b1bbc0cc-730b-4154-85df-4e1de49f19f9___RS_HL 0384.JPG,b1bbc0cc-730b-4154-85df-4e1de49f19f9___RS_HL 0384.JPG,Tomato___healthy,tomato__healthy__healthy,tomato,healthy,Healthy Leaf,256,256,3,1.0,RGB,JPEG,24.95,True,
datasets/raw/plantvillage/raw/color/Tomato___healthy/8ac1645d-48d9-4f3e-842b-0187daeeb57c___RS_HL 0523.JPG,8ac1645d-48d9-4f3e-842b-0187daeeb57c___RS_HL 0523.JPG,Tomato___healthy,tomato__healthy__healthy,tomato,healthy,Healthy Leaf,256,256,3,1.0,RGB,JPEG,26.84,True,
datasets/raw/plantvillage/raw/color/Tomato___healthy/3be50742-0fe9-404a-809e-9597793748a8___GH_HL Leaf 191.JPG,3be50742-0fe9-404a-809e-9597793748a8___GH_HL Leaf 191.JPG,Tomato___healthy,tomato__healthy__healthy,tomato,healthy,Healthy Leaf,256,256,3,1.0,RGB,JPEG,15.03,True,
datasets/raw/plantvillage/raw/color/Tomato___healthy/8312b46c-abee-4c16-9790-d577e026d571___RS_HL 9860.JPG,8312b46c-abee-4c16-9790-d577e026d571___RS_HL 9860.JPG,Tomato___healthy,tomato__healthy__healthy,tomato,healthy,Healthy Leaf,256,256,3,1.0,RGB,JPEG,24.99,True,
datasets/raw/plantvillage/raw/color/Tomato___healthy/ca15ccb7-1f30-4dd6-aa46-8494a41c3a9d___RS_HL 9757.JPG,ca15ccb7-1f30-4dd6-aa46-8494a41c3a9d___RS_HL 9757.JPG,Tomato___healthy,tomato__healthy__healthy,tomato,healthy,Healthy Leaf,256,256,3,1.0,RGB,JPEG,26.45,True,
datasets/raw/plantvillage/raw/color/Tomato___healthy/7e3c7e5d-172c-4a25-ad05-2b32e49c7bd2___GH_HL Leaf 387.JPG,7e3c7e5d-172c-4a25-ad05-2b32e49c7bd2___GH_HL Leaf 387.JPG,Tomato___healthy,tomato__healthy__healthy,tomato,healthy,Healthy Leaf,256,256,3,1.0,RGB,JPEG,13.02,True,
datasets/raw/plantvillage/raw/color/Tomato___healthy/45a1a63e-d00e-434d-b1b8-5b14dcde5b1e___GH_HL Leaf 250.JPG,45a1a63e-d00e-434d-b1b8-5b14dcde5b1e___GH_HL Leaf 250.JPG,Tomato___healthy,tomato__healthy__healthy,tomato,healthy,Healthy Leaf,256,256,3,1.0,RGB,JPEG,19.55,True,
datasets/raw/plantvillage/raw/color/Tomato___healthy/237ec7d7-d96f-434d-8a94-250ec92c8e86___RS_HL 0457.JPG,237ec7d7-d96f-434d-8a94-250ec92c8e86___RS_HL 0457.JPG,Tomato___healthy,tomato__healthy__healthy,tomato,healthy,Healthy Leaf,256,256,3,1.0,RGB,JPEG,26.34,True,
datasets/raw/plantvillage/raw/color/Tomato___healthy/5f7d3261-84f4-4b85-b9e1-f15792638c2d___RS_HL 9676.JPG,5f7d3261-84f4-4b85-b9e1-f15792638c2d___RS_HL 9676.JPG,Tomato___healthy,tomato__healthy__healthy,tomato,healthy,Healthy Leaf,256,256,3,1.0,RGB,JPEG,25.1,True,
datasets/raw/plantvillage/raw/color/Tomato___healthy/4f256237-9e94-4703-b128-8e91ffac8075___GH_HL Leaf 364.JPG,4f256237-9e94-4703-b128-8e91ffac8075___GH_HL Leaf 364.JPG,Tomato___healthy,tomato__healthy__healthy,tomato,healthy,Healthy Leaf,256,256,3,1.0,RGB,JPEG,13.63,True,
datasets/raw/plantvillage/raw/color/Tomato___healthy/29289230-4809-46cd-ba98-77af06af3f32___RS_HL 9651.JPG,29289230-4809-46cd-ba98-77af06af3f32___RS_HL 9651.JPG,Tomato___healthy,tomato__healthy__healthy,tomato,healthy,Healthy Leaf,256,256,3,1.0,RGB,JPEG,24.98,True,
datasets/raw/plantvillage/raw/color/Tomato___healthy/37aad83b-7ff8-4b35-b3ed-fb8e0f54910b___GH_HL Leaf 342.1.JPG,37aad83b-7ff8-4b35-b3ed-fb8e0f54910b___GH_HL Leaf 342.1.JPG,Tomato___healthy,tomato__healthy__healthy,tomato,healthy,Healthy Leaf,256,256,3,1.0,RGB,JPEG,15.51,True,
datasets/raw/plantvillage/raw/color/Tomato___healthy/c5708e70-747e-44d9-ab7f-356157bfe0ec___RS_HL 9813.JPG,c5708e70-747e-44d9-ab7f-356157bfe0ec___RS_HL 9813.JPG,Tomato___healthy,tomato__healthy__healthy,tomato,healthy,Healthy Leaf,256,256,3,1.0,RGB,JPEG,24.41,True,
datasets/raw/plantvillage/raw/color/Tomato___healthy/5153c319-4ab2-4ad0-af02-37219b0766d3___GH_HL Leaf 500.3.JPG,5153c319-4ab2-4ad0-af02-37219b0766d3___GH_HL Leaf 500.3.JPG,Tomato___healthy,tomato__healthy__healthy,tomato,healthy,Healthy Leaf,256,256,3,1.0,RGB,JPEG,13.01,True,
datasets/raw/plantvillage/raw/color/Tomato___healthy/83fa8d6f-4c08-46bf-b4cf-7a33d4fe0031___GH_HL Leaf 180.JPG,83fa8d6f-4c08-46bf-b4cf-7a33d4fe0031___GH_HL Leaf 180.JPG,Tomato___healthy,tomato__healthy__healthy,tomato,healthy,Healthy Leaf,256,256,3,1.0,RGB,JPEG,20.45,True,
datasets/raw/plantvillage/raw/color/Tomato___healthy/249797c6-648f-4df5-ab87-a0b82eb08801___GH_HL Leaf 495.JPG,249797c6-648f-4df5-ab87-a0b82eb08801___GH_HL Leaf 495.JPG,Tomato___healthy,tomato__healthy__healthy,tomato,healthy,Healthy Leaf,256,256,3,1.0,RGB,JPEG,14.02,True,
datasets/raw/plantvillage/raw/color/Tomato___healthy/bd18b0d8-3ee7-4c96-a2d4-cf8db766c047___GH_HL Leaf 498.2.JPG,bd18b0d8-3ee7-4c96-a2d4-cf8db766c047___GH_HL Leaf 498.2.JPG,Tomato___healthy,tomato__healthy__healthy,tomato,healthy,Healthy Leaf,256,256,3,1.0,RGB,JPEG,15.92,True,
datasets/raw/plantvillage/raw/color/Tomato___healthy/2605218e-e8bf-43d8-8b00-52058e9f0f25___RS_HL 9893.JPG,2605218e-e8bf-43d8-8b00-52058e9f0f25___RS_HL 9893.JPG,Tomato___healthy,tomato__healthy__healthy,tomato,healthy,Healthy Leaf,256,256,3,1.0,RGB,JPEG,23.77,True,
datasets/raw/plantvillage/raw/color/Tomato___healthy/7b93db88-7c70-444a-9096-1812426217f7___RS_HL 0167.JPG,7b93db88-7c70-444a-9096-1812426217f7___RS_HL 0167.JPG,Tomato___healthy,tomato__healthy__healthy,tomato,healthy,Healthy Leaf,256,256,3,1.0,RGB,JPEG,24.86,True,
datasets/raw/plantvillage/raw/color/Tomato___healthy/32a852af-ca60-4235-806a-21940281ed8b___RS_HL 0625.JPG,32a852af-ca60-4235-806a-21940281ed8b___RS_HL 0625.JPG,Tomato___healthy,tomato__healthy__healthy,tomato,healthy,Healthy Leaf,256,256,3,1.0,RGB,JPEG,24.58,True,
datasets/raw/plantvillage/raw/color/Tomato___healthy/07776423-f0af-455c-a7c1-36215c7e7097___RS_HL 0321.JPG,07776423-f0af-455c-a7c1-36215c7e7097___RS_HL 0321.JPG,Tomato___healthy,tomato__healthy__healthy,tomato,healthy,Healthy Leaf,256,256,3,1.0,RGB,JPEG,20.94,True,
datasets/raw/plantvillage/raw/color/Tomato___healthy/ea815fb4-7c6f-4088-94d0-59609294c65e___RS_HL 9785.JPG,ea815fb4-7c6f-4088-94d0-59609294c65e___RS_HL 9785.JPG,Tomato___healthy,tomato__healthy__healthy,tomato,healthy,Healthy Leaf,256,256,3,1.0,RGB,JPEG,23.61,True,
datasets/raw/plantvillage/raw/color/Tomato___healthy/461aa22a-be16-4dc8-9d60-45c38eabe504___RS_HL 0501.JPG,461aa22a-be16-4dc8-9d60-45c38eabe504___RS_HL 0501.JPG,Tomato___healthy,tomato__healthy__healthy,tomato,healthy,Healthy Leaf,256,256,3,1.0,RGB,JPEG,25.88,True,
datasets/raw/plantvillage/raw/color/Tomato___healthy/55bcfcce-70f4-4634-8107-0a8207da2b14___GH_HL Leaf 317.2.JPG,55bcfcce-70f4-4634-8107-0a8207da2b14___GH_HL Leaf 317.2.JPG,Tomato___healthy,tomato__healthy__healthy,tomato,healthy,Healthy Leaf,256,256,3,1.0,RGB,JPEG,18.33,True,
datasets/raw/plantvillage/raw/color/Tomato___healthy/fc849a80-15fd-486d-bedc-0239e1278660___RS_HL 0494.JPG,fc849a80-15fd-486d-bedc-0239e1278660___RS_HL 0494.JPG,Tomato___healthy,tomato__healthy__healthy,tomato,healthy,Healthy Leaf,256,256,3,1.0,RGB,JPEG,24.98,True,
datasets/raw/plantvillage/raw/color/Tomato___healthy/c7a532ff-1b42-4a36-8207-646f8d71d994___RS_HL 0202.JPG,c7a532ff-1b42-4a36-8207-646f8d71d994___RS_HL 0202.JPG,Tomato___healthy,tomato__healthy__healthy,tomato,healthy,Healthy Leaf,256,256,3,1.0,RGB,JPEG,25.76,True,
datasets/raw/plantvillage/raw/color/Tomato___healthy/d2faed98-e54a-42d4-8146-784b83c9ef9a___RS_HL 0545.JPG,d2faed98-e54a-42d4-8146-784b83c9ef9a___RS_HL 0545.JPG,Tomato___healthy,tomato__healthy__healthy,tomato,healthy,Healthy Leaf,256,256,3,1.0,RGB,JPEG,25.19,True,
datasets/raw/plantvillage/raw/color/Tomato___healthy/edd71d50-a50f-4f36-af69-6c9df7c040af___GH_HL Leaf 484.1.JPG,edd71d50-a50f-4f36-af69-6c9df7c040af___GH_HL Leaf 484.1.JPG,Tomato___healthy,tomato__healthy__healthy,tomato,healthy,Healthy Leaf,256,256,3,1.0,RGB,JPEG,13.04,True,
datasets/raw/plantvillage/raw/color/Tomato___healthy/196e5fd8-8b4e-4a45-9db7-ae59c877e9a7___GH_HL Leaf 284.JPG,196e5fd8-8b4e-4a45-9db7-ae59c877e9a7___GH_HL Leaf 284.JPG,Tomato___healthy,tomato__healthy__healthy,tomato,healthy,Healthy Leaf,256,256,3,1.0,RGB,JPEG,15.08,True,
datasets/raw/plantvillage/raw/color/Tomato___healthy/574dab67-daab-46c8-918f-beb10b427cd5___RS_HL 9974.JPG,574dab67-daab-46c8-918f-beb10b427cd5___RS_HL 9974.JPG,Tomato___healthy,tomato__healthy__healthy,tomato,healthy,Healthy Leaf,256,256,3,1.0,RGB,JPEG,26.19,True,
datasets/raw/plantvillage/raw/color/Tomato___healthy/1421f343-ba3a-424c-ac71-b5eb9ac26c10___GH_HL Leaf 201.JPG,1421f343-ba3a-424c-ac71-b5eb9ac26c10___GH_HL Leaf 201.JPG,Tomato___healthy,tomato__healthy__healthy,tomato,healthy,Healthy Leaf,256,256,3,1.0,RGB,JPEG,17.89,True,
datasets/raw/plantvillage/raw/color/Tomato___healthy/3574c8fc-19bd-4163-adc8-c36276fff0fb___GH_HL Leaf 362.JPG,3574c8fc-19bd-4163-adc8-c36276fff0fb___GH_HL Leaf 362.JPG,Tomato___healthy,tomato__healthy__healthy,tomato,healthy,Healthy Leaf,256,256,3,1.0,RGB,JPEG,14.54,True,
datasets/raw/plantvillage/raw/color/Tomato___healthy/c40b106b-14bf-4af2-88b5-51182169d548___RS_HL 0298.JPG,c40b106b-14bf-4af2-88b5-51182169d548___RS_HL 0298.JPG,Tomato___healthy,tomato__healthy__healthy,tomato,healthy,Healthy Leaf,256,256,3,1.0,RGB,JPEG,20.03,True,
datasets/raw/plantvillage/raw/color/Tomato___healthy/4ce6844e-2a92-47aa-9115-0eb1a9a0611c___GH_HL Leaf 464.1.JPG,4ce6844e-2a92-47aa-9115-0eb1a9a0611c___GH_HL Leaf 464.1.JPG,Tomato___healthy,tomato__healthy__healthy,tomato,healthy,Healthy Leaf,256,256,3,1.0,RGB,JPEG,14.05,True,
datasets/raw/plantvillage/raw/color/Tomato___healthy/b91da997-c7c4-44aa-b00c-e558887d0ba6___GH_HL Leaf 368.1.JPG,b91da997-c7c4-44aa-b00c-e558887d0ba6___GH_HL Leaf 368.1.JPG,Tomato___healthy,tomato__healthy__healthy,tomato,healthy,Healthy Leaf,256,256,3,1.0,RGB,JPEG,12.74,True,
datasets/raw/plantvillage/raw/color/Tomato___healthy/04c78dad-c1eb-4a1b-bfeb-da4c7cc528e1___RS_HL 9688.JPG,04c78dad-c1eb-4a1b-bfeb-da4c7cc528e1___RS_HL 9688.JPG,Tomato___healthy,tomato__healthy__healthy,tomato,healthy,Healthy Leaf,256,256,3,1.0,RGB,JPEG,24.39,True,
datasets/raw/plantvillage/raw/color/Tomato___healthy/3483a0b2-f04c-429f-a10e-f7f33ba5be6e___RS_HL 0439.JPG,3483a0b2-f04c-429f-a10e-f7f33ba5be6e___RS_HL 0439.JPG,Tomato___healthy,tomato__healthy__healthy,tomato,healthy,Healthy Leaf,256,256,3,1.0,RGB,JPEG,25.46,True,
datasets/raw/plantvillage/raw/color/Tomato___healthy/8940094d-3432-4690-b2b7-9a5996a82f86___RS_HL 0426.JPG,8940094d-3432-4690-b2b7-9a5996a82f86___RS_HL 0426.JPG,Tomato___healthy,tomato__healthy__healthy,tomato,healthy,Healthy Leaf,256,256,3,1.0,RGB,JPEG,26.21,True,
datasets/raw/plantvillage/raw/color/Tomato___healthy/0ed55b5a-55e6-4c9c-bce4-9eba61bc3a6b___RS_HL 9889.JPG,0ed55b5a-55e6-4c9c-bce4-9eba61bc3a6b___RS_HL 9889.JPG,Tomato___healthy,tomato__healthy__healthy,tomato,healthy,Healthy Leaf,256,256,3,1.0,RGB,JPEG,24.12,True,
datasets/raw/plantvillage/raw/color/Tomato___healthy/532a6e3c-5dd5-4adf-9bc0-c13551dae536___GH_HL Leaf 354.JPG,532a6e3c-5dd5-4adf-9bc0-c13551dae536___GH_HL Leaf 354.JPG,Tomato___healthy,tomato__healthy__healthy,tomato,healthy,Healthy Leaf,256,256,3,1.0,RGB,JPEG,14.8,True,
datasets/raw/plantvillage/raw/color/Tomato___healthy/cbd86fc5-7f88-4984-a1ed-445de8b76573___GH_HL Leaf 354.1.JPG,cbd86fc5-7f88-4984-a1ed-445de8b76573___GH_HL Leaf 354.1.JPG,Tomato___healthy,tomato__healthy__healthy,tomato,healthy,Healthy Leaf,256,256,3,1.0,RGB,JPEG,17.86,True,
datasets/raw/plantvillage/raw/color/Tomato___healthy/3b0d89df-61d0-407f-9a26-661c8bb730cf___GH_HL Leaf 242.JPG,3b0d89df-61d0-407f-9a26-661c8bb730cf___GH_HL Leaf 242.JPG,Tomato___healthy,tomato__healthy__healthy,tomato,healthy,Healthy Leaf,256,256,3,1.0,RGB,JPEG,16.06,True,
datasets/raw/plantvillage/raw/color/Tomato___healthy/377ffc94-d068-4ba0-80cc-dea49edf094d___RS_HL 0367.JPG,377ffc94-d068-4ba0-80cc-dea49edf094d___RS_HL 0367.JPG,Tomato___healthy,tomato__healthy__healthy,tomato,healthy,Healthy Leaf,256,256,3,1.0,RGB,JPEG,25.5,True,
datasets/raw/plantvillage/raw/color/Tomato___healthy/8887e405-f98f-43c6-a85e-71aea03092b9___RS_HL 0238.JPG,8887e405-f98f-43c6-a85e-71aea03092b9___RS_HL 0238.JPG,Tomato___healthy,tomato__healthy__healthy,tomato,healthy,Healthy Leaf,256,256,3,1.0,RGB,JPEG,23.18,True,
datasets/raw/plantvillage/raw/color/Tomato___healthy/2eb4a2fa-d41e-47f1-9e3f-e49035c5b24a___RS_HL 9995.JPG,2eb4a2fa-d41e-47f1-9e3f-e49035c5b24a___RS_HL 9995.JPG,Tomato___healthy,tomato__healthy__healthy,tomato,healthy,Healthy Leaf,256,256,3,1.0,RGB,JPEG,25.21,True,
datasets/raw/plantvillage/raw/color/Tomato___healthy/89c3d1ee-38dd-4a9c-a9e9-f1c1e6004eff___RS_HL 0393.JPG,89c3d1ee-38dd-4a9c-a9e9-f1c1e6004eff___RS_HL 0393.JPG,Tomato___healthy,tomato__healthy__healthy,tomato,healthy,Healthy Leaf,256,256,3,1.0,RGB,JPEG,26.0,True,
datasets/raw/plantvillage/raw/color/Tomato___healthy/798fdd0c-27d2-4e72-a359-bd00208e8b1a___GH_HL Leaf 207.1.JPG,798fdd0c-27d2-4e72-a359-bd00208e8b1a___GH_HL Leaf 207.1.JPG,Tomato___healthy,tomato__healthy__healthy,tomato,healthy,Healthy Leaf,256,256,3,1.0,RGB,JPEG,16.98,True,
datasets/raw/plantvillage/raw/color/Tomato___healthy/adc79be8-ca9e-4cf7-b62c-453e0e5fbdec___GH_HL Leaf 307.1.JPG,adc79be8-ca9e-4cf7-b62c-453e0e5fbdec___GH_HL Leaf 307.1.JPG,Tomato___healthy,tomato__healthy__healthy,tomato,healthy,Healthy Leaf,256,256,3,1.0,RGB,JPEG,17.09,True,
datasets/raw/plantvillage/raw/color/Tomato___healthy/ba5a98fb-b13c-4984-984f-d05a60ad9dfb___RS_HL 9716.JPG,ba5a98fb-b13c-4984-984f-d05a60ad9dfb___RS_HL 9716.JPG,Tomato___healthy,tomato__healthy__healthy,tomato,healthy,Healthy Leaf,256,256,3,1.0,RGB,JPEG,25.2,True,
datasets/raw/plantvillage/raw/color/Tomato___healthy/43851153-bb56-46c3-b61c-b4e84baf0516___RS_HL 9935.JPG,43851153-bb56-46c3-b61c-b4e84baf0516___RS_HL 9935.JPG,Tomato___healthy,tomato__healthy__healthy,tomato,healthy,Healthy Leaf,256,256,3,1.0,RGB,JPEG,24.72,True,
datasets/raw/plantvillage/raw/color/Tomato___healthy/d688345e-4491-4f31-b2f4-d9111a12c2dd___GH_HL Leaf 288.JPG,d688345e-4491-4f31-b2f4-d9111a12c2dd___GH_HL Leaf 288.JPG,Tomato___healthy,tomato__healthy__healthy,tomato,healthy,Healthy Leaf,256,256,3,1.0,RGB,JPEG,20.2,True,
datasets/raw/plantvillage/raw/color/Tomato___healthy/beaa693e-fa0d-4bde-943a-0a834f251301___RS_HL 0290.JPG,beaa693e-fa0d-4bde-943a-0a834f251301___RS_HL 0290.JPG,Tomato___healthy,tomato__healthy__healthy,tomato,healthy,Healthy Leaf,256,256,3,1.0,RGB,JPEG,25.18,True,
datasets/raw/plantvillage/raw/color/Tomato___healthy/1dae303e-6545-4c87-8c95-8805108f5282___RS_HL 0437.JPG,1dae303e-6545-4c87-8c95-8805108f5282___RS_HL 0437.JPG,Tomato___healthy,tomato__healthy__healthy,tomato,healthy,Healthy Leaf,256,256,3,1.0,RGB,JPEG,24.03,True,
datasets/raw/plantvillage/raw/color/Tomato___healthy/31e077d4-97f5-4e4c-8b76-e2ccbf52ed2d___RS_HL 0460.JPG,31e077d4-97f5-4e4c-8b76-e2ccbf52ed2d___RS_HL 0460.JPG,Tomato___healthy,tomato__healthy__healthy,tomato,healthy,Healthy Leaf,256,256,3,1.0,RGB,JPEG,26.82,True,
datasets/raw/plantvillage/raw/color/Tomato___healthy/3e03aa27-3c0c-447c-87da-c3375ef47ead___RS_HL 9899.JPG,3e03aa27-3c0c-447c-87da-c3375ef47ead___RS_HL 9899.JPG,Tomato___healthy,tomato__healthy__healthy,tomato,healthy,Healthy Leaf,256,256,3,1.0,RGB,JPEG,24.7,True,
datasets/raw/plantvillage/raw/color/Tomato___healthy/70ae81f5-0d05-4b69-a182-fa35bb3fe0ad___GH_HL Leaf 339.1.JPG,70ae81f5-0d05-4b69-a182-fa35bb3fe0ad___GH_HL Leaf 339.1.JPG,Tomato___healthy,tomato__healthy__healthy,tomato,healthy,Healthy Leaf,256,256,3,1.0,RGB,JPEG,17.0,True,
datasets/raw/plantvillage/raw/color/Tomato___healthy/956eb0b5-8dae-4315-9cea-320dc594b864___RS_HL 0221.JPG,956eb0b5-8dae-4315-9cea-320dc594b864___RS_HL 0221.JPG,Tomato___healthy,tomato__healthy__healthy,tomato,healthy,Healthy Leaf,256,256,3,1.0,RGB,JPEG,25.17,True,
datasets/raw/plantvillage/raw/color/Tomato___healthy/3367a9a6-6841-45db-bfa9-9b7b9fed0fa2___GH_HL Leaf 421.1.JPG,3367a9a6-6841-45db-bfa9-9b7b9fed0fa2___GH_HL Leaf 421.1.JPG,Tomato___healthy,tomato__healthy__healthy,tomato,healthy,Healthy Leaf,256,256,3,1.0,RGB,JPEG,14.66,True,
datasets/raw/plantvillage/raw/color/Tomato___healthy/2a0d08cc-91b5-436b-abe4-31835c5f470b___RS_HL 0396.JPG,2a0d08cc-91b5-436b-abe4-31835c5f470b___RS_HL 0396.JPG,Tomato___healthy,tomato__healthy__healthy,tomato,healthy,Healthy Leaf,256,256,3,1.0,RGB,JPEG,26.32,True,
datasets/raw/plantvillage/raw/color/Tomato___healthy/16927ddc-fc87-4ff2-b450-1edc2b4c6191___RS_HL 0051.JPG,16927ddc-fc87-4ff2-b450-1edc2b4c6191___RS_HL 0051.JPG,Tomato___healthy,tomato__healthy__healthy,tomato,healthy,Healthy Leaf,256,256,3,1.0,RGB,JPEG,26.16,True,
datasets/raw/plantvillage/raw/color/Tomato___healthy/0d3691ab-5413-4313-870e-9e5d2faf33ea___RS_HL 9958.JPG,0d3691ab-5413-4313-870e-9e5d2faf33ea___RS_HL 9958.JPG,Tomato___healthy,tomato__healthy__healthy,tomato,healthy,Healthy Leaf,256,256,3,1.0,RGB,JPEG,24.49,True,
datasets/raw/plantvillage/raw/color/Tomato___healthy/273f3e74-dbdc-40bc-8507-3bdd3ce24134___RS_HL 0149.JPG,273f3e74-dbdc-40bc-8507-3bdd3ce24134___RS_HL 0149.JPG,Tomato___healthy,tomato__healthy__healthy,tomato,healthy,Healthy Leaf,256,256,3,1.0,RGB,JPEG,25.14,True,
datasets/raw/plantvillage/raw/color/Tomato___healthy/dad127e0-8761-47bd-8ea1-21727847a1f4___RS_HL 0416.JPG,dad127e0-8761-47bd-8ea1-21727847a1f4___RS_HL 0416.JPG,Tomato___healthy,tomato__healthy__healthy,tomato,healthy,Healthy Leaf,256,256,3,1.0,RGB,JPEG,25.51,True,
datasets/raw/plantvillage/raw/color/Tomato___healthy/b3e76dfe-eeb0-4edf-a93c-bb7964ff57eb___GH_HL Leaf 210.4.JPG,b3e76dfe-eeb0-4edf-a93c-bb7964ff57eb___GH_HL Leaf 210.4.JPG,Tomato___healthy,tomato__healthy__healthy,tomato,healthy,Healthy Leaf,256,256,3,1.0,RGB,JPEG,13.19,True,
datasets/raw/plantvillage/raw/color/Tomato___healthy/c900278c-3216-4142-8a6c-797143fc9c95___RS_HL 0299.JPG,c900278c-3216-4142-8a6c-797143fc9c95___RS_HL 0299.JPG,Tomato___healthy,tomato__healthy__healthy,tomato,healthy,Healthy Leaf,256,256,3,1.0,RGB,JPEG,26.48,True,
datasets/raw/plantvillage/raw/color/Tomato___healthy/8934ec44-9624-4e9e-af58-29ec2f1d88a7___GH_HL Leaf 494.JPG,8934ec44-9624-4e9e-af58-29ec2f1d88a7___GH_HL Leaf 494.JPG,Tomato___healthy,tomato__healthy__healthy,tomato,healthy,Healthy Leaf,256,256,3,1.0,RGB,JPEG,16.7,True,
datasets/raw/plantvillage/raw/color/Tomato___healthy/0a31e630-0d98-416b-b0e4-88a88aad1dc5___RS_HL 9653.JPG,0a31e630-0d98-416b-b0e4-88a88aad1dc5___RS_HL 9653.JPG,Tomato___healthy,tomato__healthy__healthy,tomato,healthy,Healthy Leaf,256,256,3,1.0,RGB,JPEG,25.38,True,
datasets/raw/plantvillage/raw/color/Tomato___healthy/3be7ae8c-bacb-4877-b6b5-c2251d22b431___GH_HL Leaf 497.1.JPG,3be7ae8c-bacb-4877-b6b5-c2251d22b431___GH_HL Leaf 497.1.JPG,Tomato___healthy,tomato__healthy__healthy,tomato,healthy,Healthy Leaf,256,256,3,1.0,RGB,JPEG,16.2,True,
datasets/raw/plantvillage/raw/color/Tomato___healthy/989c19ba-120b-472c-abe1-821da1b065d0___RS_HL 0280.JPG,989c19ba-120b-472c-abe1-821da1b065d0___RS_HL 0280.JPG,Tomato___healthy,tomato__healthy__healthy,tomato,healthy,Healthy Leaf,256,256,3,1.0,RGB,JPEG,25.17,True,
datasets/raw/plantvillage/raw/color/Tomato___healthy/530faba8-67fa-45bc-8aad-353f879b224c___GH_HL Leaf 462.JPG,530faba8-67fa-45bc-8aad-353f879b224c___GH_HL Leaf 462.JPG,Tomato___healthy,tomato__healthy__healthy,tomato,healthy,Healthy Leaf,256,256,3,1.0,RGB,JPEG,12.97,True,
datasets/raw/plantvillage/raw/color/Tomato___healthy/d7aed304-347b-4c78-ac63-b29db901e1d4___RS_HL 0061.JPG,d7aed304-347b-4c78-ac63-b29db901e1d4___RS_HL 0061.JPG,Tomato___healthy,tomato__healthy__healthy,tomato,healthy,Healthy Leaf,256,256,3,1.0,RGB,JPEG,26.17,True,
datasets/raw/plantvillage/raw/color/Tomato___healthy/6a8b21cc-35c6-4e5e-8f9d-a4a3591cc665___RS_HL 9961.JPG,6a8b21cc-35c6-4e5e-8f9d-a4a3591cc665___RS_HL 9961.JPG,Tomato___healthy,tomato__healthy__healthy,tomato,healthy,Healthy Leaf,256,256,3,1.0,RGB,JPEG,24.93,True,
datasets/raw/plantvillage/raw/color/Tomato___healthy/b485c91b-36c7-42be-9572-69327a0ece88___RS_HL 9678.JPG,b485c91b-36c7-42be-9572-69327a0ece88___RS_HL 9678.JPG,Tomato___healthy,tomato__healthy__healthy,tomato,healthy,Healthy Leaf,256,256,3,1.0,RGB,JPEG,24.14,True,
datasets/raw/plantvillage/raw/color/Tomato___healthy/99fcb52b-0e4f-47a6-b350-1d49d26bc649___GH_HL Leaf 298.JPG,99fcb52b-0e4f-47a6-b350-1d49d26bc649___GH_HL Leaf 298.JPG,Tomato___healthy,tomato__healthy__healthy,tomato,healthy,Healthy Leaf,256,256,3,1.0,RGB,JPEG,17.87,True,
datasets/raw/plantvillage/raw/color/Tomato___healthy/63568703-0cfc-4d23-a5e1-e3393df2d2fc___RS_HL 0246.JPG,63568703-0cfc-4d23-a5e1-e3393df2d2fc___RS_HL 0246.JPG,Tomato___healthy,tomato__healthy__healthy,tomato,healthy,Healthy Leaf,256,256,3,1.0,RGB,JPEG,26.99,True,
datasets/raw/plantvillage/raw/color/Tomato___healthy/67fb6b30-9542-4606-9438-da3e96b6a2d7___GH_HL Leaf 213.2.JPG,67fb6b30-9542-4606-9438-da3e96b6a2d7___GH_HL Leaf 213.2.JPG,Tomato___healthy,tomato__healthy__healthy,tomato,healthy,Healthy Leaf,256,256,3,1.0,RGB,JPEG,16.69,True,
datasets/raw/plantvillage/raw/color/Tomato___healthy/776714ac-7a89-4449-bde9-9b9911f1a371___RS_HL 9886.JPG,776714ac-7a89-4449-bde9-9b9911f1a371___RS_HL 9886.JPG,Tomato___healthy,tomato__healthy__healthy,tomato,healthy,Healthy Leaf,256,256,3,1.0,RGB,JPEG,26.25,True,
datasets/raw/plantvillage/raw/color/Tomato___healthy/00bce074-967b-4d50-967a-31fdaa35e688___RS_HL 0223.JPG,00bce074-967b-4d50-967a-31fdaa35e688___RS_HL 0223.JPG,Tomato___healthy,tomato__healthy__healthy,tomato,healthy,Healthy Leaf,256,256,3,1.0,RGB,JPEG,26.04,True,
datasets/raw/plantvillage/raw/color/Tomato___healthy/7af927ee-8940-49bf-bcb3-78ec3fcc40f3___RS_HL 9626.JPG,7af927ee-8940-49bf-bcb3-78ec3fcc40f3___RS_HL 9626.JPG,Tomato___healthy,tomato__healthy__healthy,tomato,healthy,Healthy Leaf,256,256,3,1.0,RGB,JPEG,21.74,True,
datasets/raw/plantvillage/raw/color/Tomato___healthy/31e58e07-386c-4915-aa37-8ce39ee29ce9___RS_HL 9949.JPG,31e58e07-386c-4915-aa37-8ce39ee29ce9___RS_HL 9949.JPG,Tomato___healthy,tomato__healthy__healthy,tomato,healthy,Healthy Leaf,256,256,3,1.0,RGB,JPEG,25.49,True,
datasets/raw/plantvillage/raw/color/Tomato___healthy/feda8fd2-1d18-443e-a7d9-15bd6bf8ce66___RS_HL 0332.JPG,feda8fd2-1d18-443e-a7d9-15bd6bf8ce66___RS_HL 0332.JPG,Tomato___healthy,tomato__healthy__healthy,tomato,healthy,Healthy Leaf,256,256,3,1.0,RGB,JPEG,25.1,True,
datasets/raw/plantvillage/raw/color/Tomato___healthy/3e6c73ad-cfcb-4614-b927-150c2c642c9e___RS_HL 0074.JPG,3e6c73ad-cfcb-4614-b927-150c2c642c9e___RS_HL 0074.JPG,Tomato___healthy,tomato__healthy__healthy,tomato,healthy,Healthy Leaf,256,256,3,1.0,RGB,JPEG,25.7,True,
datasets/raw/plantvillage/raw/color/Tomato___healthy/27bda660-1691-4763-a125-824f521587d9___RS_HL 0305.JPG,27bda660-1691-4763-a125-824f521587d9___RS_HL 0305.JPG,Tomato___healthy,tomato__healthy__healthy,tomato,healthy,Healthy Leaf,256,256,3,1.0,RGB,JPEG,24.55,True,
datasets/raw/plantvillage/raw/color/Tomato___healthy/2a11ceb9-41c9-4f2e-bed9-ef1c1c7d479b___RS_HL 0371.JPG,2a11ceb9-41c9-4f2e-bed9-ef1c1c7d479b___RS_HL 0371.JPG,Tomato___healthy,tomato__healthy__healthy,tomato,healthy,Healthy Leaf,256,256,3,1.0,RGB,JPEG,26.32,True,
datasets/raw/plantvillage/raw/color/Tomato___healthy/33232143-89a5-4226-b667-9f2a6b17ca5b___RS_HL 9918.JPG,33232143-89a5-4226-b667-9f2a6b17ca5b___RS_HL 9918.JPG,Tomato___healthy,tomato__healthy__healthy,tomato,healthy,Healthy Leaf,256,256,3,1.0,RGB,JPEG,23.71,True,
datasets/raw/plantvillage/raw/color/Tomato___healthy/500f0eb8-4141-454e-a186-68350293b2ce___RS_HL 9905.JPG,500f0eb8-4141-454e-a186-68350293b2ce___RS_HL 9905.JPG,Tomato___healthy,tomato__healthy__healthy,tomato,healthy,Healthy Leaf,256,256,3,1.0,RGB,JPEG,24.58,True,
datasets/raw/plantvillage/raw/color/Tomato___healthy/d835fbab-7301-4544-aba9-37cb5d25de9f___RS_HL 0506.JPG,d835fbab-7301-4544-aba9-37cb5d25de9f___RS_HL 0506.JPG,Tomato___healthy,tomato__healthy__healthy,tomato,healthy,Healthy Leaf,256,256,3,1.0,RGB,JPEG,25.35,True,
datasets/raw/plantvillage/raw/color/Tomato___healthy/3a1c6737-c9ff-44dc-9014-954753732160___GH_HL Leaf 406.1.JPG,3a1c6737-c9ff-44dc-9014-954753732160___GH_HL Leaf 406.1.JPG,Tomato___healthy,tomato__healthy__healthy,tomato,healthy,Healthy Leaf,256,256,3,1.0,RGB,JPEG,14.14,True,
datasets/raw/plantvillage/raw/color/Tomato___healthy/05598cc1-60b9-4436-a233-973c42eff2d6___GH_HL Leaf 503.1.JPG,05598cc1-60b9-4436-a233-973c42eff2d6___GH_HL Leaf 503.1.JPG,Tomato___healthy,tomato__healthy__healthy,tomato,healthy,Healthy Leaf,256,256,3,1.0,RGB,JPEG,13.85,True,
datasets/raw/plantvillage/raw/color/Tomato___healthy/82a343d3-1a57-4190-b0d7-8e8c88e832a7___GH_HL Leaf 306.JPG,82a343d3-1a57-4190-b0d7-8e8c88e832a7___GH_HL Leaf 306.JPG,Tomato___healthy,tomato__healthy__healthy,tomato,healthy,Healthy Leaf,256,256,3,1.0,RGB,JPEG,18.71,True,
datasets/raw/plantvillage/raw/color/Tomato___healthy/3f1beda2-534d-4970-b33e-99c43c1ee930___GH_HL Leaf 219.1.JPG,3f1beda2-534d-4970-b33e-99c43c1ee930___GH_HL Leaf 219.1.JPG,Tomato___healthy,tomato__healthy__healthy,tomato,healthy,Healthy Leaf,256,256,3,1.0,RGB,JPEG,17.09,True,
datasets/raw/plantvillage/raw/color/Tomato___healthy/2a859068-5042-4f74-82ac-29339c760cbb___GH_HL Leaf 436.JPG,2a859068-5042-4f74-82ac-29339c760cbb___GH_HL Leaf 436.JPG,Tomato___healthy,tomato__healthy__healthy,tomato,healthy,Healthy Leaf,256,256,3,1.0,RGB,JPEG,17.87,True,
datasets/raw/plantvillage/raw/color/Tomato___healthy/8a4dc6f9-2f54-4bdd-957f-d9fb709e1b26___GH_HL Leaf 302.1.JPG,8a4dc6f9-2f54-4bdd-957f-d9fb709e1b26___GH_HL Leaf 302.1.JPG,Tomato___healthy,tomato__healthy__healthy,tomato,healthy,Healthy Leaf,256,256,3,1.0,RGB,JPEG,18.1,True,
datasets/raw/plantvillage/raw/color/Tomato___healthy/5853fc45-5ce0-4b2c-a36e-18eda75a97c6___RS_HL 9632.JPG,5853fc45-5ce0-4b2c-a36e-18eda75a97c6___RS_HL 9632.JPG,Tomato___healthy,tomato__healthy__healthy,tomato,healthy,Healthy Leaf,256,256,3,1.0,RGB,JPEG,24.01,True,
datasets/raw/plantvillage/raw/color/Tomato___healthy/a2bbffab-17fd-4608-8994-28f7a62e3a4f___RS_HL 0251.JPG,a2bbffab-17fd-4608-8994-28f7a62e3a4f___RS_HL 0251.JPG,Tomato___healthy,tomato__healthy__healthy,tomato,healthy,Healthy Leaf,256,256,3,1.0,RGB,JPEG,24.81,True,
datasets/raw/plantvillage/raw/color/Tomato___healthy/eb1f4546-7ba3-4d36-82d2-d5ad42671ae2___RS_HL 9814.JPG,eb1f4546-7ba3-4d36-82d2-d5ad42671ae2___RS_HL 9814.JPG,Tomato___healthy,tomato__healthy__healthy,tomato,healthy,Healthy Leaf,256,256,3,1.0,RGB,JPEG,24.04,True,
datasets/raw/plantvillage/raw/color/Tomato___healthy/68955a6d-9454-49ba-8924-a5ed69dcd820___GH_HL Leaf 276.JPG,68955a6d-9454-49ba-8924-a5ed69dcd820___GH_HL Leaf 276.JPG,Tomato___healthy,tomato__healthy__healthy,tomato,healthy,Healthy Leaf,256,256,3,1.0,RGB,JPEG,17.8,True,
datasets/raw/plantvillage/raw/color/Tomato___healthy/6e3fca10-be50-4074-ada4-3122e864d4e0___GH_HL Leaf 294.1.JPG,6e3fca10-be50-4074-ada4-3122e864d4e0___GH_HL Leaf 294.1.JPG,Tomato___healthy,tomato__healthy__healthy,tomato,healthy,Healthy Leaf,256,256,3,1.0,RGB,JPEG,18.13,True,
datasets/raw/plantvillage/raw/color/Tomato___healthy/483659eb-d6da-4eb6-9106-cfe4240becbe___RS_HL 9895.JPG,483659eb-d6da-4eb6-9106-cfe4240becbe___RS_HL 9895.JPG,Tomato___healthy,tomato__healthy__healthy,tomato,healthy,Healthy Leaf,256,256,3,1.0,RGB,JPEG,25.25,True,
datasets/raw/plantvillage/raw/color/Tomato___healthy/8a9afef1-d6fb-4ea5-a386-2236521b2a32___GH_HL Leaf 234.JPG,8a9afef1-d6fb-4ea5-a386-2236521b2a32___GH_HL Leaf 234.JPG,Tomato___healthy,tomato__healthy__healthy,tomato,healthy,Healthy Leaf,256,256,3,1.0,RGB,JPEG,20.05,True,
datasets/raw/plantvillage/raw/color/Tomato___healthy/4b8f6f0d-ed84-49ae-a92e-6cf049a42207___RS_HL 9652.JPG,4b8f6f0d-ed84-49ae-a92e-6cf049a42207___RS_HL 9652.JPG,Tomato___healthy,tomato__healthy__healthy,tomato,healthy,Healthy Leaf,256,256,3,1.0,RGB,JPEG,24.45,True,
datasets/raw/plantvillage/raw/color/Tomato___healthy/c3724cd0-50c4-4780-8dc8-fe3e9d0d0680___GH_HL Leaf 292.JPG,c3724cd0-50c4-4780-8dc8-fe3e9d0d0680___GH_HL Leaf 292.JPG,Tomato___healthy,tomato__healthy__healthy,tomato,healthy,Healthy Leaf,256,256,3,1.0,RGB,JPEG,19.35,True,
datasets/raw/plantvillage/raw/color/Tomato___healthy/c9bc09dd-7a19-46b6-ac5a-d857d50f0e5c___RS_HL 0484.JPG,c9bc09dd-7a19-46b6-ac5a-d857d50f0e5c___RS_HL 0484.JPG,Tomato___healthy,tomato__healthy__healthy,tomato,healthy,Healthy Leaf,256,256,3,1.0,RGB,JPEG,21.48,True,
datasets/raw/plantvillage/raw/color/Tomato___healthy/c6d62e0c-15e0-4e99-8dbd-40e8f7181131___RS_HL 9954.JPG,c6d62e0c-15e0-4e99-8dbd-40e8f7181131___RS_HL 9954.JPG,Tomato___healthy,tomato__healthy__healthy,tomato,healthy,Healthy Leaf,256,256,3,1.0,RGB,JPEG,25.16,True,
datasets/raw/plantvillage/raw/color/Tomato___healthy/b1e628a8-b250-4ee7-9d3f-60f93a6a556b___RS_HL 0148.JPG,b1e628a8-b250-4ee7-9d3f-60f93a6a556b___RS_HL 0148.JPG,Tomato___healthy,tomato__healthy__healthy,tomato,healthy,Healthy Leaf,256,256,3,1.0,RGB,JPEG,25.78,True,
datasets/raw/plantvillage/raw/color/Tomato___healthy/2c22b17b-e914-453a-a379-15b29fe294b0___RS_HL 9720.JPG,2c22b17b-e914-453a-a379-15b29fe294b0___RS_HL 9720.JPG,Tomato___healthy,tomato__healthy__healthy,tomato,healthy,Healthy Leaf,256,256,3,1.0,RGB,JPEG,25.18,True,
datasets/raw/plantvillage/raw/color/Tomato___healthy/4e67dd9d-8a92-4b30-bb08-2e30d34acde7___RS_HL 0245.JPG,4e67dd9d-8a92-4b30-bb08-2e30d34acde7___RS_HL 0245.JPG,Tomato___healthy,tomato__healthy__healthy,tomato,healthy,Healthy Leaf,256,256,3,1.0,RGB,JPEG,24.88,True,
datasets/raw/plantvillage/raw/color/Tomato___healthy/eab401a8-c014-4a63-98d4-b6144cfc7bc9___GH_HL Leaf 289.JPG,eab401a8-c014-4a63-98d4-b6144cfc7bc9___GH_HL Leaf 289.JPG,Tomato___healthy,tomato__healthy__healthy,tomato,healthy,Healthy Leaf,256,256,3,1.0,RGB,JPEG,19.62,True,
datasets/raw/plantvillage/raw/color/Tomato___healthy/2da51b05-179d-4072-9ac9-f6985c7a494c___RS_HL 0444.JPG,2da51b05-179d-4072-9ac9-f6985c7a494c___RS_HL 0444.JPG,Tomato___healthy,tomato__healthy__healthy,tomato,healthy,Healthy Leaf,256,256,3,1.0,RGB,JPEG,26.18,True,
datasets/raw/plantvillage/raw/color/Tomato___healthy/cea3c7e9-94d8-4f97-bd50-e19a428c5162___RS_HL 0013.JPG,cea3c7e9-94d8-4f97-bd50-e19a428c5162___RS_HL 0013.JPG,Tomato___healthy,tomato__healthy__healthy,tomato,healthy,Healthy Leaf,256,256,3,1.0,RGB,JPEG,22.83,True,
datasets/raw/plantvillage/raw/color/Tomato___healthy/809e36cd-8251-4fcf-854d-6b7bb2f41a64___RS_HL 0215.JPG,809e36cd-8251-4fcf-854d-6b7bb2f41a64___RS_HL 0215.JPG,Tomato___healthy,tomato__healthy__healthy,tomato,healthy,Healthy Leaf,256,256,3,1.0,RGB,JPEG,26.17,True,
datasets/raw/plantvillage/raw/color/Tomato___healthy/92d84132-33f5-4d01-9b3d-797a5dcaeccd___RS_HL 0315.JPG,92d84132-33f5-4d01-9b3d-797a5dcaeccd___RS_HL 0315.JPG,Tomato___healthy,tomato__healthy__healthy,tomato,healthy,Healthy Leaf,256,256,3,1.0,RGB,JPEG,24.58,True,
datasets/raw/plantvillage/raw/color/Tomato___healthy/da10b674-6bd2-4e1f-ba50-f08caac7a2ec___RS_HL 9742.JPG,da10b674-6bd2-4e1f-ba50-f08caac7a2ec___RS_HL 9742.JPG,Tomato___healthy,tomato__healthy__healthy,tomato,healthy,Healthy Leaf,256,256,3,1.0,RGB,JPEG,24.35,True,
datasets/raw/plantvillage/raw/color/Tomato___healthy/8858ed06-2e1b-4a4a-bd16-e4425ae62312___GH_HL Leaf 523.1.JPG,8858ed06-2e1b-4a4a-bd16-e4425ae62312___GH_HL Leaf 523.1.JPG,Tomato___healthy,tomato__healthy__healthy,tomato,healthy,Healthy Leaf,256,256,3,1.0,RGB,JPEG,12.22,True,
datasets/raw/plantvillage/raw/color/Tomato___healthy/7a5fe2a0-ac85-4a37-b0f6-8cfc8fb21c9c___RS_HL 9865.JPG,7a5fe2a0-ac85-4a37-b0f6-8cfc8fb21c9c___RS_HL 9865.JPG,Tomato___healthy,tomato__healthy__healthy,tomato,healthy,Healthy Leaf,256,256,3,1.0,RGB,JPEG,24.65,True,
datasets/raw/plantvillage/raw/color/Tomato___healthy/33a75eb9-0745-4159-8c6e-3c4e4e418992___RS_HL 9767.JPG,33a75eb9-0745-4159-8c6e-3c4e4e418992___RS_HL 9767.JPG,Tomato___healthy,tomato__healthy__healthy,tomato,healthy,Healthy Leaf,256,256,3,1.0,RGB,JPEG,24.66,True,
datasets/raw/plantvillage/raw/color/Tomato___healthy/22356f83-9bb2-4b42-9283-bbf8e0dffba0___RS_HL 0430.JPG,22356f83-9bb2-4b42-9283-bbf8e0dffba0___RS_HL 0430.JPG,Tomato___healthy,tomato__healthy__healthy,tomato,healthy,Healthy Leaf,256,256,3,1.0,RGB,JPEG,23.91,True,
datasets/raw/plantvillage/raw/color/Tomato___healthy/6fa01a78-0d8d-4ecf-b90f-4dbc2e89f2d9___RS_HL 0220.JPG,6fa01a78-0d8d-4ecf-b90f-4dbc2e89f2d9___RS_HL 0220.JPG,Tomato___healthy,tomato__healthy__healthy,tomato,healthy,Healthy Leaf,256,256,3,1.0,RGB,JPEG,25.88,True,
datasets/raw/plantvillage/raw/color/Tomato___healthy/61db52ae-d868-4ba0-bac0-b2c9dc539cd8___RS_HL 0140.JPG,61db52ae-d868-4ba0-bac0-b2c9dc539cd8___RS_HL 0140.JPG,Tomato___healthy,tomato__healthy__healthy,tomato,healthy,Healthy Leaf,256,256,3,1.0,RGB,JPEG,24.71,True,
datasets/raw/plantvillage/raw/color/Tomato___healthy/23467438-6237-4b34-acde-80a3129e4b5d___GH_HL Leaf 187.JPG,23467438-6237-4b34-acde-80a3129e4b5d___GH_HL Leaf 187.JPG,Tomato___healthy,tomato__healthy__healthy,tomato,healthy,Healthy Leaf,256,256,3,1.0,RGB,JPEG,18.25,True,
datasets/raw/plantvillage/raw/color/Tomato___healthy/b6fa2d79-dac1-42c6-a074-9d013843bb11___GH_HL Leaf 276.1.JPG,b6fa2d79-dac1-42c6-a074-9d013843bb11___GH_HL Leaf 276.1.JPG,Tomato___healthy,tomato__healthy__healthy,tomato,healthy,Healthy Leaf,256,256,3,1.0,RGB,JPEG,15.88,True,
datasets/raw/plantvillage/raw/color/Tomato___healthy/fe0b76dc-4263-4cda-8840-310ebe72a432___GH_HL Leaf 490.JPG,fe0b76dc-4263-4cda-8840-310ebe72a432___GH_HL Leaf 490.JPG,Tomato___healthy,tomato__healthy__healthy,tomato,healthy,Healthy Leaf,256,256,3,1.0,RGB,JPEG,13.57,True,
datasets/raw/plantvillage/raw/color/Tomato___healthy/2a8f7c7a-fbd4-4669-90eb-61ee118db2a7___RS_HL 0126.JPG,2a8f7c7a-fbd4-4669-90eb-61ee118db2a7___RS_HL 0126.JPG,Tomato___healthy,tomato__healthy__healthy,tomato,healthy,Healthy Leaf,256,256,3,1.0,RGB,JPEG,25.39,True,
datasets/raw/plantvillage/raw/color/Tomato___healthy/bb7bfa73-7bd8-4703-a175-5843c00851ac___RS_HL 0517.JPG,bb7bfa73-7bd8-4703-a175-5843c00851ac___RS_HL 0517.JPG,Tomato___healthy,tomato__healthy__healthy,tomato,healthy,Healthy Leaf,256,256,3,1.0,RGB,JPEG,25.9,True,
datasets/raw/plantvillage/raw/color/Tomato___healthy/337e35e3-7b0d-4760-a1f6-c26c7db90a0b___GH_HL Leaf 425.JPG,337e35e3-7b0d-4760-a1f6-c26c7db90a0b___GH_HL Leaf 425.JPG,Tomato___healthy,tomato__healthy__healthy,tomato,healthy,Healthy Leaf,256,256,3,1.0,RGB,JPEG,15.37,True,
datasets/raw/plantvillage/raw/color/Tomato___healthy/c268e18a-6916-43ef-8aa8-f68b1429b7dc___GH_HL Leaf 236.2.JPG,c268e18a-6916-43ef-8aa8-f68b1429b7dc___GH_HL Leaf 236.2.JPG,Tomato___healthy,tomato__healthy__healthy,tomato,healthy,Healthy Leaf,256,256,3,1.0,RGB,JPEG,18.14,True,
datasets/raw/plantvillage/raw/color/Tomato___healthy/068e324c-faf6-40d6-8f83-578907f1cac5___GH_HL Leaf 466.1.JPG,068e324c-faf6-40d6-8f83-578907f1cac5___GH_HL Leaf 466.1.JPG,Tomato___healthy,tomato__healthy__healthy,tomato,healthy,Healthy Leaf,256,256,3,1.0,RGB,JPEG,13.29,True,
datasets/raw/plantvillage/raw/color/Tomato___healthy/da5c938a-1baf-46cb-b1e6-c3bfef99b816___RS_HL 9981.JPG,da5c938a-1baf-46cb-b1e6-c3bfef99b816___RS_HL 9981.JPG,Tomato___healthy,tomato__healthy__healthy,tomato,healthy,Healthy Leaf,256,256,3,1.0,RGB,JPEG,24.56,True,
datasets/raw/plantvillage/raw/color/Tomato___healthy/cf4431f9-8b69-46dd-80fb-732f1a652027___RS_HL 0510.JPG,cf4431f9-8b69-46dd-80fb-732f1a652027___RS_HL 0510.JPG,Tomato___healthy,tomato__healthy__healthy,tomato,healthy,Healthy Leaf,256,256,3,1.0,RGB,JPEG,26.58,True,
datasets/raw/plantvillage/raw/color/Tomato___healthy/283a4ff6-4a72-498d-b5fc-df970b8b4b83___RS_HL 9643.JPG,283a4ff6-4a72-498d-b5fc-df970b8b4b83___RS_HL 9643.JPG,Tomato___healthy,tomato__healthy__healthy,tomato,healthy,Healthy Leaf,256,256,3,1.0,RGB,JPEG,25.1,True,
datasets/raw/plantvillage/raw/color/Tomato___healthy/c8bb9905-8eb3-4d57-9c4b-caa1d4dca255___RS_HL 0243.JPG,c8bb9905-8eb3-4d57-9c4b-caa1d4dca255___RS_HL 0243.JPG,Tomato___healthy,tomato__healthy__healthy,tomato,healthy,Healthy Leaf,256,256,3,1.0,RGB,JPEG,25.33,True,
datasets/raw/plantvillage/raw/color/Tomato___healthy/ed76421e-84e4-408b-a1b3-c6164867b3d2___RS_HL 0560.JPG,ed76421e-84e4-408b-a1b3-c6164867b3d2___RS_HL 0560.JPG,Tomato___healthy,tomato__healthy__healthy,tomato,healthy,Healthy Leaf,256,256,3,1.0,RGB,JPEG,27.14,True,
datasets/raw/plantvillage/raw/color/Tomato___healthy/62fa284f-8fc8-46b7-a74d-71bada562464___RS_HL 0303.JPG,62fa284f-8fc8-46b7-a74d-71bada562464___RS_HL 0303.JPG,Tomato___healthy,tomato__healthy__healthy,tomato,healthy,Healthy Leaf,256,256,3,1.0,RGB,JPEG,25.52,True,
datasets/raw/plantvillage/raw/color/Tomato___healthy/a98d00cf-f048-44d7-b82b-3328a8e891b3___RS_HL 0585.JPG,a98d00cf-f048-44d7-b82b-3328a8e891b3___RS_HL 0585.JPG,Tomato___healthy,tomato__healthy__healthy,tomato,healthy,Healthy Leaf,256,256,3,1.0,RGB,JPEG,24.64,True,
datasets/raw/plantvillage/raw/color/Tomato___healthy/3ee909e6-4de7-4120-bb0e-bd71627f8bf1___RS_HL 9782.JPG,3ee909e6-4de7-4120-bb0e-bd71627f8bf1___RS_HL 9782.JPG,Tomato___healthy,tomato__healthy__healthy,tomato,healthy,Healthy Leaf,256,256,3,1.0,RGB,JPEG,24.14,True,
datasets/raw/plantvillage/raw/color/Tomato___healthy/45aa56d9-24bf-40e4-93ca-a34ce0fb905d___RS_HL 0144.JPG,45aa56d9-24bf-40e4-93ca-a34ce0fb905d___RS_HL 0144.JPG,Tomato___healthy,tomato__healthy__healthy,tomato,healthy,Healthy Leaf,256,256,3,1.0,RGB,JPEG,24.63,True,
datasets/raw/plantvillage/raw/color/Tomato___healthy/8811ef44-071b-430a-a0a4-989bf7668582___GH_HL Leaf 193.JPG,8811ef44-071b-430a-a0a4-989bf7668582___GH_HL Leaf 193.JPG,Tomato___healthy,tomato__healthy__healthy,tomato,healthy,Healthy Leaf,256,256,3,1.0,RGB,JPEG,16.35,True,
datasets/raw/plantvillage/raw/color/Tomato___healthy/2d66100e-9a61-412b-95da-2b852de7a447___RS_HL 9950.JPG,2d66100e-9a61-412b-95da-2b852de7a447___RS_HL 9950.JPG,Tomato___healthy,tomato__healthy__healthy,tomato,healthy,Healthy Leaf,256,256,3,1.0,RGB,JPEG,25.35,True,
datasets/raw/plantvillage/raw/color/Tomato___healthy/e1436a17-dca7-4687-a0ec-31a28389063e___RS_HL 0529.JPG,e1436a17-dca7-4687-a0ec-31a28389063e___RS_HL 0529.JPG,Tomato___healthy,tomato__healthy__healthy,tomato,healthy,Healthy Leaf,256,256,3,1.0,RGB,JPEG,27.91,True,
datasets/raw/plantvillage/raw/color/Tomato___healthy/b0bf12cb-8868-4762-bd27-8cb3ebf69594___GH_HL Leaf 512.1.JPG,b0bf12cb-8868-4762-bd27-8cb3ebf69594___GH_HL Leaf 512.1.JPG,Tomato___healthy,tomato__healthy__healthy,tomato,healthy,Healthy Leaf,256,256,3,1.0,RGB,JPEG,15.7,True,
datasets/raw/plantvillage/raw/color/Tomato___healthy/4b9bc37a-a9af-4e3f-a4e4-1e6cfb79c673___RS_HL 0262.JPG,4b9bc37a-a9af-4e3f-a4e4-1e6cfb79c673___RS_HL 0262.JPG,Tomato___healthy,tomato__healthy__healthy,tomato,healthy,Healthy Leaf,256,256,3,1.0,RGB,JPEG,27.47,True,
datasets/raw/plantvillage/raw/color/Tomato___healthy/7620a603-c3cd-4893-9481-901c9950bb00___GH_HL Leaf 263.1.JPG,7620a603-c3cd-4893-9481-901c9950bb00___GH_HL Leaf 263.1.JPG,Tomato___healthy,tomato__healthy__healthy,tomato,healthy,Healthy Leaf,256,256,3,1.0,RGB,JPEG,15.91,True,
datasets/raw/plantvillage/raw/color/Tomato___healthy/9022a9e2-3161-4d34-9c83-e3e72d8154a1___RS_HL 0233.JPG,9022a9e2-3161-4d34-9c83-e3e72d8154a1___RS_HL 0233.JPG,Tomato___healthy,tomato__healthy__healthy,tomato,healthy,Healthy Leaf,256,256,3,1.0,RGB,JPEG,25.03,True,
datasets/raw/plantvillage/raw/color/Tomato___healthy/54a6ab64-9e7f-4126-8497-857c7c339a80___RS_HL 0461.JPG,54a6ab64-9e7f-4126-8497-857c7c339a80___RS_HL 0461.JPG,Tomato___healthy,tomato__healthy__healthy,tomato,healthy,Healthy Leaf,256,256,3,1.0,RGB,JPEG,23.75,True,
datasets/raw/plantvillage/raw/color/Tomato___healthy/adeea527-67a9-4426-8b18-221fe085fe87___RS_HL 0008.JPG,adeea527-67a9-4426-8b18-221fe085fe87___RS_HL 0008.JPG,Tomato___healthy,tomato__healthy__healthy,tomato,healthy,Healthy Leaf,256,256,3,1.0,RGB,JPEG,24.98,True,
datasets/raw/plantvillage/raw/color/Tomato___healthy/e090d873-c435-4d1b-95dd-29f5a2f22a09___GH_HL Leaf 266.1.JPG,e090d873-c435-4d1b-95dd-29f5a2f22a09___GH_HL Leaf 266.1.JPG,Tomato___healthy,tomato__healthy__healthy,tomato,healthy,Healthy Leaf,256,256,3,1.0,RGB,JPEG,17.28,True,
datasets/raw/plantvillage/raw/color/Tomato___healthy/8c4cf935-765a-4689-a093-08e8c64fb124___GH_HL Leaf 369.JPG,8c4cf935-765a-4689-a093-08e8c64fb124___GH_HL Leaf 369.JPG,Tomato___healthy,tomato__healthy__healthy,tomato,healthy,Healthy Leaf,256,256,3,1.0,RGB,JPEG,13.15,True,
datasets/raw/plantvillage/raw/color/Tomato___healthy/c296246d-42ab-4274-9037-df2470e2d3a5___RS_HL 0085.JPG,c296246d-42ab-4274-9037-df2470e2d3a5___RS_HL 0085.JPG,Tomato___healthy,tomato__healthy__healthy,tomato,healthy,Healthy Leaf,256,256,3,1.0,RGB,JPEG,25.77,True,
datasets/raw/plantvillage/raw/color/Tomato___healthy/84b9dbb3-98bb-48b0-893f-74627840a2b9___GH_HL Leaf 225.JPG,84b9dbb3-98bb-48b0-893f-74627840a2b9___GH_HL Leaf 225.JPG,Tomato___healthy,tomato__healthy__healthy,tomato,healthy,Healthy Leaf,256,256,3,1.0,RGB,JPEG,14.84,True,
datasets/raw/plantvillage/raw/color/Tomato___healthy/0cb10f98-491d-4e1f-b8ea-4fb0f1b3675f___GH_HL Leaf 333.JPG,0cb10f98-491d-4e1f-b8ea-4fb0f1b3675f___GH_HL Leaf 333.JPG,Tomato___healthy,tomato__healthy__healthy,tomato,healthy,Healthy Leaf,256,256,3,1.0,RGB,JPEG,19.54,True,
datasets/raw/plantvillage/raw/color/Tomato___healthy/c5f1eec0-35c2-43ce-8a14-575d86258f73___RS_HL 0337.JPG,c5f1eec0-35c2-43ce-8a14-575d86258f73___RS_HL 0337.JPG,Tomato___healthy,tomato__healthy__healthy,tomato,healthy,Healthy Leaf,256,256,3,1.0,RGB,JPEG,24.18,True,
datasets/raw/plantvillage/raw/color/Tomato___healthy/5d11d60f-fb4a-4178-9594-d017a0f51b59___GH_HL Leaf 271.JPG,5d11d60f-fb4a-4178-9594-d017a0f51b59___GH_HL Leaf 271.JPG,Tomato___healthy,tomato__healthy__healthy,tomato,healthy,Healthy Leaf,256,256,3,1.0,RGB,JPEG,20.47,True,
datasets/raw/plantvillage/raw/color/Tomato___healthy/c14e3118-373b-4164-8f54-6c4239908d0f___GH_HL Leaf 488.JPG,c14e3118-373b-4164-8f54-6c4239908d0f___GH_HL Leaf 488.JPG,Tomato___healthy,tomato__healthy__healthy,tomato,healthy,Healthy Leaf,256,256,3,1.0,RGB,JPEG,13.45,True,
datasets/raw/plantvillage/raw/color/Tomato___healthy/fcfb486e-63dc-405c-8a17-0551e5f76959___RS_HL 9663.JPG,fcfb486e-63dc-405c-8a17-0551e5f76959___RS_HL 9663.JPG,Tomato___healthy,tomato__healthy__healthy,tomato,healthy,Healthy Leaf,256,256,3,1.0,RGB,JPEG,23.06,True,
datasets/raw/plantvillage/raw/color/Tomato___healthy/a1aa732c-1c39-4c6b-b5d1-e0ea7a8587a5___RS_HL 0565.JPG,a1aa732c-1c39-4c6b-b5d1-e0ea7a8587a5___RS_HL 0565.JPG,Tomato___healthy,tomato__healthy__healthy,tomato,healthy,Healthy Leaf,256,256,3,1.0,RGB,JPEG,26.58,True,
datasets/raw/plantvillage/raw/color/Tomato___healthy/c4a237c9-db9d-47c0-a6ec-80ef66070ba9___RS_HL 0438.JPG,c4a237c9-db9d-47c0-a6ec-80ef66070ba9___RS_HL 0438.JPG,Tomato___healthy,tomato__healthy__healthy,tomato,healthy,Healthy Leaf,256,256,3,1.0,RGB,JPEG,25.22,True,
datasets/raw/plantvillage/raw/color/Tomato___healthy/0d789240-9714-4378-8b63-4afb12ddfa44___RS_HL 9735.JPG,0d789240-9714-4378-8b63-4afb12ddfa44___RS_HL 9735.JPG,Tomato___healthy,tomato__healthy__healthy,tomato,healthy,Healthy Leaf,256,256,3,1.0,RGB,JPEG,23.51,True,
datasets/raw/plantvillage/raw/color/Tomato___healthy/2e875abf-377c-4663-a406-e02984215fa6___RS_HL 0499.JPG,2e875abf-377c-4663-a406-e02984215fa6___RS_HL 0499.JPG,Tomato___healthy,tomato__healthy__healthy,tomato,healthy,Healthy Leaf,256,256,3,1.0,RGB,JPEG,26.18,True,
datasets/raw/plantvillage/raw/color/Tomato___healthy/1cb9d4d1-280b-479c-95a9-01f71acf70bc___RS_HL 0641.JPG,1cb9d4d1-280b-479c-95a9-01f71acf70bc___RS_HL 0641.JPG,Tomato___healthy,tomato__healthy__healthy,tomato,healthy,Healthy Leaf,256,256,3,1.0,RGB,JPEG,19.97,True,
datasets/raw/plantvillage/raw/color/Tomato___healthy/dfa6e9aa-b240-4148-bdef-5c0f21ff62ff___RS_HL 0318.JPG,dfa6e9aa-b240-4148-bdef-5c0f21ff62ff___RS_HL 0318.JPG,Tomato___healthy,tomato__healthy__healthy,tomato,healthy,Healthy Leaf,256,256,3,1.0,RGB,JPEG,26.31,True,
datasets/raw/plantvillage/raw/color/Tomato___healthy/d7f9efa9-5684-42f4-b183-958a83d3ebcd___RS_HL 9923.JPG,d7f9efa9-5684-42f4-b183-958a83d3ebcd___RS_HL 9923.JPG,Tomato___healthy,tomato__healthy__healthy,tomato,healthy,Healthy Leaf,256,256,3,1.0,RGB,JPEG,24.42,True,
datasets/raw/plantvillage/raw/color/Tomato___healthy/15cae3c8-6843-49d1-8da6-33bd014f05ce___GH_HL Leaf 169.JPG,15cae3c8-6843-49d1-8da6-33bd014f05ce___GH_HL Leaf 169.JPG,Tomato___healthy,tomato__healthy__healthy,tomato,healthy,Healthy Leaf,256,256,3,1.0,RGB,JPEG,14.73,True,
datasets/raw/plantvillage/raw/color/Tomato___healthy/2c741e7d-d03b-4903-8e42-1e43f5ad7286___RS_HL 0131.JPG,2c741e7d-d03b-4903-8e42-1e43f5ad7286___RS_HL 0131.JPG,Tomato___healthy,tomato__healthy__healthy,tomato,healthy,Healthy Leaf,256,256,3,1.0,RGB,JPEG,24.75,True,
datasets/raw/plantvillage/raw/color/Tomato___healthy/162db449-3361-40fa-a9bf-42bb63d43781___RS_HL 9647.JPG,162db449-3361-40fa-a9bf-42bb63d43781___RS_HL 9647.JPG,Tomato___healthy,tomato__healthy__healthy,tomato,healthy,Healthy Leaf,256,256,3,1.0,RGB,JPEG,22.98,True,
datasets/raw/plantvillage/raw/color/Tomato___healthy/0f9a114d-1df8-442c-90e7-d14d2f6efb23___RS_HL 9964.JPG,0f9a114d-1df8-442c-90e7-d14d2f6efb23___RS_HL 9964.JPG,Tomato___healthy,tomato__healthy__healthy,tomato,healthy,Healthy Leaf,256,256,3,1.0,RGB,JPEG,23.45,True,
datasets/raw/plantvillage/raw/color/Tomato___healthy/5393abd2-b4e2-4af2-94d4-c52c919fc157___RS_HL 0322.JPG,5393abd2-b4e2-4af2-94d4-c52c919fc157___RS_HL 0322.JPG,Tomato___healthy,tomato__healthy__healthy,tomato,healthy,Healthy Leaf,256,256,3,1.0,RGB,JPEG,23.25,True,
datasets/raw/plantvillage/raw/color/Tomato___healthy/4629608b-5ac4-49d9-a8ff-ca1548fd4710___GH_HL Leaf 375.JPG,4629608b-5ac4-49d9-a8ff-ca1548fd4710___GH_HL Leaf 375.JPG,Tomato___healthy,tomato__healthy__healthy,tomato,healthy,Healthy Leaf,256,256,3,1.0,RGB,JPEG,15.96,True,
datasets/raw/plantvillage/raw/color/Tomato___healthy/221b0575-215a-430d-a728-60020b7ad160___GH_HL Leaf 340.JPG,221b0575-215a-430d-a728-60020b7ad160___GH_HL Leaf 340.JPG,Tomato___healthy,tomato__healthy__healthy,tomato,healthy,Healthy Leaf,256,256,3,1.0,RGB,JPEG,16.16,True,
datasets/raw/plantvillage/raw/color/Tomato___healthy/14c040c1-d57c-43b7-9cda-74dff9e6a552___RS_HL 0241.JPG,14c040c1-d57c-43b7-9cda-74dff9e6a552___RS_HL 0241.JPG,Tomato___healthy,tomato__healthy__healthy,tomato,healthy,Healthy Leaf,256,256,3,1.0,RGB,JPEG,25.38,True,
datasets/raw/plantvillage/raw/color/Tomato___healthy/12f2989a-82c7-41d1-ae23-93a6e85bfd57___RS_HL 9798.JPG,12f2989a-82c7-41d1-ae23-93a6e85bfd57___RS_HL 9798.JPG,Tomato___healthy,tomato__healthy__healthy,tomato,healthy,Healthy Leaf,256,256,3,1.0,RGB,JPEG,25.17,True,
datasets/raw/plantvillage/raw/color/Tomato___healthy/0326b4b6-0f25-47af-bfd9-d8fec314a4f5___RS_HL 0621.JPG,0326b4b6-0f25-47af-bfd9-d8fec314a4f5___RS_HL 0621.JPG,Tomato___healthy,tomato__healthy__healthy,tomato,healthy,Healthy Leaf,256,256,3,1.0,RGB,JPEG,26.64,True,
datasets/raw/plantvillage/raw/color/Tomato___healthy/71967e69-6356-49c1-81ce-624792b4d964___GH_HL Leaf 315.1.JPG,71967e69-6356-49c1-81ce-624792b4d964___GH_HL Leaf 315.1.JPG,Tomato___healthy,tomato__healthy__healthy,tomato,healthy,Healthy Leaf,256,256,3,1.0,RGB,JPEG,17.73,True,
datasets/raw/plantvillage/raw/color/Tomato___healthy/2956235c-12ff-403f-be91-60868a42ad3e___RS_HL 9849.JPG,2956235c-12ff-403f-be91-60868a42ad3e___RS_HL 9849.JPG,Tomato___healthy,tomato__healthy__healthy,tomato,healthy,Healthy Leaf,256,256,3,1.0,RGB,JPEG,25.58,True,
datasets/raw/plantvillage/raw/color/Tomato___healthy/c7e8ea40-31e0-4e96-80e5-7d0adfd73d16___RS_HL 0417.JPG,c7e8ea40-31e0-4e96-80e5-7d0adfd73d16___RS_HL 0417.JPG,Tomato___healthy,tomato__healthy__healthy,tomato,healthy,Healthy Leaf,256,256,3,1.0,RGB,JPEG,25.83,True,
datasets/raw/plantvillage/raw/color/Tomato___healthy/34a5aaa7-f50f-4b19-8a92-78ad697f6865___GH_HL Leaf 407.1.JPG,34a5aaa7-f50f-4b19-8a92-78ad697f6865___GH_HL Leaf 407.1.JPG,Tomato___healthy,tomato__healthy__healthy,tomato,healthy,Healthy Leaf,256,256,3,1.0,RGB,JPEG,16.78,True,
datasets/raw/plantvillage/raw/color/Tomato___healthy/666598c7-f09e-4f8b-baf1-7d99e38de8c9___GH_HL Leaf 430.1.JPG,666598c7-f09e-4f8b-baf1-7d99e38de8c9___GH_HL Leaf 430.1.JPG,Tomato___healthy,tomato__healthy__healthy,tomato,healthy,Healthy Leaf,256,256,3,1.0,RGB,JPEG,13.79,True,
datasets/raw/plantvillage/raw/color/Tomato___healthy/8e6025ac-c6d3-412a-9fec-946247f6ca08___GH_HL Leaf 461.3.JPG,8e6025ac-c6d3-412a-9fec-946247f6ca08___GH_HL Leaf 461.3.JPG,Tomato___healthy,tomato__healthy__healthy,tomato,healthy,Healthy Leaf,256,256,3,1.0,RGB,JPEG,14.54,True,
datasets/raw/plantvillage/raw/color/Tomato___healthy/3247a6d7-a473-414f-af51-2d8de917ee82___RS_HL 9622.JPG,3247a6d7-a473-414f-af51-2d8de917ee82___RS_HL 9622.JPG,Tomato___healthy,tomato__healthy__healthy,tomato,healthy,Healthy Leaf,256,256,3,1.0,RGB,JPEG,21.86,True,
datasets/raw/plantvillage/raw/color/Tomato___healthy/310d6f93-5075-44a2-80e4-57463adff105___GH_HL Leaf 449.1.JPG,310d6f93-5075-44a2-80e4-57463adff105___GH_HL Leaf 449.1.JPG,Tomato___healthy,tomato__healthy__healthy,tomato,healthy,Healthy Leaf,256,256,3,1.0,RGB,JPEG,14.48,True,
datasets/raw/plantvillage/raw/color/Tomato___healthy/cb602835-7f6d-4926-80b4-77fe22f7ff66___GH_HL Leaf 226.JPG,cb602835-7f6d-4926-80b4-77fe22f7ff66___GH_HL Leaf 226.JPG,Tomato___healthy,tomato__healthy__healthy,tomato,healthy,Healthy Leaf,256,256,3,1.0,RGB,JPEG,17.15,True,
datasets/raw/plantvillage/raw/color/Tomato___healthy/acdbf632-8d26-472d-874f-6d7df5cd0432___RS_HL 9897.JPG,acdbf632-8d26-472d-874f-6d7df5cd0432___RS_HL 9897.JPG,Tomato___healthy,tomato__healthy__healthy,tomato,healthy,Healthy Leaf,256,256,3,1.0,RGB,JPEG,24.69,True,
datasets/raw/plantvillage/raw/color/Tomato___healthy/b2deac55-9527-41dc-9b02-36097d4a8d21___RS_HL 0152.JPG,b2deac55-9527-41dc-9b02-36097d4a8d21___RS_HL 0152.JPG,Tomato___healthy,tomato__healthy__healthy,tomato,healthy,Healthy Leaf,256,256,3,1.0,RGB,JPEG,25.91,True,
datasets/raw/plantvillage/raw/color/Tomato___healthy/a0aac34b-e9c8-4c9e-84b5-8f9ee4cf1502___RS_HL 0622.JPG,a0aac34b-e9c8-4c9e-84b5-8f9ee4cf1502___RS_HL 0622.JPG,Tomato___healthy,tomato__healthy__healthy,tomato,healthy,Healthy Leaf,256,256,3,1.0,RGB,JPEG,24.95,True,
datasets/raw/plantvillage/raw/color/Tomato___healthy/2996b910-fc94-43ef-99b3-efc0ae494872___RS_HL 0410.JPG,2996b910-fc94-43ef-99b3-efc0ae494872___RS_HL 0410.JPG,Tomato___healthy,tomato__healthy__healthy,tomato,healthy,Healthy Leaf,256,256,3,1.0,RGB,JPEG,26.69,True,
datasets/raw/plantvillage/raw/color/Tomato___healthy/50ac802c-b814-4faf-b0d5-a7bc012747eb___GH_HL Leaf 315.JPG,50ac802c-b814-4faf-b0d5-a7bc012747eb___GH_HL Leaf 315.JPG,Tomato___healthy,tomato__healthy__healthy,tomato,healthy,Healthy Leaf,256,256,3,1.0,RGB,JPEG,17.36,True,
datasets/raw/plantvillage/raw/color/Tomato___healthy/cd8d1ae6-2c8e-43ac-8314-77d88e1153c7___GH_HL Leaf 365.JPG,cd8d1ae6-2c8e-43ac-8314-77d88e1153c7___GH_HL Leaf 365.JPG,Tomato___healthy,tomato__healthy__healthy,tomato,healthy,Healthy Leaf,256,256,3,1.0,RGB,JPEG,12.67,True,
datasets/raw/plantvillage/raw/color/Tomato___healthy/80e6c399-040d-426f-94d9-8fb720b3836d___RS_HL 0333.JPG,80e6c399-040d-426f-94d9-8fb720b3836d___RS_HL 0333.JPG,Tomato___healthy,tomato__healthy__healthy,tomato,healthy,Healthy Leaf,256,256,3,1.0,RGB,JPEG,25.29,True,
datasets/raw/plantvillage/raw/color/Tomato___healthy/2969446c-455d-4ad3-a0f4-25786dca0841___RS_HL 9793.JPG,2969446c-455d-4ad3-a0f4-25786dca0841___RS_HL 9793.JPG,Tomato___healthy,tomato__healthy__healthy,tomato,healthy,Healthy Leaf,256,256,3,1.0,RGB,JPEG,22.61,True,
datasets/raw/plantvillage/raw/color/Tomato___healthy/083426c2-0042-4788-91ea-b7d93395c24a___RS_HL 9929.JPG,083426c2-0042-4788-91ea-b7d93395c24a___RS_HL 9929.JPG,Tomato___healthy,tomato__healthy__healthy,tomato,healthy,Healthy Leaf,256,256,3,1.0,RGB,JPEG,26.04,True,
datasets/raw/plantvillage/raw/color/Tomato___healthy/c58defb7-5515-4b89-896f-13039c13051f___GH_HL Leaf 372.1.JPG,c58defb7-5515-4b89-896f-13039c13051f___GH_HL Leaf 372.1.JPG,Tomato___healthy,tomato__healthy__healthy,tomato,healthy,Healthy Leaf,256,256,3,1.0,RGB,JPEG,15.53,True,
datasets/raw/plantvillage/raw/color/Tomato___healthy/ed6f80a2-c69f-4d33-ad3d-ef2186aa1db1___RS_HL 9669.JPG,ed6f80a2-c69f-4d33-ad3d-ef2186aa1db1___RS_HL 9669.JPG,Tomato___healthy,tomato__healthy__healthy,tomato,healthy,Healthy Leaf,256,256,3,1.0,RGB,JPEG,25.46,True,
datasets/raw/plantvillage/raw/color/Tomato___healthy/83781ea3-eaed-467a-9147-678002262295___RS_HL 0330.JPG,83781ea3-eaed-467a-9147-678002262295___RS_HL 0330.JPG,Tomato___healthy,tomato__healthy__healthy,tomato,healthy,Healthy Leaf,256,256,3,1.0,RGB,JPEG,24.48,True,
datasets/raw/plantvillage/raw/color/Tomato___healthy/bc21b9df-de42-4899-991c-065035815af4___RS_HL 0569.JPG,bc21b9df-de42-4899-991c-065035815af4___RS_HL 0569.JPG,Tomato___healthy,tomato__healthy__healthy,tomato,healthy,Healthy Leaf,256,256,3,1.0,RGB,JPEG,25.33,True,
datasets/raw/plantvillage/raw/color/Tomato___healthy/b8b8bef0-e86c-47ae-ba47-7912b10beffe___GH_HL Leaf 302.JPG,b8b8bef0-e86c-47ae-ba47-7912b10beffe___GH_HL Leaf 302.JPG,Tomato___healthy,tomato__healthy__healthy,tomato,healthy,Healthy Leaf,256,256,3,1.0,RGB,JPEG,16.08,True,
datasets/raw/plantvillage/raw/color/Tomato___healthy/ef23fd72-1367-41c5-820f-c89533ad258e___GH_HL Leaf 303.1.JPG,ef23fd72-1367-41c5-820f-c89533ad258e___GH_HL Leaf 303.1.JPG,Tomato___healthy,tomato__healthy__healthy,tomato,healthy,Healthy Leaf,256,256,3,1.0,RGB,JPEG,18.05,True,
datasets/raw/plantvillage/raw/color/Tomato___healthy/bd7ec723-4020-4d73-96b4-8c57c94e93fe___GH_HL Leaf 382.2.JPG,bd7ec723-4020-4d73-96b4-8c57c94e93fe___GH_HL Leaf 382.2.JPG,Tomato___healthy,tomato__healthy__healthy,tomato,healthy,Healthy Leaf,256,256,3,1.0,RGB,JPEG,14.81,True,
datasets/raw/plantvillage/raw/color/Tomato___healthy/f62d9b06-1625-4277-9347-0f3097c41fcf___GH_HL Leaf 518.2.JPG,f62d9b06-1625-4277-9347-0f3097c41fcf___GH_HL Leaf 518.2.JPG,Tomato___healthy,tomato__healthy__healthy,tomato,healthy,Healthy Leaf,256,256,3,1.0,RGB,JPEG,16.95,True,
datasets/raw/plantvillage/raw/color/Tomato___healthy/a8070204-763a-47f2-9b83-445c17975cdf___RS_HL 0024.JPG,a8070204-763a-47f2-9b83-445c17975cdf___RS_HL 0024.JPG,Tomato___healthy,tomato__healthy__healthy,tomato,healthy,Healthy Leaf,256,256,3,1.0,RGB,JPEG,26.29,True,
datasets/raw/plantvillage/raw/color/Tomato___healthy/84991306-21f6-41fb-a723-0c7ba1dac9d3___GH_HL Leaf 199.JPG,84991306-21f6-41fb-a723-0c7ba1dac9d3___GH_HL Leaf 199.JPG,Tomato___healthy,tomato__healthy__healthy,tomato,healthy,Healthy Leaf,256,256,3,1.0,RGB,JPEG,19.38,True,
datasets/raw/plantvillage/raw/color/Tomato___healthy/0d615a38-cfa4-45e4-b1b4-9977220e19ca___RS_HL 9815.JPG,0d615a38-cfa4-45e4-b1b4-9977220e19ca___RS_HL 9815.JPG,Tomato___healthy,tomato__healthy__healthy,tomato,healthy,Healthy Leaf,256,256,3,1.0,RGB,JPEG,24.44,True,
datasets/raw/plantvillage/raw/color/Tomato___healthy/ae17a302-03cb-48c7-aee2-6d9a859ce5dc___RS_HL 9811.JPG,ae17a302-03cb-48c7-aee2-6d9a859ce5dc___RS_HL 9811.JPG,Tomato___healthy,tomato__healthy__healthy,tomato,healthy,Healthy Leaf,256,256,3,1.0,RGB,JPEG,19.85,True,
datasets/raw/plantvillage/raw/color/Tomato___healthy/0b5cfce2-38fd-4984-8926-2d2911c48490___RS_HL 9733.JPG,0b5cfce2-38fd-4984-8926-2d2911c48490___RS_HL 9733.JPG,Tomato___healthy,tomato__healthy__healthy,tomato,healthy,Healthy Leaf,256,256,3,1.0,RGB,JPEG,23.9,True,
datasets/raw/plantvillage/raw/color/Tomato___healthy/9630e186-4b6c-492b-b450-a30bd7fd7fcb___GH_HL Leaf 322.1.JPG,9630e186-4b6c-492b-b450-a30bd7fd7fcb___GH_HL Leaf 322.1.JPG,Tomato___healthy,tomato__healthy__healthy,tomato,healthy,Healthy Leaf,256,256,3,1.0,RGB,JPEG,16.37,True,
datasets/raw/plantvillage/raw/color/Tomato___healthy/9dc940f8-cd79-4341-95ef-f845583d9dff___RS_HL 9751.JPG,9dc940f8-cd79-4341-95ef-f845583d9dff___RS_HL 9751.JPG,Tomato___healthy,tomato__healthy__healthy,tomato,healthy,Healthy Leaf,256,256,3,1.0,RGB,JPEG,23.5,True,
datasets/raw/plantvillage/raw/color/Tomato___healthy/5f8189f2-51cf-49b4-8a34-4955f26cf222___RS_HL 0352.JPG,5f8189f2-51cf-49b4-8a34-4955f26cf222___RS_HL 0352.JPG,Tomato___healthy,tomato__healthy__healthy,tomato,healthy,Healthy Leaf,256,256,3,1.0,RGB,JPEG,25.53,True,
datasets/raw/plantvillage/raw/color/Tomato___healthy/256a65aa-690c-4e03-b426-21e84bb9b6dd___GH_HL Leaf 477.1.JPG,256a65aa-690c-4e03-b426-21e84bb9b6dd___GH_HL Leaf 477.1.JPG,Tomato___healthy,tomato__healthy__healthy,tomato,healthy,Healthy Leaf,256,256,3,1.0,RGB,JPEG,14.16,True,
datasets/raw/plantvillage/raw/color/Tomato___healthy/5eaf5201-8fc1-48ed-ae25-7570796044f9___RS_HL 9993.JPG,5eaf5201-8fc1-48ed-ae25-7570796044f9___RS_HL 9993.JPG,Tomato___healthy,tomato__healthy__healthy,tomato,healthy,Healthy Leaf,256,256,3,1.0,RGB,JPEG,26.59,True,
datasets/raw/plantvillage/raw/color/Tomato___healthy/711640b7-c013-4982-a5d9-c2d1d570048a___GH_HL Leaf 378.1.JPG,711640b7-c013-4982-a5d9-c2d1d570048a___GH_HL Leaf 378.1.JPG,Tomato___healthy,tomato__healthy__healthy,tomato,healthy,Healthy Leaf,256,256,3,1.0,RGB,JPEG,12.99,True,
datasets/raw/plantvillage/raw/color/Tomato___healthy/0b330273-890c-4995-af72-cba070fc0061___GH_HL Leaf 312.JPG,0b330273-890c-4995-af72-cba070fc0061___GH_HL Leaf 312.JPG,Tomato___healthy,tomato__healthy__healthy,tomato,healthy,Healthy Leaf,256,256,3,1.0,RGB,JPEG,18.72,True,
datasets/raw/plantvillage/raw/color/Tomato___healthy/2f9e1c60-06fc-41e9-af7d-a91c4a5e9f3d___GH_HL Leaf 504.1.JPG,2f9e1c60-06fc-41e9-af7d-a91c4a5e9f3d___GH_HL Leaf 504.1.JPG,Tomato___healthy,tomato__healthy__healthy,tomato,healthy,Healthy Leaf,256,256,3,1.0,RGB,JPEG,14.68,True,
datasets/raw/plantvillage/raw/color/Tomato___healthy/49d1f23f-f284-4397-a0a3-295f4eae4343___RS_HL 0067.JPG,49d1f23f-f284-4397-a0a3-295f4eae4343___RS_HL 0067.JPG,Tomato___healthy,tomato__healthy__healthy,tomato,healthy,Healthy Leaf,256,256,3,1.0,RGB,JPEG,23.67,True,
datasets/raw/plantvillage/raw/color/Tomato___healthy/cbb3f283-baaa-40b1-9e46-3414d8f74f99___GH_HL Leaf 231.1.JPG,cbb3f283-baaa-40b1-9e46-3414d8f74f99___GH_HL Leaf 231.1.JPG,Tomato___healthy,tomato__healthy__healthy,tomato,healthy,Healthy Leaf,256,256,3,1.0,RGB,JPEG,18.71,True,
datasets/raw/plantvillage/raw/color/Tomato___healthy/1d1017be-8cd6-4967-894b-1b9fb89d7d6e___RS_HL 0270.JPG,1d1017be-8cd6-4967-894b-1b9fb89d7d6e___RS_HL 0270.JPG,Tomato___healthy,tomato__healthy__healthy,tomato,healthy,Healthy Leaf,256,256,3,1.0,RGB,JPEG,26.72,True,
datasets/raw/plantvillage/raw/color/Tomato___healthy/b995ac55-e42d-4fb6-9b91-310a4d046c21___RS_HL 9668.JPG,b995ac55-e42d-4fb6-9b91-310a4d046c21___RS_HL 9668.JPG,Tomato___healthy,tomato__healthy__healthy,tomato,healthy,Healthy Leaf,256,256,3,1.0,RGB,JPEG,23.98,True,
datasets/raw/plantvillage/raw/color/Tomato___healthy/62c9e613-b9ae-4be2-9000-2bc800549baa___RS_HL 9625.JPG,62c9e613-b9ae-4be2-9000-2bc800549baa___RS_HL 9625.JPG,Tomato___healthy,tomato__healthy__healthy,tomato,healthy,Healthy Leaf,256,256,3,1.0,RGB,JPEG,22.69,True,
datasets/raw/plantvillage/raw/color/Tomato___healthy/d676d2f7-13a7-4d79-91fc-757b5d0bde6f___RS_HL 0601.JPG,d676d2f7-13a7-4d79-91fc-757b5d0bde6f___RS_HL 0601.JPG,Tomato___healthy,tomato__healthy__healthy,tomato,healthy,Healthy Leaf,256,256,3,1.0,RGB,JPEG,26.25,True,
datasets/raw/plantvillage/raw/color/Tomato___healthy/0920bfd6-6c70-432b-be33-cccb6abb0f31___GH_HL Leaf 181.1.JPG,0920bfd6-6c70-432b-be33-cccb6abb0f31___GH_HL Leaf 181.1.JPG,Tomato___healthy,tomato__healthy__healthy,tomato,healthy,Healthy Leaf,256,256,3,1.0,RGB,JPEG,19.6,True,
datasets/raw/plantvillage/raw/color/Tomato___healthy/18fa622c-8257-479a-9c81-7a6fe9a3a41b___GH_HL Leaf 428.JPG,18fa622c-8257-479a-9c81-7a6fe9a3a41b___GH_HL Leaf 428.JPG,Tomato___healthy,tomato__healthy__healthy,tomato,healthy,Healthy Leaf,256,256,3,1.0,RGB,JPEG,16.01,True,
datasets/raw/plantvillage/raw/color/Tomato___healthy/381a69d2-9a7d-40e2-adcb-9d7e362229e2___GH_HL Leaf 478.JPG,381a69d2-9a7d-40e2-adcb-9d7e362229e2___GH_HL Leaf 478.JPG,Tomato___healthy,tomato__healthy__healthy,tomato,healthy,Healthy Leaf,256,256,3,1.0,RGB,JPEG,18.62,True,
datasets/raw/plantvillage/raw/color/Tomato___healthy/1e5e6f9d-6d14-4ea7-9c36-c6a559e567d7___RS_HL 9780.JPG,1e5e6f9d-6d14-4ea7-9c36-c6a559e567d7___RS_HL 9780.JPG,Tomato___healthy,tomato__healthy__healthy,tomato,healthy,Healthy Leaf,256,256,3,1.0,RGB,JPEG,24.36,True,
datasets/raw/plantvillage/raw/color/Tomato___healthy/73bfef3d-ba16-4d1d-9aac-71b771e9c9b6___RS_HL 9777.JPG,73bfef3d-ba16-4d1d-9aac-71b771e9c9b6___RS_HL 9777.JPG,Tomato___healthy,tomato__healthy__healthy,tomato,healthy,Healthy Leaf,256,256,3,1.0,RGB,JPEG,24.41,True,
datasets/raw/plantvillage/raw/color/Tomato___healthy/4715a717-ed38-43b7-9ee1-4f83fba00743___RS_HL 0005.JPG,4715a717-ed38-43b7-9ee1-4f83fba00743___RS_HL 0005.JPG,Tomato___healthy,tomato__healthy__healthy,tomato,healthy,Healthy Leaf,256,256,3,1.0,RGB,JPEG,25.11,True,
datasets/raw/plantvillage/raw/color/Tomato___healthy/5f3f3da8-de1a-4cd8-af68-6801c9327834___RS_HL 9755.JPG,5f3f3da8-de1a-4cd8-af68-6801c9327834___RS_HL 9755.JPG,Tomato___healthy,tomato__healthy__healthy,tomato,healthy,Healthy Leaf,256,256,3,1.0,RGB,JPEG,26.19,True,
datasets/raw/plantvillage/raw/color/Tomato___healthy/e67f9352-aae3-45f5-9b36-f0da08037d51___RS_HL 9944.JPG,e67f9352-aae3-45f5-9b36-f0da08037d51___RS_HL 9944.JPG,Tomato___healthy,tomato__healthy__healthy,tomato,healthy,Healthy Leaf,256,256,3,1.0,RGB,JPEG,25.26,True,
datasets/raw/plantvillage/raw/color/Tomato___healthy/d2a7358e-6ba9-46ed-b5fd-5ba0fd1175f4___GH_HL Leaf 307.JPG,d2a7358e-6ba9-46ed-b5fd-5ba0fd1175f4___GH_HL Leaf 307.JPG,Tomato___healthy,tomato__healthy__healthy,tomato,healthy,Healthy Leaf,256,256,3,1.0,RGB,JPEG,18.27,True,
datasets/raw/plantvillage/raw/color/Tomato___healthy/a5de43e7-fc2f-4a14-a8e6-c0f2f94c84f1___GH_HL Leaf 434.JPG,a5de43e7-fc2f-4a14-a8e6-c0f2f94c84f1___GH_HL Leaf 434.JPG,Tomato___healthy,tomato__healthy__healthy,tomato,healthy,Healthy Leaf,256,256,3,1.0,RGB,JPEG,14.37,True,
datasets/raw/plantvillage/raw/color/Tomato___healthy/fab41c44-a8b6-4821-8ffa-08a2c1234970___RS_HL 0070.JPG,fab41c44-a8b6-4821-8ffa-08a2c1234970___RS_HL 0070.JPG,Tomato___healthy,tomato__healthy__healthy,tomato,healthy,Healthy Leaf,256,256,3,1.0,RGB,JPEG,24.0,True,
datasets/raw/plantvillage/raw/color/Tomato___healthy/e91d2c30-7a45-40db-b913-6714f9b89b1c___GH_HL Leaf 348.JPG,e91d2c30-7a45-40db-b913-6714f9b89b1c___GH_HL Leaf 348.JPG,Tomato___healthy,tomato__healthy__healthy,tomato,healthy,Healthy Leaf,256,256,3,1.0,RGB,JPEG,18.72,True,
datasets/raw/plantvillage/raw/color/Tomato___healthy/9268e1da-3fc4-49b1-8fcb-3f0d8957114a___GH_HL Leaf 277.1.JPG,9268e1da-3fc4-49b1-8fcb-3f0d8957114a___GH_HL Leaf 277.1.JPG,Tomato___healthy,tomato__healthy__healthy,tomato,healthy,Healthy Leaf,256,256,3,1.0,RGB,JPEG,18.4,True,
datasets/raw/plantvillage/raw/color/Tomato___healthy/2b21cbfc-9c23-42fb-984c-9439fa891a4c___RS_HL 9637.JPG,2b21cbfc-9c23-42fb-984c-9439fa891a4c___RS_HL 9637.JPG,Tomato___healthy,tomato__healthy__healthy,tomato,healthy,Healthy Leaf,256,256,3,1.0,RGB,JPEG,23.9,True,
datasets/raw/plantvillage/raw/color/Tomato___healthy/e9f02b46-dbb7-4f41-a1dc-6fe5dfe13d23___RS_HL 9821.JPG,e9f02b46-dbb7-4f41-a1dc-6fe5dfe13d23___RS_HL 9821.JPG,Tomato___healthy,tomato__healthy__healthy,tomato,healthy,Healthy Leaf,256,256,3,1.0,RGB,JPEG,25.8,True,
datasets/raw/plantvillage/raw/color/Tomato___healthy/e59d735a-0312-46e4-943a-2262ea2cd502___RS_HL 0428.JPG,e59d735a-0312-46e4-943a-2262ea2cd502___RS_HL 0428.JPG,Tomato___healthy,tomato__healthy__healthy,tomato,healthy,Healthy Leaf,256,256,3,1.0,RGB,JPEG,25.61,True,
datasets/raw/plantvillage/raw/color/Tomato___healthy/bf0fa071-7128-4b45-b924-3c4b46fbf72f___RS_HL 9932.JPG,bf0fa071-7128-4b45-b924-3c4b46fbf72f___RS_HL 9932.JPG,Tomato___healthy,tomato__healthy__healthy,tomato,healthy,Healthy Leaf,256,256,3,1.0,RGB,JPEG,25.04,True,
datasets/raw/plantvillage/raw/color/Tomato___healthy/9b5c0a85-5a16-4589-ae76-ef4247e78663___RS_HL 0281.JPG,9b5c0a85-5a16-4589-ae76-ef4247e78663___RS_HL 0281.JPG,Tomato___healthy,tomato__healthy__healthy,tomato,healthy,Healthy Leaf,256,256,3,1.0,RGB,JPEG,26.21,True,
datasets/raw/plantvillage/raw/color/Tomato___healthy/7188d286-5201-40b6-925a-52af6e6c7c03___GH_HL Leaf 479.1.JPG,7188d286-5201-40b6-925a-52af6e6c7c03___GH_HL Leaf 479.1.JPG,Tomato___healthy,tomato__healthy__healthy,tomato,healthy,Healthy Leaf,256,256,3,1.0,RGB,JPEG,14.72,True,
datasets/raw/plantvillage/raw/color/Tomato___healthy/2b91175f-d3de-47dd-b386-5fd639e8b531___RS_HL 0216.JPG,2b91175f-d3de-47dd-b386-5fd639e8b531___RS_HL 0216.JPG,Tomato___healthy,tomato__healthy__healthy,tomato,healthy,Healthy Leaf,256,256,3,1.0,RGB,JPEG,25.35,True,
datasets/raw/plantvillage/raw/color/Tomato___healthy/e2cd8a78-ae65-4743-9ecf-839647cac550___RS_HL 9833.JPG,e2cd8a78-ae65-4743-9ecf-839647cac550___RS_HL 9833.JPG,Tomato___healthy,tomato__healthy__healthy,tomato,healthy,Healthy Leaf,256,256,3,1.0,RGB,JPEG,24.44,True,
datasets/raw/plantvillage/raw/color/Tomato___healthy/67dfa474-5a26-4bfb-a7ea-33f6f6f7a497___RS_HL 9794.JPG,67dfa474-5a26-4bfb-a7ea-33f6f6f7a497___RS_HL 9794.JPG,Tomato___healthy,tomato__healthy__healthy,tomato,healthy,Healthy Leaf,256,256,3,1.0,RGB,JPEG,24.97,True,
datasets/raw/plantvillage/raw/color/Tomato___healthy/20d823a4-0be3-4b8a-acdc-6efd1236e7f0___GH_HL Leaf 254.2.JPG,20d823a4-0be3-4b8a-acdc-6efd1236e7f0___GH_HL Leaf 254.2.JPG,Tomato___healthy,tomato__healthy__healthy,tomato,healthy,Healthy Leaf,256,256,3,1.0,RGB,JPEG,16.68,True,
datasets/raw/plantvillage/raw/color/Tomato___healthy/13e0d497-f5fc-4fb9-9e9a-cb77bc330730___RS_HL 0397.JPG,13e0d497-f5fc-4fb9-9e9a-cb77bc330730___RS_HL 0397.JPG,Tomato___healthy,tomato__healthy__healthy,tomato,healthy,Healthy Leaf,256,256,3,1.0,RGB,JPEG,25.74,True,
datasets/raw/plantvillage/raw/color/Tomato___healthy/1c092a12-ed60-42c8-86b4-0427db78a5d3___RS_HL 0076.JPG,1c092a12-ed60-42c8-86b4-0427db78a5d3___RS_HL 0076.JPG,Tomato___healthy,tomato__healthy__healthy,tomato,healthy,Healthy Leaf,256,256,3,1.0,RGB,JPEG,24.78,True,
datasets/raw/plantvillage/raw/color/Tomato___healthy/c4237d59-bfd9-476a-93c1-c0c3c3fef4ef___RS_HL 0068.JPG,c4237d59-bfd9-476a-93c1-c0c3c3fef4ef___RS_HL 0068.JPG,Tomato___healthy,tomato__healthy__healthy,tomato,healthy,Healthy Leaf,256,256,3,1.0,RGB,JPEG,24.17,True,
datasets/raw/plantvillage/raw/color/Tomato___healthy/0a0d6a11-ddd6-4dac-8469-d5f65af5afca___RS_HL 0555.JPG,0a0d6a11-ddd6-4dac-8469-d5f65af5afca___RS_HL 0555.JPG,Tomato___healthy,tomato__healthy__healthy,tomato,healthy,Healthy Leaf,256,256,3,1.0,RGB,JPEG,26.74,True,
datasets/raw/plantvillage/raw/color/Tomato___healthy/7de93009-6180-4027-8779-76947cda3e2f___2700323949_95aa2eaa01_o.jpg,7de93009-6180-4027-8779-76947cda3e2f___2700323949_95aa2eaa01_o.jpg,Tomato___healthy,tomato__healthy__healthy,tomato,healthy,Healthy Leaf,256,256,3,1.0,RGB,JPEG,9.86,True,
datasets/raw/plantvillage/raw/color/Tomato___healthy/9dab9ebd-6fbf-4565-99c3-06138ca51050___RS_HL 0500.JPG,9dab9ebd-6fbf-4565-99c3-06138ca51050___RS_HL 0500.JPG,Tomato___healthy,tomato__healthy__healthy,tomato,healthy,Healthy Leaf,256,256,3,1.0,RGB,JPEG,25.75,True,
datasets/raw/plantvillage/raw/color/Tomato___healthy/5b36f575-af3a-454c-b31f-2d4218fb5cca___GH_HL Leaf 487.JPG,5b36f575-af3a-454c-b31f-2d4218fb5cca___GH_HL Leaf 487.JPG,Tomato___healthy,tomato__healthy__healthy,tomato,healthy,Healthy Leaf,256,256,3,1.0,RGB,JPEG,13.73,True,
datasets/raw/plantvillage/raw/color/Tomato___healthy/bc0e8e3d-0cd4-4650-ac73-c099a0b75d4e___GH_HL Leaf 426.1.JPG,bc0e8e3d-0cd4-4650-ac73-c099a0b75d4e___GH_HL Leaf 426.1.JPG,Tomato___healthy,tomato__healthy__healthy,tomato,healthy,Healthy Leaf,256,256,3,1.0,RGB,JPEG,13.56,True,
datasets/raw/plantvillage/raw/color/Tomato___healthy/ec754608-21ce-40be-abd0-46a664257065___RS_HL 0376.JPG,ec754608-21ce-40be-abd0-46a664257065___RS_HL 0376.JPG,Tomato___healthy,tomato__healthy__healthy,tomato,healthy,Healthy Leaf,256,256,3,1.0,RGB,JPEG,26.16,True,
datasets/raw/plantvillage/raw/color/Tomato___healthy/381203e7-7030-4782-9e47-24d50969931a___RS_HL 9759.JPG,381203e7-7030-4782-9e47-24d50969931a___RS_HL 9759.JPG,Tomato___healthy,tomato__healthy__healthy,tomato,healthy,Healthy Leaf,256,256,3,1.0,RGB,JPEG,22.62,True,
datasets/raw/plantvillage/raw/color/Tomato___healthy/af78f888-bd62-44bb-8223-6be0cf0950fc___GH_HL Leaf 491.JPG,af78f888-bd62-44bb-8223-6be0cf0950fc___GH_HL Leaf 491.JPG,Tomato___healthy,tomato__healthy__healthy,tomato,healthy,Healthy Leaf,256,256,3,1.0,RGB,JPEG,13.92,True,
datasets/raw/plantvillage/raw/color/Tomato___healthy/29265f8d-86ff-4de1-b1ad-e33a64b189dc___RS_HL 0264.JPG,29265f8d-86ff-4de1-b1ad-e33a64b189dc___RS_HL 0264.JPG,Tomato___healthy,tomato__healthy__healthy,tomato,healthy,Healthy Leaf,256,256,3,1.0,RGB,JPEG,25.07,True,
datasets/raw/plantvillage/raw/color/Tomato___healthy/1a972145-610d-4efe-96e7-e0253c4ece4a___GH_HL Leaf 237.1.JPG,1a972145-610d-4efe-96e7-e0253c4ece4a___GH_HL Leaf 237.1.JPG,Tomato___healthy,tomato__healthy__healthy,tomato,healthy,Healthy Leaf,256,256,3,1.0,RGB,JPEG,17.17,True,
datasets/raw/plantvillage/raw/color/Tomato___healthy/8379a9cc-775f-4e91-b880-09d9afb361ac___RS_HL 0596.JPG,8379a9cc-775f-4e91-b880-09d9afb361ac___RS_HL 0596.JPG,Tomato___healthy,tomato__healthy__healthy,tomato,healthy,Healthy Leaf,256,256,3,1.0,RGB,JPEG,26.28,True,
datasets/raw/plantvillage/raw/color/Tomato___healthy/ce56d8ec-bfd5-4755-8010-c42658f8d597___RS_HL 0090.JPG,ce56d8ec-bfd5-4755-8010-c42658f8d597___RS_HL 0090.JPG,Tomato___healthy,tomato__healthy__healthy,tomato,healthy,Healthy Leaf,256,256,3,1.0,RGB,JPEG,24.94,True,
datasets/raw/plantvillage/raw/color/Tomato___healthy/79ceff7d-4092-419c-b7c1-340ae2dc0605___RS_HL 0225.JPG,79ceff7d-4092-419c-b7c1-340ae2dc0605___RS_HL 0225.JPG,Tomato___healthy,tomato__healthy__healthy,tomato,healthy,Healthy Leaf,256,256,3,1.0,RGB,JPEG,25.5,True,
datasets/raw/plantvillage/raw/color/Tomato___healthy/982bdd12-cce3-413e-89ae-444ebc3ee32e___RS_HL 0487.JPG,982bdd12-cce3-413e-89ae-444ebc3ee32e___RS_HL 0487.JPG,Tomato___healthy,tomato__healthy__healthy,tomato,healthy,Healthy Leaf,256,256,3,1.0,RGB,JPEG,25.05,True,
datasets/raw/plantvillage/raw/color/Tomato___healthy/525c2813-206e-40ee-80a2-83b56ef45b13___RS_HL 0547.JPG,525c2813-206e-40ee-80a2-83b56ef45b13___RS_HL 0547.JPG,Tomato___healthy,tomato__healthy__healthy,tomato,healthy,Healthy Leaf,256,256,3,1.0,RGB,JPEG,27.54,True,
datasets/raw/plantvillage/raw/color/Tomato___healthy/5b2457f5-96d5-4bcd-8025-dc55e666f660___RS_HL 0605.JPG,5b2457f5-96d5-4bcd-8025-dc55e666f660___RS_HL 0605.JPG,Tomato___healthy,tomato__healthy__healthy,tomato,healthy,Healthy Leaf,256,256,3,1.0,RGB,JPEG,26.38,True,
datasets/raw/plantvillage/raw/color/Tomato___healthy/e62eacd4-0cba-4793-8c9d-7c97031642a7___RS_HL 9700.JPG,e62eacd4-0cba-4793-8c9d-7c97031642a7___RS_HL 9700.JPG,Tomato___healthy,tomato__healthy__healthy,tomato,healthy,Healthy Leaf,256,256,3,1.0,RGB,JPEG,23.12,True,
datasets/raw/plantvillage/raw/color/Tomato___healthy/eacb7fe2-5c0a-4058-a7d7-a2270faee988___RS_HL 9654.JPG,eacb7fe2-5c0a-4058-a7d7-a2270faee988___RS_HL 9654.JPG,Tomato___healthy,tomato__healthy__healthy,tomato,healthy,Healthy Leaf,256,256,3,1.0,RGB,JPEG,24.26,True,
datasets/raw/plantvillage/raw/color/Tomato___healthy/45fc3f1c-6ccc-4ffd-a0a9-f53cbe4e71a1___GH_HL Leaf 206.1.JPG,45fc3f1c-6ccc-4ffd-a0a9-f53cbe4e71a1___GH_HL Leaf 206.1.JPG,Tomato___healthy,tomato__healthy__healthy,tomato,healthy,Healthy Leaf,256,256,3,1.0,RGB,JPEG,18.18,True,
datasets/raw/plantvillage/raw/color/Tomato___healthy/bad3b814-de59-4c37-8f47-00ed153f7e4f___RS_HL 0214.JPG,bad3b814-de59-4c37-8f47-00ed153f7e4f___RS_HL 0214.JPG,Tomato___healthy,tomato__healthy__healthy,tomato,healthy,Healthy Leaf,256,256,3,1.0,RGB,JPEG,25.17,True,
datasets/raw/plantvillage/raw/color/Tomato___healthy/9299f3e8-15ee-4cf2-997a-058bb19900a5___RS_HL 9781.JPG,9299f3e8-15ee-4cf2-997a-058bb19900a5___RS_HL 9781.JPG,Tomato___healthy,tomato__healthy__healthy,tomato,healthy,Healthy Leaf,256,256,3,1.0,RGB,JPEG,24.51,True,
datasets/raw/plantvillage/raw/color/Tomato___healthy/decd2c69-c302-461a-a2f7-7c1e37d9d633___RS_HL 0258.JPG,decd2c69-c302-461a-a2f7-7c1e37d9d633___RS_HL 0258.JPG,Tomato___healthy,tomato__healthy__healthy,tomato,healthy,Healthy Leaf,256,256,3,1.0,RGB,JPEG,25.66,True,
datasets/raw/plantvillage/raw/color/Tomato___healthy/d9756e4c-11ac-4c09-8a3c-4938d56bfc1e___RS_HL 0488.JPG,d9756e4c-11ac-4c09-8a3c-4938d56bfc1e___RS_HL 0488.JPG,Tomato___healthy,tomato__healthy__healthy,tomato,healthy,Healthy Leaf,256,256,3,1.0,RGB,JPEG,24.24,True,
datasets/raw/plantvillage/raw/color/Tomato___healthy/7627db62-eca7-44fd-8b81-b818575821aa___GH_HL Leaf 356.1.JPG,7627db62-eca7-44fd-8b81-b818575821aa___GH_HL Leaf 356.1.JPG,Tomato___healthy,tomato__healthy__healthy,tomato,healthy,Healthy Leaf,256,256,3,1.0,RGB,JPEG,16.36,True,
datasets/raw/plantvillage/raw/color/Tomato___healthy/450a7466-982f-4954-8649-84c4a6ab98dd___RS_HL 0414.JPG,450a7466-982f-4954-8649-84c4a6ab98dd___RS_HL 0414.JPG,Tomato___healthy,tomato__healthy__healthy,tomato,healthy,Healthy Leaf,256,256,3,1.0,RGB,JPEG,25.39,True,
datasets/raw/plantvillage/raw/color/Tomato___healthy/93807606-0aed-435b-adb2-cf303a7d586e___RS_HL 0135.JPG,93807606-0aed-435b-adb2-cf303a7d586e___RS_HL 0135.JPG,Tomato___healthy,tomato__healthy__healthy,tomato,healthy,Healthy Leaf,256,256,3,1.0,RGB,JPEG,22.8,True,
datasets/raw/plantvillage/raw/color/Tomato___healthy/c1471859-34d7-495c-b280-82ea8346e99b___RS_HL 0285.JPG,c1471859-34d7-495c-b280-82ea8346e99b___RS_HL 0285.JPG,Tomato___healthy,tomato__healthy__healthy,tomato,healthy,Healthy Leaf,256,256,3,1.0,RGB,JPEG,26.32,True,
datasets/raw/plantvillage/raw/color/Tomato___healthy/6516ac80-5103-4d40-8200-af7dbdc239e7___GH_HL Leaf 202.1.JPG,6516ac80-5103-4d40-8200-af7dbdc239e7___GH_HL Leaf 202.1.JPG,Tomato___healthy,tomato__healthy__healthy,tomato,healthy,Healthy Leaf,256,256,3,1.0,RGB,JPEG,18.88,True,
datasets/raw/plantvillage/raw/color/Tomato___healthy/c09f9b09-e43d-46bd-96d7-bb1162b4bb52___RS_HL 9644.JPG,c09f9b09-e43d-46bd-96d7-bb1162b4bb52___RS_HL 9644.JPG,Tomato___healthy,tomato__healthy__healthy,tomato,healthy,Healthy Leaf,256,256,3,1.0,RGB,JPEG,23.36,True,
datasets/raw/plantvillage/raw/color/Tomato___healthy/e2bde260-6fac-4259-8b88-c7378f1ea730___RS_HL 0511.JPG,e2bde260-6fac-4259-8b88-c7378f1ea730___RS_HL 0511.JPG,Tomato___healthy,tomato__healthy__healthy,tomato,healthy,Healthy Leaf,256,256,3,1.0,RGB,JPEG,26.94,True,
datasets/raw/plantvillage/raw/color/Tomato___healthy/388c05b0-964f-40e1-9319-2466a4021311___GH_HL Leaf 479.4.JPG,388c05b0-964f-40e1-9319-2466a4021311___GH_HL Leaf 479.4.JPG,Tomato___healthy,tomato__healthy__healthy,tomato,healthy,Healthy Leaf,256,256,3,1.0,RGB,JPEG,15.26,True,
datasets/raw/plantvillage/raw/color/Tomato___healthy/3eb7e000-68e2-4cf3-b202-2aaf17642cb4___RS_HL 9957.JPG,3eb7e000-68e2-4cf3-b202-2aaf17642cb4___RS_HL 9957.JPG,Tomato___healthy,tomato__healthy__healthy,tomato,healthy,Healthy Leaf,256,256,3,1.0,RGB,JPEG,25.34,True,
datasets/raw/plantvillage/raw/color/Tomato___healthy/fb2c7e00-39a7-4be3-b8d1-b4c42c65e20e___RS_HL 9636.JPG,fb2c7e00-39a7-4be3-b8d1-b4c42c65e20e___RS_HL 9636.JPG,Tomato___healthy,tomato__healthy__healthy,tomato,healthy,Healthy Leaf,256,256,3,1.0,RGB,JPEG,24.7,True,
datasets/raw/plantvillage/raw/color/Tomato___healthy/4806eef9-06a4-4da8-9327-939641fbb260___RS_HL 9692.JPG,4806eef9-06a4-4da8-9327-939641fbb260___RS_HL 9692.JPG,Tomato___healthy,tomato__healthy__healthy,tomato,healthy,Healthy Leaf,256,256,3,1.0,RGB,JPEG,24.18,True,
datasets/raw/plantvillage/raw/color/Tomato___healthy/fad6841f-6194-4cf4-8101-b42206bd476c___RS_HL 0411.JPG,fad6841f-6194-4cf4-8101-b42206bd476c___RS_HL 0411.JPG,Tomato___healthy,tomato__healthy__healthy,tomato,healthy,Healthy Leaf,256,256,3,1.0,RGB,JPEG,24.98,True,
datasets/raw/plantvillage/raw/color/Tomato___healthy/20dd3c49-88a2-4317-a5ec-d2066d8d815e___RS_HL 0125.JPG,20dd3c49-88a2-4317-a5ec-d2066d8d815e___RS_HL 0125.JPG,Tomato___healthy,tomato__healthy__healthy,tomato,healthy,Healthy Leaf,256,256,3,1.0,RGB,JPEG,24.27,True,
datasets/raw/plantvillage/raw/color/Tomato___healthy/b840b04b-5909-4e35-beb8-7f53098975b1___RS_HL 0324.JPG,b840b04b-5909-4e35-beb8-7f53098975b1___RS_HL 0324.JPG,Tomato___healthy,tomato__healthy__healthy,tomato,healthy,Healthy Leaf,256,256,3,1.0,RGB,JPEG,25.79,True,
datasets/raw/plantvillage/raw/color/Tomato___healthy/b2639bc5-e165-4cdd-8557-fa73c6d4137f___RS_HL 0072.JPG,b2639bc5-e165-4cdd-8557-fa73c6d4137f___RS_HL 0072.JPG,Tomato___healthy,tomato__healthy__healthy,tomato,healthy,Healthy Leaf,256,256,3,1.0,RGB,JPEG,25.63,True,
datasets/raw/plantvillage/raw/color/Tomato___healthy/12c28bfa-a576-4787-8d4e-a500ac446766___RS_HL 0526.JPG,12c28bfa-a576-4787-8d4e-a500ac446766___RS_HL 0526.JPG,Tomato___healthy,tomato__healthy__healthy,tomato,healthy,Healthy Leaf,256,256,3,1.0,RGB,JPEG,26.54,True,
datasets/raw/plantvillage/raw/color/Tomato___healthy/2de3b39c-9fbd-4e94-b9e4-3f97dac9c34d___GH_HL Leaf 286.1.JPG,2de3b39c-9fbd-4e94-b9e4-3f97dac9c34d___GH_HL Leaf 286.1.JPG,Tomato___healthy,tomato__healthy__healthy,tomato,healthy,Healthy Leaf,256,256,3,1.0,RGB,JPEG,16.32,True,
datasets/raw/plantvillage/raw/color/Tomato___healthy/d5633146-eac5-49e6-a6b4-8562aa7d1a1f___GH_HL Leaf 283.1.JPG,d5633146-eac5-49e6-a6b4-8562aa7d1a1f___GH_HL Leaf 283.1.JPG,Tomato___healthy,tomato__healthy__healthy,tomato,healthy,Healthy Leaf,256,256,3,1.0,RGB,JPEG,20.51,True,
datasets/raw/plantvillage/raw/color/Tomato___healthy/7b246e09-0a8c-4078-9e0a-6207de8dc804___RS_HL 9809.JPG,7b246e09-0a8c-4078-9e0a-6207de8dc804___RS_HL 9809.JPG,Tomato___healthy,tomato__healthy__healthy,tomato,healthy,Healthy Leaf,256,256,3,1.0,RGB,JPEG,22.76,True,
datasets/raw/plantvillage/raw/color/Tomato___healthy/85656232-738b-4a83-ab54-cfa6ecff99f1___RS_HL 0477.JPG,85656232-738b-4a83-ab54-cfa6ecff99f1___RS_HL 0477.JPG,Tomato___healthy,tomato__healthy__healthy,tomato,healthy,Healthy Leaf,256,256,3,1.0,RGB,JPEG,26.76,True,
datasets/raw/plantvillage/raw/color/Tomato___healthy/2d6ecece-b67e-42f1-924b-3a5dbd95d5ef___RS_HL 0282.JPG,2d6ecece-b67e-42f1-924b-3a5dbd95d5ef___RS_HL 0282.JPG,Tomato___healthy,tomato__healthy__healthy,tomato,healthy,Healthy Leaf,256,256,3,1.0,RGB,JPEG,24.6,True,
datasets/raw/plantvillage/raw/color/Tomato___healthy/fb0f6e2b-1f21-406f-83d3-2c6236d47ca0___RS_HL 0042.JPG,fb0f6e2b-1f21-406f-83d3-2c6236d47ca0___RS_HL 0042.JPG,Tomato___healthy,tomato__healthy__healthy,tomato,healthy,Healthy Leaf,256,256,3,1.0,RGB,JPEG,25.86,True,
datasets/raw/plantvillage/raw/color/Tomato___healthy/48cbd826-6822-4bd9-8bb4-6595db85a3f2___RS_HL 9783.JPG,48cbd826-6822-4bd9-8bb4-6595db85a3f2___RS_HL 9783.JPG,Tomato___healthy,tomato__healthy__healthy,tomato,healthy,Healthy Leaf,256,256,3,1.0,RGB,JPEG,24.95,True,
datasets/raw/plantvillage/raw/color/Tomato___healthy/ca6ad351-41f5-4893-8188-1c1c4b4184b4___GH_HL Leaf 496.4.JPG,ca6ad351-41f5-4893-8188-1c1c4b4184b4___GH_HL Leaf 496.4.JPG,Tomato___healthy,tomato__healthy__healthy,tomato,healthy,Healthy Leaf,256,256,3,1.0,RGB,JPEG,13.03,True,
datasets/raw/plantvillage/raw/color/Tomato___healthy/5b7b9824-0cdd-4c67-9377-136a0615d784___RS_HL 0056.JPG,5b7b9824-0cdd-4c67-9377-136a0615d784___RS_HL 0056.JPG,Tomato___healthy,tomato__healthy__healthy,tomato,healthy,Healthy Leaf,256,256,3,1.0,RGB,JPEG,25.87,True,
datasets/raw/plantvillage/raw/color/Tomato___healthy/ceb2bf82-b22d-43bb-9a32-cac11e19febd___RS_HL 0406.JPG,ceb2bf82-b22d-43bb-9a32-cac11e19febd___RS_HL 0406.JPG,Tomato___healthy,tomato__healthy__healthy,tomato,healthy,Healthy Leaf,256,256,3,1.0,RGB,JPEG,26.54,True,
datasets/raw/plantvillage/raw/color/Tomato___healthy/8cc9bd20-8bc9-49c2-bef6-5d43644e7216___GH_HL Leaf 459.JPG,8cc9bd20-8bc9-49c2-bef6-5d43644e7216___GH_HL Leaf 459.JPG,Tomato___healthy,tomato__healthy__healthy,tomato,healthy,Healthy Leaf,256,256,3,1.0,RGB,JPEG,13.05,True,
datasets/raw/plantvillage/raw/color/Tomato___healthy/b66ce067-f338-4ae5-8f62-578ce164456a___RS_HL 0610.JPG,b66ce067-f338-4ae5-8f62-578ce164456a___RS_HL 0610.JPG,Tomato___healthy,tomato__healthy__healthy,tomato,healthy,Healthy Leaf,256,256,3,1.0,RGB,JPEG,27.43,True,
datasets/raw/plantvillage/raw/color/Tomato___healthy/f4eb7211-c823-4d1c-bb69-a74a123a2d05___RS_HL 0112.JPG,f4eb7211-c823-4d1c-bb69-a74a123a2d05___RS_HL 0112.JPG,Tomato___healthy,tomato__healthy__healthy,tomato,healthy,Healthy Leaf,256,256,3,1.0,RGB,JPEG,24.84,True,
datasets/raw/plantvillage/raw/color/Tomato___healthy/3e9a67e4-492b-4306-be1b-0a2624ea5c3e___GH_HL Leaf 175.JPG,3e9a67e4-492b-4306-be1b-0a2624ea5c3e___GH_HL Leaf 175.JPG,Tomato___healthy,tomato__healthy__healthy,tomato,healthy,Healthy Leaf,256,256,3,1.0,RGB,JPEG,20.22,True,
datasets/raw/plantvillage/raw/color/Tomato___healthy/54059d2e-8903-4cf1-9856-676620a5be93___GH_HL Leaf 484.JPG,54059d2e-8903-4cf1-9856-676620a5be93___GH_HL Leaf 484.JPG,Tomato___healthy,tomato__healthy__healthy,tomato,healthy,Healthy Leaf,256,256,3,1.0,RGB,JPEG,13.67,True,
datasets/raw/plantvillage/raw/color/Tomato___healthy/a37b6334-5748-413a-9c7d-85c3ac8edee8___GH_HL Leaf 260.1.JPG,a37b6334-5748-413a-9c7d-85c3ac8edee8___GH_HL Leaf 260.1.JPG,Tomato___healthy,tomato__healthy__healthy,tomato,healthy,Healthy Leaf,256,256,3,1.0,RGB,JPEG,18.15,True,
datasets/raw/plantvillage/raw/color/Tomato___healthy/83eb200d-ef9d-4b98-b4c1-58b7f0b169e4___RS_HL 0421.JPG,83eb200d-ef9d-4b98-b4c1-58b7f0b169e4___RS_HL 0421.JPG,Tomato___healthy,tomato__healthy__healthy,tomato,healthy,Healthy Leaf,256,256,3,1.0,RGB,JPEG,25.94,True,
datasets/raw/plantvillage/raw/color/Tomato___healthy/34c81c57-e1fa-49dd-a49d-34fe8b2385fe___GH_HL Leaf 466.1.JPG,34c81c57-e1fa-49dd-a49d-34fe8b2385fe___GH_HL Leaf 466.1.JPG,Tomato___healthy,tomato__healthy__healthy,tomato,healthy,Healthy Leaf,256,256,3,1.0,RGB,JPEG,13.29,True,
datasets/raw/plantvillage/raw/color/Tomato___healthy/d41e126d-fc0d-4224-96e0-2d5ae074e4ac___RS_HL 9933.JPG,d41e126d-fc0d-4224-96e0-2d5ae074e4ac___RS_HL 9933.JPG,Tomato___healthy,tomato__healthy__healthy,tomato,healthy,Healthy Leaf,256,256,3,1.0,RGB,JPEG,25.26,True,
datasets/raw/plantvillage/raw/color/Tomato___healthy/d442075f-73bb-47a0-9545-9b36bca9300b___GH_HL Leaf 210.JPG,d442075f-73bb-47a0-9545-9b36bca9300b___GH_HL Leaf 210.JPG,Tomato___healthy,tomato__healthy__healthy,tomato,healthy,Healthy Leaf,256,256,3,1.0,RGB,JPEG,15.98,True,
datasets/raw/plantvillage/raw/color/Tomato___healthy/4ed0a372-fe3d-49a6-82a1-2e904e6c66e3___GH_HL Leaf 200.JPG,4ed0a372-fe3d-49a6-82a1-2e904e6c66e3___GH_HL Leaf 200.JPG,Tomato___healthy,tomato__healthy__healthy,tomato,healthy,Healthy Leaf,256,256,3,1.0,RGB,JPEG,16.57,True,
datasets/raw/plantvillage/raw/color/Tomato___healthy/b5d4e7f6-24a7-4151-8035-07fef4f6f726___RS_HL 9771.JPG,b5d4e7f6-24a7-4151-8035-07fef4f6f726___RS_HL 9771.JPG,Tomato___healthy,tomato__healthy__healthy,tomato,healthy,Healthy Leaf,256,256,3,1.0,RGB,JPEG,23.34,True,
datasets/raw/plantvillage/raw/color/Tomato___healthy/4b51a704-643f-4de4-9da9-55fceb24fe42___RS_HL 0155.JPG,4b51a704-643f-4de4-9da9-55fceb24fe42___RS_HL 0155.JPG,Tomato___healthy,tomato__healthy__healthy,tomato,healthy,Healthy Leaf,256,256,3,1.0,RGB,JPEG,24.66,True,
datasets/raw/plantvillage/raw/color/Tomato___healthy/5f11bef5-6b09-4a9c-b0e1-6dfdd16f42d3___GH_HL Leaf 457.JPG,5f11bef5-6b09-4a9c-b0e1-6dfdd16f42d3___GH_HL Leaf 457.JPG,Tomato___healthy,tomato__healthy__healthy,tomato,healthy,Healthy Leaf,256,256,3,1.0,RGB,JPEG,16.31,True,
datasets/raw/plantvillage/raw/color/Tomato___healthy/3a211a87-cac9-4393-84ca-51e240e1b043___RS_HL 0210.JPG,3a211a87-cac9-4393-84ca-51e240e1b043___RS_HL 0210.JPG,Tomato___healthy,tomato__healthy__healthy,tomato,healthy,Healthy Leaf,256,256,3,1.0,RGB,JPEG,26.55,True,
datasets/raw/plantvillage/raw/color/Tomato___healthy/e73f62f9-46f5-4827-a891-169cd96e066e___RS_HL 0467.JPG,e73f62f9-46f5-4827-a891-169cd96e066e___RS_HL 0467.JPG,Tomato___healthy,tomato__healthy__healthy,tomato,healthy,Healthy Leaf,256,256,3,1.0,RGB,JPEG,25.62,True,
datasets/raw/plantvillage/raw/color/Tomato___healthy/409c349a-7738-41fc-8a3a-844cd33cfcae___RS_HL 9825.JPG,409c349a-7738-41fc-8a3a-844cd33cfcae___RS_HL 9825.JPG,Tomato___healthy,tomato__healthy__healthy,tomato,healthy,Healthy Leaf,256,256,3,1.0,RGB,JPEG,23.5,True,
datasets/raw/plantvillage/raw/color/Tomato___healthy/6193b998-c9ab-46fc-9ca9-249efceb9220___RS_HL 0642.JPG,6193b998-c9ab-46fc-9ca9-249efceb9220___RS_HL 0642.JPG,Tomato___healthy,tomato__healthy__healthy,tomato,healthy,Healthy Leaf,256,256,3,1.0,RGB,JPEG,24.72,True,
datasets/raw/plantvillage/raw/color/Tomato___healthy/6b53630d-c9df-4e67-a490-b1835772d9a0___GH_HL Leaf 450.2.JPG,6b53630d-c9df-4e67-a490-b1835772d9a0___GH_HL Leaf 450.2.JPG,Tomato___healthy,tomato__healthy__healthy,tomato,healthy,Healthy Leaf,256,256,3,1.0,RGB,JPEG,13.78,True,
datasets/raw/plantvillage/raw/color/Tomato___healthy/40b7eb94-3f47-47b2-9734-2a95f6acd44e___RS_HL 0408.JPG,40b7eb94-3f47-47b2-9734-2a95f6acd44e___RS_HL 0408.JPG,Tomato___healthy,tomato__healthy__healthy,tomato,healthy,Healthy Leaf,256,256,3,1.0,RGB,JPEG,26.04,True,
datasets/raw/plantvillage/raw/color/Tomato___healthy/e0587774-746c-41af-a876-b3d083756a23___RS_HL 0588.JPG,e0587774-746c-41af-a876-b3d083756a23___RS_HL 0588.JPG,Tomato___healthy,tomato__healthy__healthy,tomato,healthy,Healthy Leaf,256,256,3,1.0,RGB,JPEG,26.7,True,
datasets/raw/plantvillage/raw/color/Tomato___healthy/918886d9-62bf-46a4-97f9-0afe76641b25___GH_HL Leaf 365.1.JPG,918886d9-62bf-46a4-97f9-0afe76641b25___GH_HL Leaf 365.1.JPG,Tomato___healthy,tomato__healthy__healthy,tomato,healthy,Healthy Leaf,256,256,3,1.0,RGB,JPEG,13.7,True,
datasets/raw/plantvillage/raw/color/Tomato___healthy/24336aa8-a0ad-404e-9669-3661d9920aec___GH_HL Leaf 435.1.JPG,24336aa8-a0ad-404e-9669-3661d9920aec___GH_HL Leaf 435.1.JPG,Tomato___healthy,tomato__healthy__healthy,tomato,healthy,Healthy Leaf,256,256,3,1.0,RGB,JPEG,13.66,True,
datasets/raw/plantvillage/raw/color/Tomato___healthy/5104e988-bef6-45fe-9677-095a045239ad___GH_HL Leaf 449.JPG,5104e988-bef6-45fe-9677-095a045239ad___GH_HL Leaf 449.JPG,Tomato___healthy,tomato__healthy__healthy,tomato,healthy,Healthy Leaf,256,256,3,1.0,RGB,JPEG,11.96,True,
datasets/raw/plantvillage/raw/color/Tomato___healthy/3d0c2ad7-4fc4-48df-9ee0-11932921ddd0___RS_HL 0633.JPG,3d0c2ad7-4fc4-48df-9ee0-11932921ddd0___RS_HL 0633.JPG,Tomato___healthy,tomato__healthy__healthy,tomato,healthy,Healthy Leaf,256,256,3,1.0,RGB,JPEG,25.3,True,
datasets/raw/plantvillage/raw/color/Tomato___healthy/399440f9-8e5f-4be7-805c-53c10636a9b2___GH_HL Leaf 332.JPG,399440f9-8e5f-4be7-805c-53c10636a9b2___GH_HL Leaf 332.JPG,Tomato___healthy,tomato__healthy__healthy,tomato,healthy,Healthy Leaf,256,256,3,1.0,RGB,JPEG,17.53,True,
datasets/raw/plantvillage/raw/color/Tomato___healthy/4255f30c-f233-4706-9334-bc3c0d09d63d___GH_HL Leaf 372.2.JPG,4255f30c-f233-4706-9334-bc3c0d09d63d___GH_HL Leaf 372.2.JPG,Tomato___healthy,tomato__healthy__healthy,tomato,healthy,Healthy Leaf,256,256,3,1.0,RGB,JPEG,14.36,True,
datasets/raw/plantvillage/raw/color/Tomato___healthy/3e51f746-2ed2-4eb4-96e7-f6717ec068fd___RS_HL 0122.JPG,3e51f746-2ed2-4eb4-96e7-f6717ec068fd___RS_HL 0122.JPG,Tomato___healthy,tomato__healthy__healthy,tomato,healthy,Healthy Leaf,256,256,3,1.0,RGB,JPEG,23.89,True,
datasets/raw/plantvillage/raw/color/Tomato___healthy/06704d9f-3bbc-40cd-a5eb-258ed55e172b___GH_HL Leaf 491.1.JPG,06704d9f-3bbc-40cd-a5eb-258ed55e172b___GH_HL Leaf 491.1.JPG,Tomato___healthy,tomato__healthy__healthy,tomato,healthy,Healthy Leaf,256,256,3,1.0,RGB,JPEG,12.62,True,
datasets/raw/plantvillage/raw/color/Tomato___healthy/fd09836b-96be-498a-a720-e17a54522de7___RS_HL 9687.JPG,fd09836b-96be-498a-a720-e17a54522de7___RS_HL 9687.JPG,Tomato___healthy,tomato__healthy__healthy,tomato,healthy,Healthy Leaf,256,256,3,1.0,RGB,JPEG,24.21,True,
datasets/raw/plantvillage/raw/color/Tomato___healthy/c1413079-dfb4-41c5-b129-bc5b6b419e0e___RS_HL 0133.JPG,c1413079-dfb4-41c5-b129-bc5b6b419e0e___RS_HL 0133.JPG,Tomato___healthy,tomato__healthy__healthy,tomato,healthy,Healthy Leaf,256,256,3,1.0,RGB,JPEG,25.54,True,
datasets/raw/plantvillage/raw/color/Tomato___healthy/0eb4ba9a-6626-4e46-b561-c226b495073d___RS_HL 9862.JPG,0eb4ba9a-6626-4e46-b561-c226b495073d___RS_HL 9862.JPG,Tomato___healthy,tomato__healthy__healthy,tomato,healthy,Healthy Leaf,256,256,3,1.0,RGB,JPEG,25.01,True,
datasets/raw/plantvillage/raw/color/Tomato___healthy/8a5ed87d-5122-4aaf-8e39-9a3433c5f76c___RS_HL 0524.JPG,8a5ed87d-5122-4aaf-8e39-9a3433c5f76c___RS_HL 0524.JPG,Tomato___healthy,tomato__healthy__healthy,tomato,healthy,Healthy Leaf,256,256,3,1.0,RGB,JPEG,26.64,True,
datasets/raw/plantvillage/raw/color/Tomato___healthy/1bfeed83-f119-46cd-b806-0e17e1dae136___RS_HL 0017.JPG,1bfeed83-f119-46cd-b806-0e17e1dae136___RS_HL 0017.JPG,Tomato___healthy,tomato__healthy__healthy,tomato,healthy,Healthy Leaf,256,256,3,1.0,RGB,JPEG,24.2,True,
datasets/raw/plantvillage/raw/color/Tomato___healthy/cea7fe83-103c-4b51-a9d2-75ced9a7d1a2___RS_HL 0531.JPG,cea7fe83-103c-4b51-a9d2-75ced9a7d1a2___RS_HL 0531.JPG,Tomato___healthy,tomato__healthy__healthy,tomato,healthy,Healthy Leaf,256,256,3,1.0,RGB,JPEG,26.63,True,
datasets/raw/plantvillage/raw/color/Tomato___healthy/c3a27dc9-0abc-4828-9163-f55530332cab___GH_HL Leaf 228.JPG,c3a27dc9-0abc-4828-9163-f55530332cab___GH_HL Leaf 228.JPG,Tomato___healthy,tomato__healthy__healthy,tomato,healthy,Healthy Leaf,256,256,3,1.0,RGB,JPEG,16.29,True,
datasets/raw/plantvillage/raw/color/Tomato___healthy/768fcdcd-089b-4108-bda6-fef4decf8944___GH_HL Leaf 455.JPG,768fcdcd-089b-4108-bda6-fef4decf8944___GH_HL Leaf 455.JPG,Tomato___healthy,tomato__healthy__healthy,tomato,healthy,Healthy Leaf,256,256,3,1.0,RGB,JPEG,15.39,True,
datasets/raw/plantvillage/raw/color/Tomato___healthy/a1b90ce3-79b4-404d-a848-4471b793772f___RS_HL 0544.JPG,a1b90ce3-79b4-404d-a848-4471b793772f___RS_HL 0544.JPG,Tomato___healthy,tomato__healthy__healthy,tomato,healthy,Healthy Leaf,256,256,3,1.0,RGB,JPEG,26.56,True,
datasets/raw/plantvillage/raw/color/Tomato___healthy/6d0a4eb6-2a48-4fd6-9bb5-df05eeeb05a8___GH_HL Leaf 316.2.JPG,6d0a4eb6-2a48-4fd6-9bb5-df05eeeb05a8___GH_HL Leaf 316.2.JPG,Tomato___healthy,tomato__healthy__healthy,tomato,healthy,Healthy Leaf,256,256,3,1.0,RGB,JPEG,17.31,True,
datasets/raw/plantvillage/raw/color/Tomato___healthy/bb7e22d2-f187-4358-a78a-0ea71ecfadcb___RS_HL 9818.JPG,bb7e22d2-f187-4358-a78a-0ea71ecfadcb___RS_HL 9818.JPG,Tomato___healthy,tomato__healthy__healthy,tomato,healthy,Healthy Leaf,256,256,3,1.0,RGB,JPEG,25.77,True,
datasets/raw/plantvillage/raw/color/Tomato___healthy/d074483d-5063-4bed-93f5-c0d798e9283c___RS_HL 0231.JPG,d074483d-5063-4bed-93f5-c0d798e9283c___RS_HL 0231.JPG,Tomato___healthy,tomato__healthy__healthy,tomato,healthy,Healthy Leaf,256,256,3,1.0,RGB,JPEG,25.22,True,
datasets/raw/plantvillage/raw/color/Tomato___healthy/e62a7ec8-3e5e-4a47-be14-a57db0322bb6___RS_HL 9627.JPG,e62a7ec8-3e5e-4a47-be14-a57db0322bb6___RS_HL 9627.JPG,Tomato___healthy,tomato__healthy__healthy,tomato,healthy,Healthy Leaf,256,256,3,1.0,RGB,JPEG,21.35,True,
datasets/raw/plantvillage/raw/color/Tomato___healthy/bae543d4-d61d-45e6-aa0c-eaf45af53456___GH_HL Leaf 349.JPG,bae543d4-d61d-45e6-aa0c-eaf45af53456___GH_HL Leaf 349.JPG,Tomato___healthy,tomato__healthy__healthy,tomato,healthy,Healthy Leaf,256,256,3,1.0,RGB,JPEG,18.76,True,
datasets/raw/plantvillage/raw/color/Tomato___healthy/6555b55c-78bc-4391-88ed-65b596fc7e76___GH_HL Leaf 441.JPG,6555b55c-78bc-4391-88ed-65b596fc7e76___GH_HL Leaf 441.JPG,Tomato___healthy,tomato__healthy__healthy,tomato,healthy,Healthy Leaf,256,256,3,1.0,RGB,JPEG,14.79,True,
datasets/raw/plantvillage/raw/color/Tomato___healthy/1d31b822-7933-4801-a18c-657b8af377d6___RS_HL 0636.JPG,1d31b822-7933-4801-a18c-657b8af377d6___RS_HL 0636.JPG,Tomato___healthy,tomato__healthy__healthy,tomato,healthy,Healthy Leaf,256,256,3,1.0,RGB,JPEG,24.03,True,
datasets/raw/plantvillage/raw/color/Tomato___healthy/0988fc05-ee41-4e17-9f28-fbdd03266ae6___RS_HL 9928.JPG,0988fc05-ee41-4e17-9f28-fbdd03266ae6___RS_HL 9928.JPG,Tomato___healthy,tomato__healthy__healthy,tomato,healthy,Healthy Leaf,256,256,3,1.0,RGB,JPEG,26.42,True,
datasets/raw/plantvillage/raw/color/Tomato___healthy/8c43c178-69de-4e23-a075-1f0bdbf586db___RS_HL 0637.JPG,8c43c178-69de-4e23-a075-1f0bdbf586db___RS_HL 0637.JPG,Tomato___healthy,tomato__healthy__healthy,tomato,healthy,Healthy Leaf,256,256,3,1.0,RGB,JPEG,24.54,True,
datasets/raw/plantvillage/raw/color/Tomato___healthy/000146ff-92a4-4db6-90ad-8fce2ae4fddd___GH_HL Leaf 259.1.JPG,000146ff-92a4-4db6-90ad-8fce2ae4fddd___GH_HL Leaf 259.1.JPG,Tomato___healthy,tomato__healthy__healthy,tomato,healthy,Healthy Leaf,256,256,3,1.0,RGB,JPEG,15.28,True,
datasets/raw/plantvillage/raw/color/Tomato___healthy/acf28842-7821-4f31-ab73-2787e332e852___RS_HL 0011.JPG,acf28842-7821-4f31-ab73-2787e332e852___RS_HL 0011.JPG,Tomato___healthy,tomato__healthy__healthy,tomato,healthy,Healthy Leaf,256,256,3,1.0,RGB,JPEG,24.08,True,
datasets/raw/plantvillage/raw/color/Tomato___healthy/e74a7250-6e1c-48e8-bef4-deb2724c7b5a___RS_HL 0091.JPG,e74a7250-6e1c-48e8-bef4-deb2724c7b5a___RS_HL 0091.JPG,Tomato___healthy,tomato__healthy__healthy,tomato,healthy,Healthy Leaf,256,256,3,1.0,RGB,JPEG,26.68,True,
datasets/raw/plantvillage/raw/color/Tomato___healthy/e9f45c75-db52-4a85-ab72-0b9adf1f047b___GH_HL Leaf 480.1.JPG,e9f45c75-db52-4a85-ab72-0b9adf1f047b___GH_HL Leaf 480.1.JPG,Tomato___healthy,tomato__healthy__healthy,tomato,healthy,Healthy Leaf,256,256,3,1.0,RGB,JPEG,14.98,True,
datasets/raw/plantvillage/raw/color/Tomato___healthy/4a077dcb-30be-4f8d-9dc9-00f3874b1676___GH_HL Leaf 465.JPG,4a077dcb-30be-4f8d-9dc9-00f3874b1676___GH_HL Leaf 465.JPG,Tomato___healthy,tomato__healthy__healthy,tomato,healthy,Healthy Leaf,256,256,3,1.0,RGB,JPEG,14.58,True,
datasets/raw/plantvillage/raw/color/Tomato___healthy/4187b29a-6f70-4d07-b88c-73f6f60dcb26___RS_HL 0343.JPG,4187b29a-6f70-4d07-b88c-73f6f60dcb26___RS_HL 0343.JPG,Tomato___healthy,tomato__healthy__healthy,tomato,healthy,Healthy Leaf,256,256,3,1.0,RGB,JPEG,25.51,True,
datasets/raw/plantvillage/raw/color/Tomato___healthy/79e298b2-32c5-40c6-abb7-67bb7f174751___GH_HL Leaf 391.JPG,79e298b2-32c5-40c6-abb7-67bb7f174751___GH_HL Leaf 391.JPG,Tomato___healthy,tomato__healthy__healthy,tomato,healthy,Healthy Leaf,256,256,3,1.0,RGB,JPEG,12.87,True,
datasets/raw/plantvillage/raw/color/Tomato___healthy/3796ec31-0263-4e17-a312-7871e7b5c0c2___GH_HL Leaf 486.JPG,3796ec31-0263-4e17-a312-7871e7b5c0c2___GH_HL Leaf 486.JPG,Tomato___healthy,tomato__healthy__healthy,tomato,healthy,Healthy Leaf,256,256,3,1.0,RGB,JPEG,14.4,True,
datasets/raw/plantvillage/raw/color/Tomato___healthy/0902aa8e-e4f7-4c29-b11a-b2b7f24fe61c___GH_HL Leaf 228.1.JPG,0902aa8e-e4f7-4c29-b11a-b2b7f24fe61c___GH_HL Leaf 228.1.JPG,Tomato___healthy,tomato__healthy__healthy,tomato,healthy,Healthy Leaf,256,256,3,1.0,RGB,JPEG,17.1,True,
datasets/raw/plantvillage/raw/color/Tomato___healthy/7ce1f8c1-1542-4d7b-be27-11e29d572283___GH_HL Leaf 508.2.JPG,7ce1f8c1-1542-4d7b-be27-11e29d572283___GH_HL Leaf 508.2.JPG,Tomato___healthy,tomato__healthy__healthy,tomato,healthy,Healthy Leaf,256,256,3,1.0,RGB,JPEG,12.93,True,
datasets/raw/plantvillage/raw/color/Tomato___healthy/de56bf63-8f55-426a-a2a1-8a8a635ad5a0___RS_HL 9747.JPG,de56bf63-8f55-426a-a2a1-8a8a635ad5a0___RS_HL 9747.JPG,Tomato___healthy,tomato__healthy__healthy,tomato,healthy,Healthy Leaf,256,256,3,1.0,RGB,JPEG,23.94,True,
datasets/raw/plantvillage/raw/color/Tomato___healthy/48b9e2a8-d24f-4dda-a3b9-a8705a6ffd4c___RS_HL 9990.JPG,48b9e2a8-d24f-4dda-a3b9-a8705a6ffd4c___RS_HL 9990.JPG,Tomato___healthy,tomato__healthy__healthy,tomato,healthy,Healthy Leaf,256,256,3,1.0,RGB,JPEG,25.91,True,
datasets/raw/plantvillage/raw/color/Tomato___healthy/7521718e-614b-4de0-ba94-f587b0113a69___RS_HL 0145.JPG,7521718e-614b-4de0-ba94-f587b0113a69___RS_HL 0145.JPG,Tomato___healthy,tomato__healthy__healthy,tomato,healthy,Healthy Leaf,256,256,3,1.0,RGB,JPEG,24.0,True,
datasets/raw/plantvillage/raw/color/Tomato___healthy/55d65bad-6553-42a7-916d-6276b3da83b2___RS_HL 0459.JPG,55d65bad-6553-42a7-916d-6276b3da83b2___RS_HL 0459.JPG,Tomato___healthy,tomato__healthy__healthy,tomato,healthy,Healthy Leaf,256,256,3,1.0,RGB,JPEG,27.04,True,
datasets/raw/plantvillage/raw/color/Tomato___healthy/410dea1e-836e-4d41-9039-9cfc2ec30c1e___GH_HL Leaf 318.1.JPG,410dea1e-836e-4d41-9039-9cfc2ec30c1e___GH_HL Leaf 318.1.JPG,Tomato___healthy,tomato__healthy__healthy,tomato,healthy,Healthy Leaf,256,256,3,1.0,RGB,JPEG,18.37,True,
datasets/raw/plantvillage/raw/color/Tomato___healthy/8db2e3c6-c5d9-41ec-9977-7b1a71964f24___GH_HL Leaf 501.2.JPG,8db2e3c6-c5d9-41ec-9977-7b1a71964f24___GH_HL Leaf 501.2.JPG,Tomato___healthy,tomato__healthy__healthy,tomato,healthy,Healthy Leaf,256,256,3,1.0,RGB,JPEG,13.57,True,
datasets/raw/plantvillage/raw/color/Tomato___healthy/2b03b88c-5299-4c2c-8e7f-c40fbd98e145___RS_HL 0104.JPG,2b03b88c-5299-4c2c-8e7f-c40fbd98e145___RS_HL 0104.JPG,Tomato___healthy,tomato__healthy__healthy,tomato,healthy,Healthy Leaf,256,256,3,1.0,RGB,JPEG,23.17,True,
datasets/raw/plantvillage/raw/color/Tomato___healthy/ef492a6d-0db4-4fb5-b513-12a262215f00___RS_HL 9638.JPG,ef492a6d-0db4-4fb5-b513-12a262215f00___RS_HL 9638.JPG,Tomato___healthy,tomato__healthy__healthy,tomato,healthy,Healthy Leaf,256,256,3,1.0,RGB,JPEG,23.29,True,
datasets/raw/plantvillage/raw/color/Tomato___healthy/71d75a62-1278-4092-aec5-5749c737eaa2___GH_HL Leaf 513.1.JPG,71d75a62-1278-4092-aec5-5749c737eaa2___GH_HL Leaf 513.1.JPG,Tomato___healthy,tomato__healthy__healthy,tomato,healthy,Healthy Leaf,256,256,3,1.0,RGB,JPEG,14.61,True,
datasets/raw/plantvillage/raw/color/Tomato___healthy/6f6c7236-d6b5-4bbb-a89e-e1c8246550dd___RS_HL 0559.JPG,6f6c7236-d6b5-4bbb-a89e-e1c8246550dd___RS_HL 0559.JPG,Tomato___healthy,tomato__healthy__healthy,tomato,healthy,Healthy Leaf,256,256,3,1.0,RGB,JPEG,27.01,True,
datasets/raw/plantvillage/raw/color/Tomato___healthy/39b1d9c6-7a13-426f-9154-563e6a8d0438___RS_HL 0563.JPG,39b1d9c6-7a13-426f-9154-563e6a8d0438___RS_HL 0563.JPG,Tomato___healthy,tomato__healthy__healthy,tomato,healthy,Healthy Leaf,256,256,3,1.0,RGB,JPEG,25.97,True,
datasets/raw/plantvillage/raw/color/Tomato___healthy/b59425a2-e983-49c8-a9fd-61da8f38e7f3___RS_HL 0537.JPG,b59425a2-e983-49c8-a9fd-61da8f38e7f3___RS_HL 0537.JPG,Tomato___healthy,tomato__healthy__healthy,tomato,healthy,Healthy Leaf,256,256,3,1.0,RGB,JPEG,25.29,True,
datasets/raw/plantvillage/raw/color/Tomato___healthy/6dca3464-9e71-4edf-9ca5-746b5eebe418___GH_HL Leaf 352.JPG,6dca3464-9e71-4edf-9ca5-746b5eebe418___GH_HL Leaf 352.JPG,Tomato___healthy,tomato__healthy__healthy,tomato,healthy,Healthy Leaf,256,256,3,1.0,RGB,JPEG,17.17,True,
datasets/raw/plantvillage/raw/color/Tomato___healthy/ce081d63-8710-460f-9f20-cc67ef62fa37___RS_HL 9685.JPG,ce081d63-8710-460f-9f20-cc67ef62fa37___RS_HL 9685.JPG,Tomato___healthy,tomato__healthy__healthy,tomato,healthy,Healthy Leaf,256,256,3,1.0,RGB,JPEG,18.66,True,
datasets/raw/plantvillage/raw/color/Tomato___healthy/dea347a1-4303-48e1-8db0-997d084e6bd0___RS_HL 9724.JPG,dea347a1-4303-48e1-8db0-997d084e6bd0___RS_HL 9724.JPG,Tomato___healthy,tomato__healthy__healthy,tomato,healthy,Healthy Leaf,256,256,3,1.0,RGB,JPEG,24.2,True,
datasets/raw/plantvillage/raw/color/Tomato___healthy/948816c8-6d72-47ad-bafc-e1448be3459f___RS_HL 9891.JPG,948816c8-6d72-47ad-bafc-e1448be3459f___RS_HL 9891.JPG,Tomato___healthy,tomato__healthy__healthy,tomato,healthy,Healthy Leaf,256,256,3,1.0,RGB,JPEG,25.77,True,
datasets/raw/plantvillage/raw/color/Tomato___healthy/80ad21d3-4571-49bd-a96e-2f75e9a9b673___RS_HL 9729.JPG,80ad21d3-4571-49bd-a96e-2f75e9a9b673___RS_HL 9729.JPG,Tomato___healthy,tomato__healthy__healthy,tomato,healthy,Healthy Leaf,256,256,3,1.0,RGB,JPEG,25.26,True,
datasets/raw/plantvillage/raw/color/Tomato___healthy/930bcd42-1c53-414c-94e5-8b270920ed68___RS_HL 0156.JPG,930bcd42-1c53-414c-94e5-8b270920ed68___RS_HL 0156.JPG,Tomato___healthy,tomato__healthy__healthy,tomato,healthy,Healthy Leaf,256,256,3,1.0,RGB,JPEG,24.45,True,
datasets/raw/plantvillage/raw/color/Tomato___healthy/679fc520-5ef8-499f-9d88-a963325bee3f___RS_HL 0571.JPG,679fc520-5ef8-499f-9d88-a963325bee3f___RS_HL 0571.JPG,Tomato___healthy,tomato__healthy__healthy,tomato,healthy,Healthy Leaf,256,256,3,1.0,RGB,JPEG,24.7,True,
datasets/raw/plantvillage/raw/color/Tomato___healthy/cb1900be-7286-4ff9-89d2-c27641e91d2d___RS_HL 0071.JPG,cb1900be-7286-4ff9-89d2-c27641e91d2d___RS_HL 0071.JPG,Tomato___healthy,tomato__healthy__healthy,tomato,healthy,Healthy Leaf,256,256,3,1.0,RGB,JPEG,24.53,True,
datasets/raw/plantvillage/raw/color/Tomato___healthy/20b835ac-a3bb-48ce-bb0d-5eb9a0d6ca56___RS_HL 9772.JPG,20b835ac-a3bb-48ce-bb0d-5eb9a0d6ca56___RS_HL 9772.JPG,Tomato___healthy,tomato__healthy__healthy,tomato,healthy,Healthy Leaf,256,256,3,1.0,RGB,JPEG,22.0,True,
datasets/raw/plantvillage/raw/color/Tomato___healthy/47a9bf22-281f-49d6-a03a-97be4983fc68___RS_HL 0604.JPG,47a9bf22-281f-49d6-a03a-97be4983fc68___RS_HL 0604.JPG,Tomato___healthy,tomato__healthy__healthy,tomato,healthy,Healthy Leaf,256,256,3,1.0,RGB,JPEG,26.27,True,
datasets/raw/plantvillage/raw/color/Tomato___healthy/8295c1b4-7674-4b15-8a32-bb665a969e9b___RS_HL 9776.JPG,8295c1b4-7674-4b15-8a32-bb665a969e9b___RS_HL 9776.JPG,Tomato___healthy,tomato__healthy__healthy,tomato,healthy,Healthy Leaf,256,256,3,1.0,RGB,JPEG,23.26,True,
datasets/raw/plantvillage/raw/color/Tomato___healthy/3c8a4977-eab9-4639-b12a-c1c42c7258f3___RS_HL 0432.JPG,3c8a4977-eab9-4639-b12a-c1c42c7258f3___RS_HL 0432.JPG,Tomato___healthy,tomato__healthy__healthy,tomato,healthy,Healthy Leaf,256,256,3,1.0,RGB,JPEG,26.14,True,
datasets/raw/plantvillage/raw/color/Tomato___healthy/2b1cbc53-a62b-4daf-b233-8fc1d8d8c099___RS_HL 0296.JPG,2b1cbc53-a62b-4daf-b233-8fc1d8d8c099___RS_HL 0296.JPG,Tomato___healthy,tomato__healthy__healthy,tomato,healthy,Healthy Leaf,256,256,3,1.0,RGB,JPEG,26.49,True,
datasets/raw/plantvillage/raw/color/Tomato___healthy/b3813caa-82f2-4b9b-a5ef-a9f0db6f08bf___GH_HL Leaf 466.JPG,b3813caa-82f2-4b9b-a5ef-a9f0db6f08bf___GH_HL Leaf 466.JPG,Tomato___healthy,tomato__healthy__healthy,tomato,healthy,Healthy Leaf,256,256,3,1.0,RGB,JPEG,14.03,True,
datasets/raw/plantvillage/raw/color/Tomato___healthy/fa55bcc1-cda8-458e-a137-579f1dc1bda8___RS_HL 9845.JPG,fa55bcc1-cda8-458e-a137-579f1dc1bda8___RS_HL 9845.JPG,Tomato___healthy,tomato__healthy__healthy,tomato,healthy,Healthy Leaf,256,256,3,1.0,RGB,JPEG,19.03,True,
datasets/raw/plantvillage/raw/color/Tomato___healthy/d84eb3b6-3321-4034-9bcc-d2cddb8a3467___RS_HL 0053.JPG,d84eb3b6-3321-4034-9bcc-d2cddb8a3467___RS_HL 0053.JPG,Tomato___healthy,tomato__healthy__healthy,tomato,healthy,Healthy Leaf,256,256,3,1.0,RGB,JPEG,27.45,True,
datasets/raw/plantvillage/raw/color/Tomato___healthy/2b37cb9f-75c0-4e26-b82a-053525aa3d2d___RS_HL 9989.JPG,2b37cb9f-75c0-4e26-b82a-053525aa3d2d___RS_HL 9989.JPG,Tomato___healthy,tomato__healthy__healthy,tomato,healthy,Healthy Leaf,256,256,3,1.0,RGB,JPEG,25.41,True,
datasets/raw/plantvillage/raw/color/Tomato___healthy/ff774aec-2504-4d11-8a61-2fd74c689a6f___RS_HL 9904.JPG,ff774aec-2504-4d11-8a61-2fd74c689a6f___RS_HL 9904.JPG,Tomato___healthy,tomato__healthy__healthy,tomato,healthy,Healthy Leaf,256,256,3,1.0,RGB,JPEG,25.75,True,
datasets/raw/plantvillage/raw/color/Tomato___healthy/f3bc0c64-2d60-4031-b696-66a313460663___GH_HL Leaf 517.4.JPG,f3bc0c64-2d60-4031-b696-66a313460663___GH_HL Leaf 517.4.JPG,Tomato___healthy,tomato__healthy__healthy,tomato,healthy,Healthy Leaf,256,256,3,1.0,RGB,JPEG,16.69,True,
datasets/raw/plantvillage/raw/color/Tomato___healthy/e7d07408-70bb-421d-9224-df4961a01cb9___GH_HL Leaf 509.1.JPG,e7d07408-70bb-421d-9224-df4961a01cb9___GH_HL Leaf 509.1.JPG,Tomato___healthy,tomato__healthy__healthy,tomato,healthy,Healthy Leaf,256,256,3,1.0,RGB,JPEG,15.07,True,
datasets/raw/plantvillage/raw/color/Tomato___healthy/930689fd-9e44-497a-9724-7e7080de02fe___RS_HL 9754.JPG,930689fd-9e44-497a-9724-7e7080de02fe___RS_HL 9754.JPG,Tomato___healthy,tomato__healthy__healthy,tomato,healthy,Healthy Leaf,256,256,3,1.0,RGB,JPEG,25.16,True,
datasets/raw/plantvillage/raw/color/Tomato___healthy/bb9683d5-9302-4525-bd77-05153f65ffa3___RS_HL 0623.JPG,bb9683d5-9302-4525-bd77-05153f65ffa3___RS_HL 0623.JPG,Tomato___healthy,tomato__healthy__healthy,tomato,healthy,Healthy Leaf,256,256,3,1.0,RGB,JPEG,24.36,True,
datasets/raw/plantvillage/raw/color/Tomato___healthy/5876e77a-8598-418c-bae2-b7492c8e46bd___RS_HL 9859.JPG,5876e77a-8598-418c-bae2-b7492c8e46bd___RS_HL 9859.JPG,Tomato___healthy,tomato__healthy__healthy,tomato,healthy,Healthy Leaf,256,256,3,1.0,RGB,JPEG,22.8,True,
datasets/raw/plantvillage/raw/color/Tomato___healthy/6c8f3087-94d6-4cfb-83cd-93a59f2a646a___RS_HL 0433.JPG,6c8f3087-94d6-4cfb-83cd-93a59f2a646a___RS_HL 0433.JPG,Tomato___healthy,tomato__healthy__healthy,tomato,healthy,Healthy Leaf,256,256,3,1.0,RGB,JPEG,24.79,True,
datasets/raw/plantvillage/raw/color/Tomato___healthy/22c48f3b-b49d-48b1-977e-e81d47c0f951___RS_HL 0369.JPG,22c48f3b-b49d-48b1-977e-e81d47c0f951___RS_HL 0369.JPG,Tomato___healthy,tomato__healthy__healthy,tomato,healthy,Healthy Leaf,256,256,3,1.0,RGB,JPEG,26.25,True,
datasets/raw/plantvillage/raw/color/Tomato___healthy/50e94883-d7f1-4165-8c48-2f999ed1eef6___GH_HL Leaf 478.1.JPG,50e94883-d7f1-4165-8c48-2f999ed1eef6___GH_HL Leaf 478.1.JPG,Tomato___healthy,tomato__healthy__healthy,tomato,healthy,Healthy Leaf,256,256,3,1.0,RGB,JPEG,16.18,True,
datasets/raw/plantvillage/raw/color/Tomato___healthy/e84eced1-c0a4-451a-b5bd-482bc3eda5fa___RS_HL 0304.JPG,e84eced1-c0a4-451a-b5bd-482bc3eda5fa___RS_HL 0304.JPG,Tomato___healthy,tomato__healthy__healthy,tomato,healthy,Healthy Leaf,256,256,3,1.0,RGB,JPEG,24.35,True,
datasets/raw/plantvillage/raw/color/Tomato___healthy/64796c19-d026-48ed-b433-0be64b859a7c___RS_HL 9892.JPG,64796c19-d026-48ed-b433-0be64b859a7c___RS_HL 9892.JPG,Tomato___healthy,tomato__healthy__healthy,tomato,healthy,Healthy Leaf,256,256,3,1.0,RGB,JPEG,24.94,True,
datasets/raw/plantvillage/raw/color/Tomato___healthy/7e37d8c3-2f62-4a95-b430-34746cb25776___RS_HL 0188.JPG,7e37d8c3-2f62-4a95-b430-34746cb25776___RS_HL 0188.JPG,Tomato___healthy,tomato__healthy__healthy,tomato,healthy,Healthy Leaf,256,256,3,1.0,RGB,JPEG,25.86,True,
datasets/raw/plantvillage/raw/color/Tomato___healthy/8accf0ce-a43d-449c-86fb-e327fb6ab2c9___GH_HL Leaf 241.JPG,8accf0ce-a43d-449c-86fb-e327fb6ab2c9___GH_HL Leaf 241.JPG,Tomato___healthy,tomato__healthy__healthy,tomato,healthy,Healthy Leaf,256,256,3,1.0,RGB,JPEG,16.82,True,
datasets/raw/plantvillage/raw/color/Tomato___healthy/0fee8af3-ca03-418c-a71c-c4fb0a80dc7b___RS_HL 0199.JPG,0fee8af3-ca03-418c-a71c-c4fb0a80dc7b___RS_HL 0199.JPG,Tomato___healthy,tomato__healthy__healthy,tomato,healthy,Healthy Leaf,256,256,3,1.0,RGB,JPEG,24.09,True,
datasets/raw/plantvillage/raw/color/Tomato___healthy/6657a918-63fb-49d1-a74d-8ef6bbb66231___RS_HL 9816.JPG,6657a918-63fb-49d1-a74d-8ef6bbb66231___RS_HL 9816.JPG,Tomato___healthy,tomato__healthy__healthy,tomato,healthy,Healthy Leaf,256,256,3,1.0,RGB,JPEG,24.93,True,
datasets/raw/plantvillage/raw/color/Tomato___healthy/d88b90c0-2850-425d-af82-7bfb0f6a9dd4___GH_HL Leaf 361.JPG,d88b90c0-2850-425d-af82-7bfb0f6a9dd4___GH_HL Leaf 361.JPG,Tomato___healthy,tomato__healthy__healthy,tomato,healthy,Healthy Leaf,256,256,3,1.0,RGB,JPEG,15.68,True,
datasets/raw/plantvillage/raw/color/Tomato___healthy/01c1da17-8d9f-4d69-8a1e-58d37453d3c3___RS_HL 9641.JPG,01c1da17-8d9f-4d69-8a1e-58d37453d3c3___RS_HL 9641.JPG,Tomato___healthy,tomato__healthy__healthy,tomato,healthy,Healthy Leaf,256,256,3,1.0,RGB,JPEG,19.81,True,
datasets/raw/plantvillage/raw/color/Tomato___healthy/c2f44d15-cc56-44eb-afce-b53e919becb9___GH_HL Leaf 398.JPG,c2f44d15-cc56-44eb-afce-b53e919becb9___GH_HL Leaf 398.JPG,Tomato___healthy,tomato__healthy__healthy,tomato,healthy,Healthy Leaf,256,256,3,1.0,RGB,JPEG,11.76,True,
datasets/raw/plantvillage/raw/color/Tomato___healthy/a5a6aa27-9a67-486e-853d-50ccdd1d8c21___RS_HL 0170.JPG,a5a6aa27-9a67-486e-853d-50ccdd1d8c21___RS_HL 0170.JPG,Tomato___healthy,tomato__healthy__healthy,tomato,healthy,Healthy Leaf,256,256,3,1.0,RGB,JPEG,25.66,True,
datasets/raw/plantvillage/raw/color/Tomato___healthy/c273003c-f52b-4a40-92f5-c1b8e9da53b7___RS_HL 0372.JPG,c273003c-f52b-4a40-92f5-c1b8e9da53b7___RS_HL 0372.JPG,Tomato___healthy,tomato__healthy__healthy,tomato,healthy,Healthy Leaf,256,256,3,1.0,RGB,JPEG,24.03,True,
datasets/raw/plantvillage/raw/color/Tomato___healthy/264a08a7-74a4-4492-aff1-8a3ab8b35c46___GH_HL Leaf 314.1.JPG,264a08a7-74a4-4492-aff1-8a3ab8b35c46___GH_HL Leaf 314.1.JPG,Tomato___healthy,tomato__healthy__healthy,tomato,healthy,Healthy Leaf,256,256,3,1.0,RGB,JPEG,18.01,True,
datasets/raw/plantvillage/raw/color/Tomato___healthy/4d82bf50-5e71-4597-8684-6db7300e0cd4___GH_HL Leaf 316.JPG,4d82bf50-5e71-4597-8684-6db7300e0cd4___GH_HL Leaf 316.JPG,Tomato___healthy,tomato__healthy__healthy,tomato,healthy,Healthy Leaf,256,256,3,1.0,RGB,JPEG,18.12,True,
datasets/raw/plantvillage/raw/color/Tomato___healthy/6ff7ee8e-bb69-4b7e-a15b-09c6d406ef92___RS_HL 0087.JPG,6ff7ee8e-bb69-4b7e-a15b-09c6d406ef92___RS_HL 0087.JPG,Tomato___healthy,tomato__healthy__healthy,tomato,healthy,Healthy Leaf,256,256,3,1.0,RGB,JPEG,25.85,True,
datasets/raw/plantvillage/raw/color/Tomato___healthy/92d04528-2709-4cc0-8e98-bdfe2ef97143___RS_HL 9808.JPG,92d04528-2709-4cc0-8e98-bdfe2ef97143___RS_HL 9808.JPG,Tomato___healthy,tomato__healthy__healthy,tomato,healthy,Healthy Leaf,256,256,3,1.0,RGB,JPEG,24.29,True,
datasets/raw/plantvillage/raw/color/Tomato___healthy/27ed6a35-3fb7-4d57-9cb4-b368c1f4f6eb___RS_HL 9665.JPG,27ed6a35-3fb7-4d57-9cb4-b368c1f4f6eb___RS_HL 9665.JPG,Tomato___healthy,tomato__healthy__healthy,tomato,healthy,Healthy Leaf,256,256,3,1.0,RGB,JPEG,24.6,True,
datasets/raw/plantvillage/raw/color/Tomato___healthy/e1959167-b7b2-49e3-b5ce-4c5665022ada___RS_HL 0127.JPG,e1959167-b7b2-49e3-b5ce-4c5665022ada___RS_HL 0127.JPG,Tomato___healthy,tomato__healthy__healthy,tomato,healthy,Healthy Leaf,256,256,3,1.0,RGB,JPEG,25.24,True,
datasets/raw/plantvillage/raw/color/Tomato___healthy/f1b0ad53-6f2a-44bd-9f58-da590c9cdde2___GH_HL Leaf 371.JPG,f1b0ad53-6f2a-44bd-9f58-da590c9cdde2___GH_HL Leaf 371.JPG,Tomato___healthy,tomato__healthy__healthy,tomato,healthy,Healthy Leaf,256,256,3,1.0,RGB,JPEG,14.36,True,
datasets/raw/plantvillage/raw/color/Tomato___healthy/eb2c5c0c-2422-4c38-af0a-624e97f9f981___RS_HL 0603.JPG,eb2c5c0c-2422-4c38-af0a-624e97f9f981___RS_HL 0603.JPG,Tomato___healthy,tomato__healthy__healthy,tomato,healthy,Healthy Leaf,256,256,3,1.0,RGB,JPEG,24.83,True,
datasets/raw/plantvillage/raw/color/Tomato___healthy/7864a688-3ee0-4ddc-83e8-6edb177dd6bf___GH_HL Leaf 193.1.JPG,7864a688-3ee0-4ddc-83e8-6edb177dd6bf___GH_HL Leaf 193.1.JPG,Tomato___healthy,tomato__healthy__healthy,tomato,healthy,Healthy Leaf,256,256,3,1.0,RGB,JPEG,14.07,True,
datasets/raw/plantvillage/raw/color/Tomato___healthy/51fda747-5f6a-4870-a874-2a53f706c015___GH_HL Leaf 220.1.JPG,51fda747-5f6a-4870-a874-2a53f706c015___GH_HL Leaf 220.1.JPG,Tomato___healthy,tomato__healthy__healthy,tomato,healthy,Healthy Leaf,256,256,3,1.0,RGB,JPEG,17.0,True,
datasets/raw/plantvillage/raw/color/Tomato___healthy/a2615e6f-cf8b-4937-b50d-5f3d5226eca5___RS_HL 0096.JPG,a2615e6f-cf8b-4937-b50d-5f3d5226eca5___RS_HL 0096.JPG,Tomato___healthy,tomato__healthy__healthy,tomato,healthy,Healthy Leaf,256,256,3,1.0,RGB,JPEG,25.38,True,
datasets/raw/plantvillage/raw/color/Tomato___healthy/47362660-a262-4ffb-ae99-68b699b3ecb7___RS_HL 0006.JPG,47362660-a262-4ffb-ae99-68b699b3ecb7___RS_HL 0006.JPG,Tomato___healthy,tomato__healthy__healthy,tomato,healthy,Healthy Leaf,256,256,3,1.0,RGB,JPEG,25.45,True,
datasets/raw/plantvillage/raw/color/Tomato___healthy/1b6ac535-3a40-40c7-a626-d11181dfb5a4___GH_HL Leaf 304.JPG,1b6ac535-3a40-40c7-a626-d11181dfb5a4___GH_HL Leaf 304.JPG,Tomato___healthy,tomato__healthy__healthy,tomato,healthy,Healthy Leaf,256,256,3,1.0,RGB,JPEG,18.33,True,
datasets/raw/plantvillage/raw/color/Tomato___healthy/a8fffa7c-14eb-4b8c-8628-7349dd2a4561___RS_HL 9925.JPG,a8fffa7c-14eb-4b8c-8628-7349dd2a4561___RS_HL 9925.JPG,Tomato___healthy,tomato__healthy__healthy,tomato,healthy,Healthy Leaf,256,256,3,1.0,RGB,JPEG,25.26,True,
datasets/raw/plantvillage/raw/color/Tomato___healthy/8140c767-937d-450c-8070-2936aeb73834___GH_HL Leaf 439.1.JPG,8140c767-937d-450c-8070-2936aeb73834___GH_HL Leaf 439.1.JPG,Tomato___healthy,tomato__healthy__healthy,tomato,healthy,Healthy Leaf,256,256,3,1.0,RGB,JPEG,11.67,True,
datasets/raw/plantvillage/raw/color/Tomato___healthy/89e63d70-677a-41e3-a5fe-c38d6b98abbc___RS_HL 9902.JPG,89e63d70-677a-41e3-a5fe-c38d6b98abbc___RS_HL 9902.JPG,Tomato___healthy,tomato__healthy__healthy,tomato,healthy,Healthy Leaf,256,256,3,1.0,RGB,JPEG,24.88,True,
datasets/raw/plantvillage/raw/color/Tomato___healthy/cc289e5c-7899-4081-9ea9-c3dc3ad3d2d4___GH_HL Leaf 408.1.JPG,cc289e5c-7899-4081-9ea9-c3dc3ad3d2d4___GH_HL Leaf 408.1.JPG,Tomato___healthy,tomato__healthy__healthy,tomato,healthy,Healthy Leaf,256,256,3,1.0,RGB,JPEG,17.56,True,
datasets/raw/plantvillage/raw/color/Tomato___healthy/b4a648b8-4132-4bfa-9a7d-13c1a8696c9b___GH_HL Leaf 295.1.JPG,b4a648b8-4132-4bfa-9a7d-13c1a8696c9b___GH_HL Leaf 295.1.JPG,Tomato___healthy,tomato__healthy__healthy,tomato,healthy,Healthy Leaf,256,256,3,1.0,RGB,JPEG,16.47,True,
datasets/raw/plantvillage/raw/color/Tomato___healthy/9aeac2ec-83f4-4348-bc26-8f55b8eb6c52___RS_HL 9817.JPG,9aeac2ec-83f4-4348-bc26-8f55b8eb6c52___RS_HL 9817.JPG,Tomato___healthy,tomato__healthy__healthy,tomato,healthy,Healthy Leaf,256,256,3,1.0,RGB,JPEG,25.54,True,
datasets/raw/plantvillage/raw/color/Tomato___healthy/6dde71bb-a416-41eb-a629-7b4541e85cfc___RS_HL 9734.JPG,6dde71bb-a416-41eb-a629-7b4541e85cfc___RS_HL 9734.JPG,Tomato___healthy,tomato__healthy__healthy,tomato,healthy,Healthy Leaf,256,256,3,1.0,RGB,JPEG,19.43,True,
datasets/raw/plantvillage/raw/color/Tomato___healthy/81453f31-6152-44e0-bfaf-fcd1336fc064___GH_HL Leaf 479.JPG,81453f31-6152-44e0-bfaf-fcd1336fc064___GH_HL Leaf 479.JPG,Tomato___healthy,tomato__healthy__healthy,tomato,healthy,Healthy Leaf,256,256,3,1.0,RGB,JPEG,16.89,True,
datasets/raw/plantvillage/raw/color/Tomato___healthy/851e1102-43d8-4bc7-8c41-28e5412b1863___RS_HL 9660.JPG,851e1102-43d8-4bc7-8c41-28e5412b1863___RS_HL 9660.JPG,Tomato___healthy,tomato__healthy__healthy,tomato,healthy,Healthy Leaf,256,256,3,1.0,RGB,JPEG,20.64,True,
datasets/raw/plantvillage/raw/color/Tomato___healthy/92c06519-cec4-4091-9ae1-5ea8b56c89cd___GH_HL Leaf 525.JPG,92c06519-cec4-4091-9ae1-5ea8b56c89cd___GH_HL Leaf 525.JPG,Tomato___healthy,tomato__healthy__healthy,tomato,healthy,Healthy Leaf,256,256,3,1.0,RGB,JPEG,15.44,True,
datasets/raw/plantvillage/raw/color/Tomato___healthy/30c8f7b8-e0cf-4cfb-b7fe-e2b75ce22789___GH_HL Leaf 333.1.JPG,30c8f7b8-e0cf-4cfb-b7fe-e2b75ce22789___GH_HL Leaf 333.1.JPG,Tomato___healthy,tomato__healthy__healthy,tomato,healthy,Healthy Leaf,256,256,3,1.0,RGB,JPEG,16.46,True,
datasets/raw/plantvillage/raw/color/Tomato___healthy/c2c1758f-3576-4e8a-9853-5f11ac4d20d6___GH_HL Leaf 316.1.JPG,c2c1758f-3576-4e8a-9853-5f11ac4d20d6___GH_HL Leaf 316.1.JPG,Tomato___healthy,tomato__healthy__healthy,tomato,healthy,Healthy Leaf,256,256,3,1.0,RGB,JPEG,17.45,True,
datasets/raw/plantvillage/raw/color/Tomato___healthy/791d2730-66b2-418b-abe0-548208783e44___RS_HL 0589.JPG,791d2730-66b2-418b-abe0-548208783e44___RS_HL 0589.JPG,Tomato___healthy,tomato__healthy__healthy,tomato,healthy,Healthy Leaf,256,256,3,1.0,RGB,JPEG,24.4,True,
datasets/raw/plantvillage/raw/color/Tomato___healthy/1e1aa3d8-d12f-47e1-b316-b8656ab3f2b6___RS_HL 0075.JPG,1e1aa3d8-d12f-47e1-b316-b8656ab3f2b6___RS_HL 0075.JPG,Tomato___healthy,tomato__healthy__healthy,tomato,healthy,Healthy Leaf,256,256,3,1.0,RGB,JPEG,24.73,True,
datasets/raw/plantvillage/raw/color/Tomato___healthy/425e5c47-5495-40ad-8c96-6c51768bc673___RS_HL 0025.JPG,425e5c47-5495-40ad-8c96-6c51768bc673___RS_HL 0025.JPG,Tomato___healthy,tomato__healthy__healthy,tomato,healthy,Healthy Leaf,256,256,3,1.0,RGB,JPEG,25.63,True,
datasets/raw/plantvillage/raw/color/Tomato___healthy/e0b87789-7d59-4bd1-bc78-ec3a942021f4___RS_HL 9894.JPG,e0b87789-7d59-4bd1-bc78-ec3a942021f4___RS_HL 9894.JPG,Tomato___healthy,tomato__healthy__healthy,tomato,healthy,Healthy Leaf,256,256,3,1.0,RGB,JPEG,26.06,True,
datasets/raw/plantvillage/raw/color/Tomato___healthy/d5beabbd-afc7-41c5-aa06-ec45c32e751e___GH_HL Leaf 289.1.JPG,d5beabbd-afc7-41c5-aa06-ec45c32e751e___GH_HL Leaf 289.1.JPG,Tomato___healthy,tomato__healthy__healthy,tomato,healthy,Healthy Leaf,256,256,3,1.0,RGB,JPEG,18.5,True,
datasets/raw/plantvillage/raw/color/Tomato___healthy/630ae481-49e7-470c-ad05-177132a6648a___RS_HL 0178.JPG,630ae481-49e7-470c-ad05-177132a6648a___RS_HL 0178.JPG,Tomato___healthy,tomato__healthy__healthy,tomato,healthy,Healthy Leaf,256,256,3,1.0,RGB,JPEG,25.6,True,
datasets/raw/plantvillage/raw/color/Tomato___healthy/5546f7a3-67af-432a-9a09-35f02e6cc741___GH_HL Leaf 216.JPG,5546f7a3-67af-432a-9a09-35f02e6cc741___GH_HL Leaf 216.JPG,Tomato___healthy,tomato__healthy__healthy,tomato,healthy,Healthy Leaf,256,256,3,1.0,RGB,JPEG,16.86,True,
datasets/raw/plantvillage/raw/color/Tomato___healthy/170e86b9-f51d-49a6-a992-15e00c85ee5d___GH_HL Leaf 189.JPG,170e86b9-f51d-49a6-a992-15e00c85ee5d___GH_HL Leaf 189.JPG,Tomato___healthy,tomato__healthy__healthy,tomato,healthy,Healthy Leaf,256,256,3,1.0,RGB,JPEG,18.65,True,
datasets/raw/plantvillage/raw/color/Tomato___healthy/72361f8d-d158-48b5-a77e-f10cbaf7b29f___RS_HL 0118.JPG,72361f8d-d158-48b5-a77e-f10cbaf7b29f___RS_HL 0118.JPG,Tomato___healthy,tomato__healthy__healthy,tomato,healthy,Healthy Leaf,256,256,3,1.0,RGB,JPEG,23.61,True,
datasets/raw/plantvillage/raw/color/Tomato___healthy/347987eb-9aee-49c7-a8c9-346d18ee7227___GH_HL Leaf 229.1.JPG,347987eb-9aee-49c7-a8c9-346d18ee7227___GH_HL Leaf 229.1.JPG,Tomato___healthy,tomato__healthy__healthy,tomato,healthy,Healthy Leaf,256,256,3,1.0,RGB,JPEG,18.15,True,
datasets/raw/plantvillage/raw/color/Tomato___healthy/f0068af9-0c54-4a08-8cf1-3890bead99d0___RS_HL 0336.JPG,f0068af9-0c54-4a08-8cf1-3890bead99d0___RS_HL 0336.JPG,Tomato___healthy,tomato__healthy__healthy,tomato,healthy,Healthy Leaf,256,256,3,1.0,RGB,JPEG,24.92,True,
datasets/raw/plantvillage/raw/color/Tomato___healthy/bc36c64a-8e37-4275-80e9-81431c4ba98f___GH_HL Leaf 184.2.JPG,bc36c64a-8e37-4275-80e9-81431c4ba98f___GH_HL Leaf 184.2.JPG,Tomato___healthy,tomato__healthy__healthy,tomato,healthy,Healthy Leaf,256,256,3,1.0,RGB,JPEG,20.36,True,
datasets/raw/plantvillage/raw/color/Tomato___healthy/5a7de071-ba6b-4a06-a3d4-eab0abdc6ecf___GH_HL Leaf 398.1.JPG,5a7de071-ba6b-4a06-a3d4-eab0abdc6ecf___GH_HL Leaf 398.1.JPG,Tomato___healthy,tomato__healthy__healthy,tomato,healthy,Healthy Leaf,256,256,3,1.0,RGB,JPEG,11.28,True,
datasets/raw/plantvillage/raw/color/Tomato___healthy/b5631e3d-6e99-41f0-a36f-fe45e352278b___RS_HL 9835.JPG,b5631e3d-6e99-41f0-a36f-fe45e352278b___RS_HL 9835.JPG,Tomato___healthy,tomato__healthy__healthy,tomato,healthy,Healthy Leaf,256,256,3,1.0,RGB,JPEG,23.65,True,
datasets/raw/plantvillage/raw/color/Tomato___healthy/74579097-2dd7-4d15-8f73-f09e7d919b51___RS_HL 9773.JPG,74579097-2dd7-4d15-8f73-f09e7d919b51___RS_HL 9773.JPG,Tomato___healthy,tomato__healthy__healthy,tomato,healthy,Healthy Leaf,256,256,3,1.0,RGB,JPEG,24.35,True,
datasets/raw/plantvillage/raw/color/Tomato___healthy/cdfeddb6-3064-48dc-bac9-05441dedc74e___RS_HL 0323.JPG,cdfeddb6-3064-48dc-bac9-05441dedc74e___RS_HL 0323.JPG,Tomato___healthy,tomato__healthy__healthy,tomato,healthy,Healthy Leaf,256,256,3,1.0,RGB,JPEG,24.76,True,
datasets/raw/plantvillage/raw/color/Tomato___healthy/ca4e96c1-9bf0-49fb-804f-c895905c0584___GH_HL Leaf 210.2.JPG,ca4e96c1-9bf0-49fb-804f-c895905c0584___GH_HL Leaf 210.2.JPG,Tomato___healthy,tomato__healthy__healthy,tomato,healthy,Healthy Leaf,256,256,3,1.0,RGB,JPEG,17.3,True,
datasets/raw/plantvillage/raw/color/Tomato___healthy/2df73051-0fdf-4ed5-a626-205e245ad8c7___GH_HL Leaf 233.JPG,2df73051-0fdf-4ed5-a626-205e245ad8c7___GH_HL Leaf 233.JPG,Tomato___healthy,tomato__healthy__healthy,tomato,healthy,Healthy Leaf,256,256,3,1.0,RGB,JPEG,20.51,True,
datasets/raw/plantvillage/raw/color/Tomato___healthy/cd469bb3-30c8-4cad-9b4e-27c77a538dfa___GH_HL Leaf 392.JPG,cd469bb3-30c8-4cad-9b4e-27c77a538dfa___GH_HL Leaf 392.JPG,Tomato___healthy,tomato__healthy__healthy,tomato,healthy,Healthy Leaf,256,256,3,1.0,RGB,JPEG,12.41,True,
datasets/raw/plantvillage/raw/color/Tomato___healthy/e66387bd-ae03-4ba8-af0c-533900daa36c___RS_HL 0289.JPG,e66387bd-ae03-4ba8-af0c-533900daa36c___RS_HL 0289.JPG,Tomato___healthy,tomato__healthy__healthy,tomato,healthy,Healthy Leaf,256,256,3,1.0,RGB,JPEG,25.9,True,
datasets/raw/plantvillage/raw/color/Tomato___healthy/14768e0c-387d-40d2-96f9-031e0a45bed5___RS_HL 9667.JPG,14768e0c-387d-40d2-96f9-031e0a45bed5___RS_HL 9667.JPG,Tomato___healthy,tomato__healthy__healthy,tomato,healthy,Healthy Leaf,256,256,3,1.0,RGB,JPEG,25.14,True,
datasets/raw/plantvillage/raw/color/Tomato___healthy/6900666d-da67-433d-a8bd-5a131c7ea4a9___GH_HL Leaf 467.JPG,6900666d-da67-433d-a8bd-5a131c7ea4a9___GH_HL Leaf 467.JPG,Tomato___healthy,tomato__healthy__healthy,tomato,healthy,Healthy Leaf,256,256,3,1.0,RGB,JPEG,14.26,True,
datasets/raw/plantvillage/raw/color/Tomato___healthy/3c435a41-903c-4517-b79e-c01724be03a1___RS_HL 0422.JPG,3c435a41-903c-4517-b79e-c01724be03a1___RS_HL 0422.JPG,Tomato___healthy,tomato__healthy__healthy,tomato,healthy,Healthy Leaf,256,256,3,1.0,RGB,JPEG,26.12,True,
datasets/raw/plantvillage/raw/color/Tomato___healthy/bd4111eb-69bf-44b7-b02c-13477b5dc8e1___GH_HL Leaf 357.JPG,bd4111eb-69bf-44b7-b02c-13477b5dc8e1___GH_HL Leaf 357.JPG,Tomato___healthy,tomato__healthy__healthy,tomato,healthy,Healthy Leaf,256,256,3,1.0,RGB,JPEG,14.35,True,
datasets/raw/plantvillage/raw/color/Tomato___healthy/55204bbf-7eb5-488c-bcbd-e13f81953b57___RS_HL 0021.JPG,55204bbf-7eb5-488c-bcbd-e13f81953b57___RS_HL 0021.JPG,Tomato___healthy,tomato__healthy__healthy,tomato,healthy,Healthy Leaf,256,256,3,1.0,RGB,JPEG,24.4,True,
datasets/raw/plantvillage/raw/color/Tomato___healthy/534e4d2c-e2cc-4448-9181-95b9af3ff56a___RS_HL 0198.JPG,534e4d2c-e2cc-4448-9181-95b9af3ff56a___RS_HL 0198.JPG,Tomato___healthy,tomato__healthy__healthy,tomato,healthy,Healthy Leaf,256,256,3,1.0,RGB,JPEG,27.46,True,
datasets/raw/plantvillage/raw/color/Tomato___healthy/f4d64977-50b0-4967-87cf-95f282f287d4___RS_HL 0554.JPG,f4d64977-50b0-4967-87cf-95f282f287d4___RS_HL 0554.JPG,Tomato___healthy,tomato__healthy__healthy,tomato,healthy,Healthy Leaf,256,256,3,1.0,RGB,JPEG,26.66,True,
datasets/raw/plantvillage/raw/color/Tomato___healthy/e786ac89-29fe-47e3-b49e-b9a9ee7edd9d___GH_HL Leaf 342.1.JPG,e786ac89-29fe-47e3-b49e-b9a9ee7edd9d___GH_HL Leaf 342.1.JPG,Tomato___healthy,tomato__healthy__healthy,tomato,healthy,Healthy Leaf,256,256,3,1.0,RGB,JPEG,15.51,True,
datasets/raw/plantvillage/raw/color/Tomato___healthy/824d057f-080b-4b9e-ae96-e91d5bdf3b98___RS_HL 0380.JPG,824d057f-080b-4b9e-ae96-e91d5bdf3b98___RS_HL 0380.JPG,Tomato___healthy,tomato__healthy__healthy,tomato,healthy,Healthy Leaf,256,256,3,1.0,RGB,JPEG,25.74,True,
datasets/raw/plantvillage/raw/color/Tomato___healthy/8f009cfa-d6f0-4e8b-8950-71638f04d2c1___RS_HL 0582.JPG,8f009cfa-d6f0-4e8b-8950-71638f04d2c1___RS_HL 0582.JPG,Tomato___healthy,tomato__healthy__healthy,tomato,healthy,Healthy Leaf,256,256,3,1.0,RGB,JPEG,26.5,True,
datasets/raw/plantvillage/raw/color/Tomato___healthy/c910ce6d-8dd7-4c9f-9530-dd26684058d3___RS_HL 9697.JPG,c910ce6d-8dd7-4c9f-9530-dd26684058d3___RS_HL 9697.JPG,Tomato___healthy,tomato__healthy__healthy,tomato,healthy,Healthy Leaf,256,256,3,1.0,RGB,JPEG,24.81,True,
datasets/raw/plantvillage/raw/color/Tomato___healthy/fe8f8808-2631-491e-a46b-bd2a1a4958e7___GH_HL Leaf 213.1.JPG,fe8f8808-2631-491e-a46b-bd2a1a4958e7___GH_HL Leaf 213.1.JPG,Tomato___healthy,tomato__healthy__healthy,tomato,healthy,Healthy Leaf,256,256,3,1.0,RGB,JPEG,16.97,True,
datasets/raw/plantvillage/raw/color/Tomato___healthy/04dec2d5-560b-4f34-a4a1-36b034031e4d___RS_HL 0516.JPG,04dec2d5-560b-4f34-a4a1-36b034031e4d___RS_HL 0516.JPG,Tomato___healthy,tomato__healthy__healthy,tomato,healthy,Healthy Leaf,256,256,3,1.0,RGB,JPEG,26.02,True,
datasets/raw/plantvillage/raw/color/Tomato___healthy/29ff6f63-9b09-4833-8d76-00af9c7b6495___GH_HL Leaf 320.2.JPG,29ff6f63-9b09-4833-8d76-00af9c7b6495___GH_HL Leaf 320.2.JPG,Tomato___healthy,tomato__healthy__healthy,tomato,healthy,Healthy Leaf,256,256,3,1.0,RGB,JPEG,19.5,True,
datasets/raw/plantvillage/raw/color/Tomato___healthy/6e41f26a-5ce7-4fba-9fb5-e6a886b55f75___GH_HL Leaf 230.JPG,6e41f26a-5ce7-4fba-9fb5-e6a886b55f75___GH_HL Leaf 230.JPG,Tomato___healthy,tomato__healthy__healthy,tomato,healthy,Healthy Leaf,256,256,3,1.0,RGB,JPEG,14.99,True,
datasets/raw/plantvillage/raw/color/Tomato___healthy/e70e9a4c-481d-4c9c-8130-aff356057803___RS_HL 9661.JPG,e70e9a4c-481d-4c9c-8130-aff356057803___RS_HL 9661.JPG,Tomato___healthy,tomato__healthy__healthy,tomato,healthy,Healthy Leaf,256,256,3,1.0,RGB,JPEG,23.46,True,
datasets/raw/plantvillage/raw/color/Tomato___healthy/ce9cef60-51af-4e89-bbe7-bf463d767e99___RS_HL 0614.JPG,ce9cef60-51af-4e89-bbe7-bf463d767e99___RS_HL 0614.JPG,Tomato___healthy,tomato__healthy__healthy,tomato,healthy,Healthy Leaf,256,256,3,1.0,RGB,JPEG,27.15,True,
datasets/raw/plantvillage/raw/color/Tomato___healthy/fd1db002-680b-432b-9d60-68b80a4a310f___RS_HL 0049.JPG,fd1db002-680b-432b-9d60-68b80a4a310f___RS_HL 0049.JPG,Tomato___healthy,tomato__healthy__healthy,tomato,healthy,Healthy Leaf,256,256,3,1.0,RGB,JPEG,23.64,True,
datasets/raw/plantvillage/raw/color/Tomato___healthy/6c93e40c-bd94-4583-8651-2b9d7215a392___RS_HL 0054.JPG,6c93e40c-bd94-4583-8651-2b9d7215a392___RS_HL 0054.JPG,Tomato___healthy,tomato__healthy__healthy,tomato,healthy,Healthy Leaf,256,256,3,1.0,RGB,JPEG,27.15,True,
datasets/raw/plantvillage/raw/color/Tomato___healthy/b48b9ce8-56ae-4ada-b90d-148b253d8a74___GH_HL Leaf 184.JPG,b48b9ce8-56ae-4ada-b90d-148b253d8a74___GH_HL Leaf 184.JPG,Tomato___healthy,tomato__healthy__healthy,tomato,healthy,Healthy Leaf,256,256,3,1.0,RGB,JPEG,18.91,True,
datasets/raw/plantvillage/raw/color/Tomato___healthy/f2f5162b-7cc7-4315-8692-d1eaab98c554___GH_HL Leaf 507.2.JPG,f2f5162b-7cc7-4315-8692-d1eaab98c554___GH_HL Leaf 507.2.JPG,Tomato___healthy,tomato__healthy__healthy,tomato,healthy,Healthy Leaf,256,256,3,1.0,RGB,JPEG,17.97,True,
datasets/raw/plantvillage/raw/color/Tomato___healthy/edbb09c6-f6e6-4ce4-ac38-e4fa0b96f4c0___GH_HL Leaf 251.JPG,edbb09c6-f6e6-4ce4-ac38-e4fa0b96f4c0___GH_HL Leaf 251.JPG,Tomato___healthy,tomato__healthy__healthy,tomato,healthy,Healthy Leaf,256,256,3,1.0,RGB,JPEG,18.16,True,
datasets/raw/plantvillage/raw/color/Tomato___healthy/d4fc1abf-fd0d-4625-9882-36acd3755ede___RS_HL 0307.JPG,d4fc1abf-fd0d-4625-9882-36acd3755ede___RS_HL 0307.JPG,Tomato___healthy,tomato__healthy__healthy,tomato,healthy,Healthy Leaf,256,256,3,1.0,RGB,JPEG,24.9,True,
datasets/raw/plantvillage/raw/color/Tomato___healthy/57b5d4cd-150b-4441-a535-8176fc1f97d7___GH_HL Leaf 197.1.JPG,57b5d4cd-150b-4441-a535-8176fc1f97d7___GH_HL Leaf 197.1.JPG,Tomato___healthy,tomato__healthy__healthy,tomato,healthy,Healthy Leaf,256,256,3,1.0,RGB,JPEG,21.08,True,
datasets/raw/plantvillage/raw/color/Tomato___healthy/22e6625c-8075-428b-8356-fc6a97660efc___GH_HL Leaf 444.JPG,22e6625c-8075-428b-8356-fc6a97660efc___GH_HL Leaf 444.JPG,Tomato___healthy,tomato__healthy__healthy,tomato,healthy,Healthy Leaf,256,256,3,1.0,RGB,JPEG,16.28,True,
datasets/raw/plantvillage/raw/color/Tomato___healthy/1ddf5950-e27f-4928-8f4e-33242953e306___RS_HL 0181.JPG,1ddf5950-e27f-4928-8f4e-33242953e306___RS_HL 0181.JPG,Tomato___healthy,tomato__healthy__healthy,tomato,healthy,Healthy Leaf,256,256,3,1.0,RGB,JPEG,25.05,True,
datasets/raw/plantvillage/raw/color/Tomato___healthy/f48aed97-8db4-40a5-aa39-e2c3c70fe8be___GH_HL Leaf 524.1.JPG,f48aed97-8db4-40a5-aa39-e2c3c70fe8be___GH_HL Leaf 524.1.JPG,Tomato___healthy,tomato__healthy__healthy,tomato,healthy,Healthy Leaf,256,256,3,1.0,RGB,JPEG,12.63,True,
datasets/raw/plantvillage/raw/color/Tomato___healthy/16fd1407-644b-42f1-a40a-6cacd9bc0258___RS_HL 9705.JPG,16fd1407-644b-42f1-a40a-6cacd9bc0258___RS_HL 9705.JPG,Tomato___healthy,tomato__healthy__healthy,tomato,healthy,Healthy Leaf,256,256,3,1.0,RGB,JPEG,25.16,True,
datasets/raw/plantvillage/raw/color/Tomato___healthy/8ee7fa28-296c-4cf0-970b-d2015b1b75e8___GH_HL Leaf 327.JPG,8ee7fa28-296c-4cf0-970b-d2015b1b75e8___GH_HL Leaf 327.JPG,Tomato___healthy,tomato__healthy__healthy,tomato,healthy,Healthy Leaf,256,256,3,1.0,RGB,JPEG,16.61,True,
datasets/raw/plantvillage/raw/color/Tomato___healthy/bf2e072b-f57b-48ce-b155-f255bebd85a2___GH_HL Leaf 317.JPG,bf2e072b-f57b-48ce-b155-f255bebd85a2___GH_HL Leaf 317.JPG,Tomato___healthy,tomato__healthy__healthy,tomato,healthy,Healthy Leaf,256,256,3,1.0,RGB,JPEG,17.88,True,
datasets/raw/plantvillage/raw/color/Tomato___healthy/973bc347-b335-4333-8536-82db4a41fa6c___RS_HL 0142.JPG,973bc347-b335-4333-8536-82db4a41fa6c___RS_HL 0142.JPG,Tomato___healthy,tomato__healthy__healthy,tomato,healthy,Healthy Leaf,256,256,3,1.0,RGB,JPEG,25.79,True,
datasets/raw/plantvillage/raw/color/Tomato___healthy/7beda862-3964-4839-9d08-b9b3fa27b028___RS_HL 9952.JPG,7beda862-3964-4839-9d08-b9b3fa27b028___RS_HL 9952.JPG,Tomato___healthy,tomato__healthy__healthy,tomato,healthy,Healthy Leaf,256,256,3,1.0,RGB,JPEG,26.29,True,
datasets/raw/plantvillage/raw/color/Tomato___healthy/5ac6005e-d9b6-4847-bd28-e43038e02450___RS_HL 0489.JPG,5ac6005e-d9b6-4847-bd28-e43038e02450___RS_HL 0489.JPG,Tomato___healthy,tomato__healthy__healthy,tomato,healthy,Healthy Leaf,256,256,3,1.0,RGB,JPEG,25.52,True,
datasets/raw/plantvillage/raw/color/Tomato___healthy/d6e27864-a8c9-426f-9e46-283d0eb3a7d0___RS_HL 0452.JPG,d6e27864-a8c9-426f-9e46-283d0eb3a7d0___RS_HL 0452.JPG,Tomato___healthy,tomato__healthy__healthy,tomato,healthy,Healthy Leaf,256,256,3,1.0,RGB,JPEG,25.77,True,
datasets/raw/plantvillage/raw/color/Tomato___healthy/714b5b2d-482e-4276-8a06-ecf6a18bdb52___RS_HL 9941.JPG,714b5b2d-482e-4276-8a06-ecf6a18bdb52___RS_HL 9941.JPG,Tomato___healthy,tomato__healthy__healthy,tomato,healthy,Healthy Leaf,256,256,3,1.0,RGB,JPEG,22.18,True,
datasets/raw/plantvillage/raw/color/Tomato___healthy/93d00575-64fc-4cb6-93c1-91be73a0b90c___GH_HL Leaf 313.1.JPG,93d00575-64fc-4cb6-93c1-91be73a0b90c___GH_HL Leaf 313.1.JPG,Tomato___healthy,tomato__healthy__healthy,tomato,healthy,Healthy Leaf,256,256,3,1.0,RGB,JPEG,18.76,True,
datasets/raw/plantvillage/raw/color/Tomato___healthy/7c879fc2-09b8-47ab-af57-2508cc854861___GH_HL Leaf 380.JPG,7c879fc2-09b8-47ab-af57-2508cc854861___GH_HL Leaf 380.JPG,Tomato___healthy,tomato__healthy__healthy,tomato,healthy,Healthy Leaf,256,256,3,1.0,RGB,JPEG,13.7,True,
datasets/raw/plantvillage/raw/color/Tomato___healthy/4935c405-26c7-4e53-b6cf-0f4dcc798504___RS_HL 9730.JPG,4935c405-26c7-4e53-b6cf-0f4dcc798504___RS_HL 9730.JPG,Tomato___healthy,tomato__healthy__healthy,tomato,healthy,Healthy Leaf,256,256,3,1.0,RGB,JPEG,23.59,True,
datasets/raw/plantvillage/raw/color/Tomato___healthy/d19a7818-769b-4633-bd09-5c3c20d2b4d1___GH_HL Leaf 172.JPG,d19a7818-769b-4633-bd09-5c3c20d2b4d1___GH_HL Leaf 172.JPG,Tomato___healthy,tomato__healthy__healthy,tomato,healthy,Healthy Leaf,256,256,3,1.0,RGB,JPEG,19.79,True,
datasets/raw/plantvillage/raw/color/Tomato___healthy/399da916-8ffa-40f0-a7a6-62442f14067b___RS_HL 0088.JPG,399da916-8ffa-40f0-a7a6-62442f14067b___RS_HL 0088.JPG,Tomato___healthy,tomato__healthy__healthy,tomato,healthy,Healthy Leaf,256,256,3,1.0,RGB,JPEG,25.22,True,
datasets/raw/plantvillage/raw/color/Tomato___healthy/a3e61ed6-3c67-48d7-af39-9a69b2c5c7bc___GH_HL Leaf 250.1.JPG,a3e61ed6-3c67-48d7-af39-9a69b2c5c7bc___GH_HL Leaf 250.1.JPG,Tomato___healthy,tomato__healthy__healthy,tomato,healthy,Healthy Leaf,256,256,3,1.0,RGB,JPEG,20.75,True,
datasets/raw/plantvillage/raw/color/Tomato___healthy/115c8bc1-06b9-4679-9159-46e5640c39e7___GH_HL Leaf 206.2.JPG,115c8bc1-06b9-4679-9159-46e5640c39e7___GH_HL Leaf 206.2.JPG,Tomato___healthy,tomato__healthy__healthy,tomato,healthy,Healthy Leaf,256,256,3,1.0,RGB,JPEG,18.66,True,
datasets/raw/plantvillage/raw/color/Tomato___healthy/83a8e340-30f9-4e2f-b825-a1078d5c63cf___RS_HL 0033.JPG,83a8e340-30f9-4e2f-b825-a1078d5c63cf___RS_HL 0033.JPG,Tomato___healthy,tomato__healthy__healthy,tomato,healthy,Healthy Leaf,256,256,3,1.0,RGB,JPEG,26.13,True,
datasets/raw/plantvillage/raw/color/Tomato___healthy/2fd78b0f-a307-4824-9e6c-ff4a3f27e3c8___GH_HL Leaf 403.JPG,2fd78b0f-a307-4824-9e6c-ff4a3f27e3c8___GH_HL Leaf 403.JPG,Tomato___healthy,tomato__healthy__healthy,tomato,healthy,Healthy Leaf,256,256,3,1.0,RGB,JPEG,14.38,True,
datasets/raw/plantvillage/raw/color/Tomato___healthy/0d515778-61ef-4f0b-ab54-75607c80220f___RS_HL 9745.JPG,0d515778-61ef-4f0b-ab54-75607c80220f___RS_HL 9745.JPG,Tomato___healthy,tomato__healthy__healthy,tomato,healthy,Healthy Leaf,256,256,3,1.0,RGB,JPEG,25.19,True,
datasets/raw/plantvillage/raw/color/Tomato___healthy/48ffe8ac-3cd7-4d15-a928-6775f657ddae___GH_HL Leaf 264.1.JPG,48ffe8ac-3cd7-4d15-a928-6775f657ddae___GH_HL Leaf 264.1.JPG,Tomato___healthy,tomato__healthy__healthy,tomato,healthy,Healthy Leaf,256,256,3,1.0,RGB,JPEG,16.26,True,
datasets/raw/plantvillage/raw/color/Tomato___healthy/b7e3a280-a031-475d-95b2-a1d2f0f49e02___GH_HL Leaf 279.JPG,b7e3a280-a031-475d-95b2-a1d2f0f49e02___GH_HL Leaf 279.JPG,Tomato___healthy,tomato__healthy__healthy,tomato,healthy,Healthy Leaf,256,256,3,1.0,RGB,JPEG,16.7,True,
datasets/raw/plantvillage/raw/color/Tomato___healthy/2d4db3f7-a768-4a27-832c-fc72496e79b4___GH_HL Leaf 446.JPG,2d4db3f7-a768-4a27-832c-fc72496e79b4___GH_HL Leaf 446.JPG,Tomato___healthy,tomato__healthy__healthy,tomato,healthy,Healthy Leaf,256,256,3,1.0,RGB,JPEG,14.43,True,
datasets/raw/plantvillage/raw/color/Tomato___healthy/98f3de1f-2505-4e4b-94ad-fb16f66f27d8___RS_HL 9852.JPG,98f3de1f-2505-4e4b-94ad-fb16f66f27d8___RS_HL 9852.JPG,Tomato___healthy,tomato__healthy__healthy,tomato,healthy,Healthy Leaf,256,256,3,1.0,RGB,JPEG,24.89,True,
datasets/raw/plantvillage/raw/color/Tomato___healthy/c0b3ea2d-4889-4693-8590-cef2d32b81e3___RS_HL 0370.JPG,c0b3ea2d-4889-4693-8590-cef2d32b81e3___RS_HL 0370.JPG,Tomato___healthy,tomato__healthy__healthy,tomato,healthy,Healthy Leaf,256,256,3,1.0,RGB,JPEG,25.92,True,
datasets/raw/plantvillage/raw/color/Tomato___healthy/2bd08574-9555-42a5-93b1-7fab8f9f8786___GH_HL Leaf 475.2.JPG,2bd08574-9555-42a5-93b1-7fab8f9f8786___GH_HL Leaf 475.2.JPG,Tomato___healthy,tomato__healthy__healthy,tomato,healthy,Healthy Leaf,256,256,3,1.0,RGB,JPEG,12.74,True,
datasets/raw/plantvillage/raw/color/Tomato___healthy/1fee5d1d-ab19-43ed-bef2-9547bbd1fdc9___RS_HL 0137.JPG,1fee5d1d-ab19-43ed-bef2-9547bbd1fdc9___RS_HL 0137.JPG,Tomato___healthy,tomato__healthy__healthy,tomato,healthy,Healthy Leaf,256,256,3,1.0,RGB,JPEG,23.46,True,
datasets/raw/plantvillage/raw/color/Tomato___healthy/2b14b93f-0664-4b7f-93fa-b7d3df03dc06___GH_HL Leaf 508.1.JPG,2b14b93f-0664-4b7f-93fa-b7d3df03dc06___GH_HL Leaf 508.1.JPG,Tomato___healthy,tomato__healthy__healthy,tomato,healthy,Healthy Leaf,256,256,3,1.0,RGB,JPEG,17.32,True,
datasets/raw/plantvillage/raw/color/Tomato___healthy/d88e3218-6639-430b-a74b-6b7353b1b964___GH_HL Leaf 377.JPG,d88e3218-6639-430b-a74b-6b7353b1b964___GH_HL Leaf 377.JPG,Tomato___healthy,tomato__healthy__healthy,tomato,healthy,Healthy Leaf,256,256,3,1.0,RGB,JPEG,15.45,True,
datasets/raw/plantvillage/raw/color/Tomato___healthy/6a159b17-b233-4b65-ba45-9fbced7f1d39___RS_HL 0339.JPG,6a159b17-b233-4b65-ba45-9fbced7f1d39___RS_HL 0339.JPG,Tomato___healthy,tomato__healthy__healthy,tomato,healthy,Healthy Leaf,256,256,3,1.0,RGB,JPEG,24.75,True,
datasets/raw/plantvillage/raw/color/Tomato___healthy/1b855a60-d30c-4ed9-8f25-cffe523b436b___GH_HL Leaf 249.1.JPG,1b855a60-d30c-4ed9-8f25-cffe523b436b___GH_HL Leaf 249.1.JPG,Tomato___healthy,tomato__healthy__healthy,tomato,healthy,Healthy Leaf,256,256,3,1.0,RGB,JPEG,20.44,True,
datasets/raw/plantvillage/raw/color/Tomato___healthy/ec59e000-1ee0-4998-a68f-abbfa6f6d009___RS_HL 0226.JPG,ec59e000-1ee0-4998-a68f-abbfa6f6d009___RS_HL 0226.JPG,Tomato___healthy,tomato__healthy__healthy,tomato,healthy,Healthy Leaf,256,256,3,1.0,RGB,JPEG,24.36,True,
datasets/raw/plantvillage/raw/color/Tomato___healthy/d750fda0-e49d-4160-a9da-8cf8e425034e___GH_HL Leaf 167.JPG,d750fda0-e49d-4160-a9da-8cf8e425034e___GH_HL Leaf 167.JPG,Tomato___healthy,tomato__healthy__healthy,tomato,healthy,Healthy Leaf,256,256,3,1.0,RGB,JPEG,15.3,True,
datasets/raw/plantvillage/raw/color/Tomato___healthy/c59a5a86-2645-49e0-a6e0-c9e8112f95d5___GH_HL Leaf 166.1.JPG,c59a5a86-2645-49e0-a6e0-c9e8112f95d5___GH_HL Leaf 166.1.JPG,Tomato___healthy,tomato__healthy__healthy,tomato,healthy,Healthy Leaf,256,256,3,1.0,RGB,JPEG,15.42,True,
datasets/raw/plantvillage/raw/color/Tomato___healthy/c49577fa-06ce-40f1-ab69-ff21836b5061___GH_HL Leaf 277.2.JPG,c49577fa-06ce-40f1-ab69-ff21836b5061___GH_HL Leaf 277.2.JPG,Tomato___healthy,tomato__healthy__healthy,tomato,healthy,Healthy Leaf,256,256,3,1.0,RGB,JPEG,16.71,True,
datasets/raw/plantvillage/raw/color/Tomato___healthy/787fe2db-da4f-4655-bbb7-6fd8025feffe___RS_HL 9795.JPG,787fe2db-da4f-4655-bbb7-6fd8025feffe___RS_HL 9795.JPG,Tomato___healthy,tomato__healthy__healthy,tomato,healthy,Healthy Leaf,256,256,3,1.0,RGB,JPEG,24.54,True,
datasets/raw/plantvillage/raw/color/Tomato___healthy/d48fe069-a000-4242-b6cf-fb465e47615b___RS_HL 0594.JPG,d48fe069-a000-4242-b6cf-fb465e47615b___RS_HL 0594.JPG,Tomato___healthy,tomato__healthy__healthy,tomato,healthy,Healthy Leaf,256,256,3,1.0,RGB,JPEG,24.96,True,
datasets/raw/plantvillage/raw/color/Tomato___healthy/0d91db63-181b-4c3a-939b-181cc812e466___RS_HL 0308.JPG,0d91db63-181b-4c3a-939b-181cc812e466___RS_HL 0308.JPG,Tomato___healthy,tomato__healthy__healthy,tomato,healthy,Healthy Leaf,256,256,3,1.0,RGB,JPEG,24.07,True,
datasets/raw/plantvillage/raw/color/Tomato___healthy/f9546cff-061d-4240-88ba-492272a92847___GH_HL Leaf 176.2.JPG,f9546cff-061d-4240-88ba-492272a92847___GH_HL Leaf 176.2.JPG,Tomato___healthy,tomato__healthy__healthy,tomato,healthy,Healthy Leaf,256,256,3,1.0,RGB,JPEG,20.7,True,
datasets/raw/plantvillage/raw/color/Tomato___healthy/0a205a11-1e64-49f7-93c2-ad59312b4f83___RS_HL 0334.JPG,0a205a11-1e64-49f7-93c2-ad59312b4f83___RS_HL 0334.JPG,Tomato___healthy,tomato__healthy__healthy,tomato,healthy,Healthy Leaf,256,256,3,1.0,RGB,JPEG,25.36,True,
datasets/raw/plantvillage/raw/color/Tomato___healthy/5d5b9f07-dd6a-4927-9ca0-92945e9ad8df___GH_HL Leaf 209.1.JPG,5d5b9f07-dd6a-4927-9ca0-92945e9ad8df___GH_HL Leaf 209.1.JPG,Tomato___healthy,tomato__healthy__healthy,tomato,healthy,Healthy Leaf,256,256,3,1.0,RGB,JPEG,18.2,True,
datasets/raw/plantvillage/raw/color/Tomato___healthy/0972d906-c7f6-4c30-80f5-6c665ea36770___RS_HL 0115.JPG,0972d906-c7f6-4c30-80f5-6c665ea36770___RS_HL 0115.JPG,Tomato___healthy,tomato__healthy__healthy,tomato,healthy,Healthy Leaf,256,256,3,1.0,RGB,JPEG,23.69,True,
datasets/raw/plantvillage/raw/color/Tomato___healthy/1a0a5292-5e63-4afa-8611-38eef316f1e9___GH_HL Leaf 477.JPG,1a0a5292-5e63-4afa-8611-38eef316f1e9___GH_HL Leaf 477.JPG,Tomato___healthy,tomato__healthy__healthy,tomato,healthy,Healthy Leaf,256,256,3,1.0,RGB,JPEG,11.43,True,
datasets/raw/plantvillage/raw/color/Tomato___healthy/1dffd343-4634-4b33-95f4-eecc755aec8f___GH_HL Leaf 168.JPG,1dffd343-4634-4b33-95f4-eecc755aec8f___GH_HL Leaf 168.JPG,Tomato___healthy,tomato__healthy__healthy,tomato,healthy,Healthy Leaf,256,256,3,1.0,RGB,JPEG,15.9,True,
datasets/raw/plantvillage/raw/color/Tomato___healthy/b840daeb-319f-4cf3-b2a0-3010387fd5d3___GH_HL Leaf 493.JPG,b840daeb-319f-4cf3-b2a0-3010387fd5d3___GH_HL Leaf 493.JPG,Tomato___healthy,tomato__healthy__healthy,tomato,healthy,Healthy Leaf,256,256,3,1.0,RGB,JPEG,14.7,True,
datasets/raw/plantvillage/raw/color/Tomato___healthy/ecf64cfc-d521-48af-bb48-06edc78074c5___GH_HL Leaf 323.JPG,ecf64cfc-d521-48af-bb48-06edc78074c5___GH_HL Leaf 323.JPG,Tomato___healthy,tomato__healthy__healthy,tomato,healthy,Healthy Leaf,256,256,3,1.0,RGB,JPEG,17.43,True,
datasets/raw/plantvillage/raw/color/Tomato___healthy/1006c73b-19f8-4771-9fe5-3fc4908e8da3___RS_HL 0557.JPG,1006c73b-19f8-4771-9fe5-3fc4908e8da3___RS_HL 0557.JPG,Tomato___healthy,tomato__healthy__healthy,tomato,healthy,Healthy Leaf,256,256,3,1.0,RGB,JPEG,26.7,True,
datasets/raw/plantvillage/raw/color/Tomato___healthy/e1eaf28e-7726-4e87-a1f4-f1ccd44355d7___RS_HL 0405.JPG,e1eaf28e-7726-4e87-a1f4-f1ccd44355d7___RS_HL 0405.JPG,Tomato___healthy,tomato__healthy__healthy,tomato,healthy,Healthy Leaf,256,256,3,1.0,RGB,JPEG,25.88,True,
datasets/raw/plantvillage/raw/color/Tomato___healthy/9c84597a-72a3-4e91-9203-92de6090462b___RS_HL 0040.JPG,9c84597a-72a3-4e91-9203-92de6090462b___RS_HL 0040.JPG,Tomato___healthy,tomato__healthy__healthy,tomato,healthy,Healthy Leaf,256,256,3,1.0,RGB,JPEG,24.67,True,
datasets/raw/plantvillage/raw/color/Tomato___healthy/a91df7a3-b064-4edb-8556-686598d0bdea___RS_HL 0317.JPG,a91df7a3-b064-4edb-8556-686598d0bdea___RS_HL 0317.JPG,Tomato___healthy,tomato__healthy__healthy,tomato,healthy,Healthy Leaf,256,256,3,1.0,RGB,JPEG,25.42,True,
datasets/raw/plantvillage/raw/color/Tomato___healthy/dd7a8ade-2bc7-4b28-9e27-f823e8466a76___GH_HL Leaf 236.JPG,dd7a8ade-2bc7-4b28-9e27-f823e8466a76___GH_HL Leaf 236.JPG,Tomato___healthy,tomato__healthy__healthy,tomato,healthy,Healthy Leaf,256,256,3,1.0,RGB,JPEG,16.45,True,
datasets/raw/plantvillage/raw/color/Tomato___healthy/1971e05b-fc5e-40c1-a4ff-c6a4c746693f___GH_HL Leaf 237.JPG,1971e05b-fc5e-40c1-a4ff-c6a4c746693f___GH_HL Leaf 237.JPG,Tomato___healthy,tomato__healthy__healthy,tomato,healthy,Healthy Leaf,256,256,3,1.0,RGB,JPEG,16.37,True,
datasets/raw/plantvillage/raw/color/Tomato___healthy/2ea87b73-a52b-4a4c-938f-4ce06335d171___GH_HL Leaf 177.1.JPG,2ea87b73-a52b-4a4c-938f-4ce06335d171___GH_HL Leaf 177.1.JPG,Tomato___healthy,tomato__healthy__healthy,tomato,healthy,Healthy Leaf,256,256,3,1.0,RGB,JPEG,18.66,True,
datasets/raw/plantvillage/raw/color/Tomato___healthy/ba6d8256-1d1e-4642-b7f1-8e0f220fb0a4___GH_HL Leaf 359.JPG,ba6d8256-1d1e-4642-b7f1-8e0f220fb0a4___GH_HL Leaf 359.JPG,Tomato___healthy,tomato__healthy__healthy,tomato,healthy,Healthy Leaf,256,256,3,1.0,RGB,JPEG,14.96,True,
datasets/raw/plantvillage/raw/color/Tomato___healthy/92482fe8-95b5-48b9-b32e-eadc3ab6ac59___RS_HL 9901.JPG,92482fe8-95b5-48b9-b32e-eadc3ab6ac59___RS_HL 9901.JPG,Tomato___healthy,tomato__healthy__healthy,tomato,healthy,Healthy Leaf,256,256,3,1.0,RGB,JPEG,23.59,True,
datasets/raw/plantvillage/raw/color/Tomato___healthy/21f1c16d-2d7f-44e6-a2e4-7d830dfbfda3___RS_HL 9996.JPG,21f1c16d-2d7f-44e6-a2e4-7d830dfbfda3___RS_HL 9996.JPG,Tomato___healthy,tomato__healthy__healthy,tomato,healthy,Healthy Leaf,256,256,3,1.0,RGB,JPEG,26.77,True,
datasets/raw/plantvillage/raw/color/Tomato___healthy/69a348e0-b426-42bd-ba09-a8bb067430e5___RS_HL 0016.JPG,69a348e0-b426-42bd-ba09-a8bb067430e5___RS_HL 0016.JPG,Tomato___healthy,tomato__healthy__healthy,tomato,healthy,Healthy Leaf,256,256,3,1.0,RGB,JPEG,24.24,True,
datasets/raw/plantvillage/raw/color/Tomato___healthy/a8036d3b-eda1-4309-b2ac-5a409963f4d7___RS_HL 9840.JPG,a8036d3b-eda1-4309-b2ac-5a409963f4d7___RS_HL 9840.JPG,Tomato___healthy,tomato__healthy__healthy,tomato,healthy,Healthy Leaf,256,256,3,1.0,RGB,JPEG,25.4,True,
datasets/raw/plantvillage/raw/color/Tomato___healthy/b9c8c02c-146e-4d10-b16d-d6d4b245eff9___GH_HL Leaf 233.1.JPG,b9c8c02c-146e-4d10-b16d-d6d4b245eff9___GH_HL Leaf 233.1.JPG,Tomato___healthy,tomato__healthy__healthy,tomato,healthy,Healthy Leaf,256,256,3,1.0,RGB,JPEG,22.39,True,
datasets/raw/plantvillage/raw/color/Tomato___healthy/0de569a8-21c5-4d22-b9c9-ba0ef0f2b614___RS_HL 0314.JPG,0de569a8-21c5-4d22-b9c9-ba0ef0f2b614___RS_HL 0314.JPG,Tomato___healthy,tomato__healthy__healthy,tomato,healthy,Healthy Leaf,256,256,3,1.0,RGB,JPEG,25.44,True,
datasets/raw/plantvillage/raw/color/Tomato___healthy/768d54a3-cb87-4633-9529-ad39b6f6078e___RS_HL 9864.JPG,768d54a3-cb87-4633-9529-ad39b6f6078e___RS_HL 9864.JPG,Tomato___healthy,tomato__healthy__healthy,tomato,healthy,Healthy Leaf,256,256,3,1.0,RGB,JPEG,25.39,True,
datasets/raw/plantvillage/raw/color/Tomato___healthy/0031da2a-8edd-468f-a8b1-106657717a32___RS_HL 0105.JPG,0031da2a-8edd-468f-a8b1-106657717a32___RS_HL 0105.JPG,Tomato___healthy,tomato__healthy__healthy,tomato,healthy,Healthy Leaf,256,256,3,1.0,RGB,JPEG,25.75,True,
datasets/raw/plantvillage/raw/color/Tomato___healthy/bca86bca-56dd-4336-afea-5e42b5deec35___RS_HL 0197.JPG,bca86bca-56dd-4336-afea-5e42b5deec35___RS_HL 0197.JPG,Tomato___healthy,tomato__healthy__healthy,tomato,healthy,Healthy Leaf,256,256,3,1.0,RGB,JPEG,26.38,True,
datasets/raw/plantvillage/raw/color/Tomato___healthy/6fc5b781-6757-459f-af96-09a67dbcb2bc___RS_HL 0607.JPG,6fc5b781-6757-459f-af96-09a67dbcb2bc___RS_HL 0607.JPG,Tomato___healthy,tomato__healthy__healthy,tomato,healthy,Healthy Leaf,256,256,3,1.0,RGB,JPEG,25.93,True,
datasets/raw/plantvillage/raw/color/Tomato___healthy/003944fc-3b99-4a0f-9ed4-0e07352fd8b3___RS_HL 9844.JPG,003944fc-3b99-4a0f-9ed4-0e07352fd8b3___RS_HL 9844.JPG,Tomato___healthy,tomato__healthy__healthy,tomato,healthy,Healthy Leaf,256,256,3,1.0,RGB,JPEG,22.65,True,
datasets/raw/plantvillage/raw/color/Tomato___healthy/df99e31e-11ab-49be-bd51-d1fda2667c76___GH_HL Leaf 458.JPG,df99e31e-11ab-49be-bd51-d1fda2667c76___GH_HL Leaf 458.JPG,Tomato___healthy,tomato__healthy__healthy,tomato,healthy,Healthy Leaf,256,256,3,1.0,RGB,JPEG,12.76,True,
datasets/raw/plantvillage/raw/color/Tomato___healthy/4ff18566-4ef0-4492-85c6-5f8c94a2c20f___GH_HL Leaf 418.JPG,4ff18566-4ef0-4492-85c6-5f8c94a2c20f___GH_HL Leaf 418.JPG,Tomato___healthy,tomato__healthy__healthy,tomato,healthy,Healthy Leaf,256,256,3,1.0,RGB,JPEG,15.47,True,
datasets/raw/plantvillage/raw/color/Tomato___healthy/9f959699-166c-4ac9-ba4a-a9e7d0c9e03b___RS_HL 0143.JPG,9f959699-166c-4ac9-ba4a-a9e7d0c9e03b___RS_HL 0143.JPG,Tomato___healthy,tomato__healthy__healthy,tomato,healthy,Healthy Leaf,256,256,3,1.0,RGB,JPEG,24.0,True,
datasets/raw/plantvillage/raw/color/Tomato___healthy/5df79085-2c00-41d6-ac0f-33a831a16d89___RS_HL 9634.JPG,5df79085-2c00-41d6-ac0f-33a831a16d89___RS_HL 9634.JPG,Tomato___healthy,tomato__healthy__healthy,tomato,healthy,Healthy Leaf,256,256,3,1.0,RGB,JPEG,25.04,True,
datasets/raw/plantvillage/raw/color/Tomato___healthy/de914baa-f72d-4cbf-a9fd-a60baf466e06___GH_HL Leaf 450.1.JPG,de914baa-f72d-4cbf-a9fd-a60baf466e06___GH_HL Leaf 450.1.JPG,Tomato___healthy,tomato__healthy__healthy,tomato,healthy,Healthy Leaf,256,256,3,1.0,RGB,JPEG,16.05,True,
datasets/raw/plantvillage/raw/color/Tomato___healthy/2763797b-4786-41ef-8ff1-73b088f9973c___GH_HL Leaf 231.JPG,2763797b-4786-41ef-8ff1-73b088f9973c___GH_HL Leaf 231.JPG,Tomato___healthy,tomato__healthy__healthy,tomato,healthy,Healthy Leaf,256,256,3,1.0,RGB,JPEG,17.89,True,
datasets/raw/plantvillage/raw/color/Tomato___healthy/99330465-d609-4f9b-b1cf-da0410f6122c___RS_HL 0388.JPG,99330465-d609-4f9b-b1cf-da0410f6122c___RS_HL 0388.JPG,Tomato___healthy,tomato__healthy__healthy,tomato,healthy,Healthy Leaf,256,256,3,1.0,RGB,JPEG,25.49,True,
datasets/raw/plantvillage/raw/color/Tomato___healthy/ac249839-fe21-45cd-9e09-f0023fa7ee3a___GH_HL Leaf 273.JPG,ac249839-fe21-45cd-9e09-f0023fa7ee3a___GH_HL Leaf 273.JPG,Tomato___healthy,tomato__healthy__healthy,tomato,healthy,Healthy Leaf,256,256,3,1.0,RGB,JPEG,17.09,True,
datasets/raw/plantvillage/raw/color/Tomato___healthy/bc5e650e-075e-4359-9f31-79cd0ef3208b___RS_HL 9807.JPG,bc5e650e-075e-4359-9f31-79cd0ef3208b___RS_HL 9807.JPG,Tomato___healthy,tomato__healthy__healthy,tomato,healthy,Healthy Leaf,256,256,3,1.0,RGB,JPEG,20.38,True,
datasets/raw/plantvillage/raw/color/Tomato___healthy/4ed59995-6214-4996-b98b-750e85433920___GH_HL Leaf 474.JPG,4ed59995-6214-4996-b98b-750e85433920___GH_HL Leaf 474.JPG,Tomato___healthy,tomato__healthy__healthy,tomato,healthy,Healthy Leaf,256,256,3,1.0,RGB,JPEG,14.94,True,
datasets/raw/plantvillage/raw/color/Tomato___healthy/93e8763c-b124-48c4-bc46-df4d92625fa3___RS_HL 0261.JPG,93e8763c-b124-48c4-bc46-df4d92625fa3___RS_HL 0261.JPG,Tomato___healthy,tomato__healthy__healthy,tomato,healthy,Healthy Leaf,256,256,3,1.0,RGB,JPEG,27.56,True,
datasets/raw/plantvillage/raw/color/Tomato___healthy/e0987875-8fe2-49ee-8f01-e29281c3d790___RS_HL 0239.JPG,e0987875-8fe2-49ee-8f01-e29281c3d790___RS_HL 0239.JPG,Tomato___healthy,tomato__healthy__healthy,tomato,healthy,Healthy Leaf,256,256,3,1.0,RGB,JPEG,24.46,True,
datasets/raw/plantvillage/raw/color/Tomato___healthy/7ee078a8-218e-4ebf-8935-ec9f844ab744___GH_HL Leaf 212.9.JPG,7ee078a8-218e-4ebf-8935-ec9f844ab744___GH_HL Leaf 212.9.JPG,Tomato___healthy,tomato__healthy__healthy,tomato,healthy,Healthy Leaf,256,256,3,1.0,RGB,JPEG,15.17,True,
datasets/raw/plantvillage/raw/color/Tomato___healthy/939be2cc-6c00-4205-85cd-5276c12969e0___RS_HL 9883.JPG,939be2cc-6c00-4205-85cd-5276c12969e0___RS_HL 9883.JPG,Tomato___healthy,tomato__healthy__healthy,tomato,healthy,Healthy Leaf,256,256,3,1.0,RGB,JPEG,25.03,True,
datasets/raw/plantvillage/raw/color/Tomato___healthy/2e96661f-a313-4deb-bf32-1eacbc10c48d___GH_HL Leaf 424.JPG,2e96661f-a313-4deb-bf32-1eacbc10c48d___GH_HL Leaf 424.JPG,Tomato___healthy,tomato__healthy__healthy,tomato,healthy,Healthy Leaf,256,256,3,1.0,RGB,JPEG,14.84,True,
datasets/raw/plantvillage/raw/color/Tomato___healthy/66fb848b-843a-469d-a2d2-80f0e0e7eda4___GH_HL Leaf 371.1.JPG,66fb848b-843a-469d-a2d2-80f0e0e7eda4___GH_HL Leaf 371.1.JPG,Tomato___healthy,tomato__healthy__healthy,tomato,healthy,Healthy Leaf,256,256,3,1.0,RGB,JPEG,16.06,True,
datasets/raw/plantvillage/raw/color/Tomato___healthy/0fd3432a-e22a-4a71-9a63-1c56ee4ce067___GH_HL Leaf 463.1.JPG,0fd3432a-e22a-4a71-9a63-1c56ee4ce067___GH_HL Leaf 463.1.JPG,Tomato___healthy,tomato__healthy__healthy,tomato,healthy,Healthy Leaf,256,256,3,1.0,RGB,JPEG,13.63,True,
datasets/raw/plantvillage/raw/color/Tomato___healthy/5418b9ca-804d-4219-8272-805c0d78c28b___GH_HL Leaf 404.1.JPG,5418b9ca-804d-4219-8272-805c0d78c28b___GH_HL Leaf 404.1.JPG,Tomato___healthy,tomato__healthy__healthy,tomato,healthy,Healthy Leaf,256,256,3,1.0,RGB,JPEG,16.02,True,
datasets/raw/plantvillage/raw/color/Tomato___healthy/37081fee-4a04-4134-99d9-f9ac3801ad47___GH_HL Leaf 201.1.JPG,37081fee-4a04-4134-99d9-f9ac3801ad47___GH_HL Leaf 201.1.JPG,Tomato___healthy,tomato__healthy__healthy,tomato,healthy,Healthy Leaf,256,256,3,1.0,RGB,JPEG,13.94,True,
datasets/raw/plantvillage/raw/color/Tomato___healthy/1ebf9add-aa7f-4a84-adbf-67f700f918bc___GH_HL Leaf 437.JPG,1ebf9add-aa7f-4a84-adbf-67f700f918bc___GH_HL Leaf 437.JPG,Tomato___healthy,tomato__healthy__healthy,tomato,healthy,Healthy Leaf,256,256,3,1.0,RGB,JPEG,15.89,True,
datasets/raw/plantvillage/raw/color/Tomato___healthy/b212b78d-286a-4eec-b5b2-194ce2511695___GH_HL Leaf 345.1.JPG,b212b78d-286a-4eec-b5b2-194ce2511695___GH_HL Leaf 345.1.JPG,Tomato___healthy,tomato__healthy__healthy,tomato,healthy,Healthy Leaf,256,256,3,1.0,RGB,JPEG,17.63,True,
datasets/raw/plantvillage/raw/color/Tomato___healthy/3f12b950-bfdc-4670-adad-b32588dde9a3___RS_HL 9666.JPG,3f12b950-bfdc-4670-adad-b32588dde9a3___RS_HL 9666.JPG,Tomato___healthy,tomato__healthy__healthy,tomato,healthy,Healthy Leaf,256,256,3,1.0,RGB,JPEG,23.57,True,
datasets/raw/plantvillage/raw/color/Tomato___healthy/4af1cf6d-1bae-4e58-9168-2f6105a6fe9a___RS_HL 0608.JPG,4af1cf6d-1bae-4e58-9168-2f6105a6fe9a___RS_HL 0608.JPG,Tomato___healthy,tomato__healthy__healthy,tomato,healthy,Healthy Leaf,256,256,3,1.0,RGB,JPEG,27.49,True,
datasets/raw/plantvillage/raw/color/Tomato___healthy/59b3cd39-7a2f-4dc0-a08b-4c88f893f338___RS_HL 9792.JPG,59b3cd39-7a2f-4dc0-a08b-4c88f893f338___RS_HL 9792.JPG,Tomato___healthy,tomato__healthy__healthy,tomato,healthy,Healthy Leaf,256,256,3,1.0,RGB,JPEG,23.62,True,
datasets/raw/plantvillage/raw/color/Tomato___healthy/7919a8c4-0eb1-477f-8534-fc8841245cf7___RS_HL 0538.JPG,7919a8c4-0eb1-477f-8534-fc8841245cf7___RS_HL 0538.JPG,Tomato___healthy,tomato__healthy__healthy,tomato,healthy,Healthy Leaf,256,256,3,1.0,RGB,JPEG,27.15,True,
datasets/raw/plantvillage/raw/color/Tomato___healthy/93228670-1f62-4e23-8993-a488ff7068c0___GH_HL Leaf 257.1.JPG,93228670-1f62-4e23-8993-a488ff7068c0___GH_HL Leaf 257.1.JPG,Tomato___healthy,tomato__healthy__healthy,tomato,healthy,Healthy Leaf,256,256,3,1.0,RGB,JPEG,16.67,True,
datasets/raw/plantvillage/raw/color/Tomato___healthy/958b8eb8-7004-434a-ad02-e62ff64dded0___RS_HL 0276.JPG,958b8eb8-7004-434a-ad02-e62ff64dded0___RS_HL 0276.JPG,Tomato___healthy,tomato__healthy__healthy,tomato,healthy,Healthy Leaf,256,256,3,1.0,RGB,JPEG,27.07,True,
datasets/raw/plantvillage/raw/color/Tomato___healthy/e1571f83-5f00-4653-a176-2033f27405fa___GH_HL Leaf 353.JPG,e1571f83-5f00-4653-a176-2033f27405fa___GH_HL Leaf 353.JPG,Tomato___healthy,tomato__healthy__healthy,tomato,healthy,Healthy Leaf,256,256,3,1.0,RGB,JPEG,17.02,True,
datasets/raw/plantvillage/raw/color/Tomato___healthy/668e811e-7b65-404e-9bc5-6519efb1c708___RS_HL 0160.JPG,668e811e-7b65-404e-9bc5-6519efb1c708___RS_HL 0160.JPG,Tomato___healthy,tomato__healthy__healthy,tomato,healthy,Healthy Leaf,256,256,3,1.0,RGB,JPEG,23.33,True,
datasets/raw/plantvillage/raw/color/Tomato___healthy/d06e33fb-58bf-440f-9dbc-a1ceec9abaea___GH_HL Leaf 383.JPG,d06e33fb-58bf-440f-9dbc-a1ceec9abaea___GH_HL Leaf 383.JPG,Tomato___healthy,tomato__healthy__healthy,tomato,healthy,Healthy Leaf,256,256,3,1.0,RGB,JPEG,14.85,True,
datasets/raw/plantvillage/raw/color/Tomato___healthy/5fdf7f4f-4847-4492-bda8-01995d192e75___GH_HL Leaf 405.JPG,5fdf7f4f-4847-4492-bda8-01995d192e75___GH_HL Leaf 405.JPG,Tomato___healthy,tomato__healthy__healthy,tomato,healthy,Healthy Leaf,256,256,3,1.0,RGB,JPEG,12.79,True,
datasets/raw/plantvillage/raw/color/Tomato___healthy/f2acd891-c219-4c76-b2e7-a55c7c92e018___RS_HL 9898.JPG,f2acd891-c219-4c76-b2e7-a55c7c92e018___RS_HL 9898.JPG,Tomato___healthy,tomato__healthy__healthy,tomato,healthy,Healthy Leaf,256,256,3,1.0,RGB,JPEG,24.75,True,
datasets/raw/plantvillage/raw/color/Tomato___healthy/dbbde73f-e630-4799-9a08-37bd5602f1b2___GH_HL Leaf 208.JPG,dbbde73f-e630-4799-9a08-37bd5602f1b2___GH_HL Leaf 208.JPG,Tomato___healthy,tomato__healthy__healthy,tomato,healthy,Healthy Leaf,256,256,3,1.0,RGB,JPEG,14.39,True,
datasets/raw/plantvillage/raw/color/Tomato___healthy/431e5099-0b4d-433c-bba9-85e6ded06f4d___RS_HL 9876.JPG,431e5099-0b4d-433c-bba9-85e6ded06f4d___RS_HL 9876.JPG,Tomato___healthy,tomato__healthy__healthy,tomato,healthy,Healthy Leaf,256,256,3,1.0,RGB,JPEG,24.71,True,
datasets/raw/plantvillage/raw/color/Tomato___healthy/9397ecfe-6f1f-47cf-8549-43711ec0e734___GH_HL Leaf 213.JPG,9397ecfe-6f1f-47cf-8549-43711ec0e734___GH_HL Leaf 213.JPG,Tomato___healthy,tomato__healthy__healthy,tomato,healthy,Healthy Leaf,256,256,3,1.0,RGB,JPEG,16.42,True,
datasets/raw/plantvillage/raw/color/Tomato___healthy/36d4756b-afff-40cb-ac7f-598eda5269b9___RS_HL 9711.JPG,36d4756b-afff-40cb-ac7f-598eda5269b9___RS_HL 9711.JPG,Tomato___healthy,tomato__healthy__healthy,tomato,healthy,Healthy Leaf,256,256,3,1.0,RGB,JPEG,25.39,True,
datasets/raw/plantvillage/raw/color/Tomato___healthy/7a73a7f9-27e3-4898-be48-97ddcaa094a4___GH_HL Leaf 381.JPG,7a73a7f9-27e3-4898-be48-97ddcaa094a4___GH_HL Leaf 381.JPG,Tomato___healthy,tomato__healthy__healthy,tomato,healthy,Healthy Leaf,256,256,3,1.0,RGB,JPEG,12.72,True,
datasets/raw/plantvillage/raw/color/Tomato___healthy/d15336df-9f16-4f8b-805f-d74f27af2735___RS_HL 9723.JPG,d15336df-9f16-4f8b-805f-d74f27af2735___RS_HL 9723.JPG,Tomato___healthy,tomato__healthy__healthy,tomato,healthy,Healthy Leaf,256,256,3,1.0,RGB,JPEG,23.61,True,
datasets/raw/plantvillage/raw/color/Tomato___healthy/e1aeb847-e87b-4f24-aca7-c6e06b6c07ca___GH_HL Leaf 185.JPG,e1aeb847-e87b-4f24-aca7-c6e06b6c07ca___GH_HL Leaf 185.JPG,Tomato___healthy,tomato__healthy__healthy,tomato,healthy,Healthy Leaf,256,256,3,1.0,RGB,JPEG,18.71,True,
datasets/raw/plantvillage/raw/color/Tomato___healthy/d3862da2-c8a4-4a40-98db-7148e5e7d2c9___RS_HL 9906.JPG,d3862da2-c8a4-4a40-98db-7148e5e7d2c9___RS_HL 9906.JPG,Tomato___healthy,tomato__healthy__healthy,tomato,healthy,Healthy Leaf,256,256,3,1.0,RGB,JPEG,24.59,True,
datasets/raw/plantvillage/raw/color/Tomato___healthy/e5e65db7-de7e-4dc7-a480-9bd7092ccf69___RS_HL 0222.JPG,e5e65db7-de7e-4dc7-a480-9bd7092ccf69___RS_HL 0222.JPG,Tomato___healthy,tomato__healthy__healthy,tomato,healthy,Healthy Leaf,256,256,3,1.0,RGB,JPEG,25.31,True,
datasets/raw/plantvillage/raw/color/Tomato___healthy/7181181c-b571-4cf0-80c3-c52bd785ccf9___GH_HL Leaf 218.JPG,7181181c-b571-4cf0-80c3-c52bd785ccf9___GH_HL Leaf 218.JPG,Tomato___healthy,tomato__healthy__healthy,tomato,healthy,Healthy Leaf,256,256,3,1.0,RGB,JPEG,16.28,True,
datasets/raw/plantvillage/raw/color/Tomato___healthy/3e2fa71c-73a6-48f5-9175-4d43a078115a___RS_HL 0159.JPG,3e2fa71c-73a6-48f5-9175-4d43a078115a___RS_HL 0159.JPG,Tomato___healthy,tomato__healthy__healthy,tomato,healthy,Healthy Leaf,256,256,3,1.0,RGB,JPEG,23.11,True,
datasets/raw/plantvillage/raw/color/Tomato___healthy/648594b0-d275-4e4c-8872-5136e01658c2___GH_HL Leaf 183.JPG,648594b0-d275-4e4c-8872-5136e01658c2___GH_HL Leaf 183.JPG,Tomato___healthy,tomato__healthy__healthy,tomato,healthy,Healthy Leaf,256,256,3,1.0,RGB,JPEG,20.05,True,
datasets/raw/plantvillage/raw/color/Tomato___healthy/c30a18fe-8a24-4f0e-9c33-ed8632eead8e___RS_HL 9965.JPG,c30a18fe-8a24-4f0e-9c33-ed8632eead8e___RS_HL 9965.JPG,Tomato___healthy,tomato__healthy__healthy,tomato,healthy,Healthy Leaf,256,256,3,1.0,RGB,JPEG,26.38,True,
datasets/raw/plantvillage/raw/color/Tomato___healthy/0f93b04b-73fc-4c5c-98d6-35842cafdd25___RS_HL 0278.JPG,0f93b04b-73fc-4c5c-98d6-35842cafdd25___RS_HL 0278.JPG,Tomato___healthy,tomato__healthy__healthy,tomato,healthy,Healthy Leaf,256,256,3,1.0,RGB,JPEG,27.43,True,
datasets/raw/plantvillage/raw/color/Tomato___healthy/879b48e5-11f8-4989-8226-08af79bd6eb1___RS_HL 0453.JPG,879b48e5-11f8-4989-8226-08af79bd6eb1___RS_HL 0453.JPG,Tomato___healthy,tomato__healthy__healthy,tomato,healthy,Healthy Leaf,256,256,3,1.0,RGB,JPEG,25.33,True,
datasets/raw/plantvillage/raw/color/Tomato___healthy/8398397b-eae0-4e7b-83ee-44c42c67a79c___RS_HL 0631.JPG,8398397b-eae0-4e7b-83ee-44c42c67a79c___RS_HL 0631.JPG,Tomato___healthy,tomato__healthy__healthy,tomato,healthy,Healthy Leaf,256,256,3,1.0,RGB,JPEG,27.03,True,
datasets/raw/plantvillage/raw/color/Tomato___healthy/d6e75b4e-377f-4d9a-b2a5-d0fcd5ec32b8___RS_HL 0177.JPG,d6e75b4e-377f-4d9a-b2a5-d0fcd5ec32b8___RS_HL 0177.JPG,Tomato___healthy,tomato__healthy__healthy,tomato,healthy,Healthy Leaf,256,256,3,1.0,RGB,JPEG,25.02,True,
datasets/raw/plantvillage/raw/color/Tomato___healthy/0f5a5880-c1f1-4356-8336-d65c69b54cc1___GH_HL Leaf 380.1JPG.JPG,0f5a5880-c1f1-4356-8336-d65c69b54cc1___GH_HL Leaf 380.1JPG.JPG,Tomato___healthy,tomato__healthy__healthy,tomato,healthy,Healthy Leaf,256,256,3,1.0,RGB,JPEG,13.9,True,
datasets/raw/plantvillage/raw/color/Tomato___healthy/b2793705-a666-4ba0-ac9f-3b60fc0bbdf4___RS_HL 0342.JPG,b2793705-a666-4ba0-ac9f-3b60fc0bbdf4___RS_HL 0342.JPG,Tomato___healthy,tomato__healthy__healthy,tomato,healthy,Healthy Leaf,256,256,3,1.0,RGB,JPEG,23.51,True,
datasets/raw/plantvillage/raw/color/Tomato___healthy/13a4fd9b-13eb-4fcd-af7d-b6c76fbbf456___GH_HL Leaf 272.JPG,13a4fd9b-13eb-4fcd-af7d-b6c76fbbf456___GH_HL Leaf 272.JPG,Tomato___healthy,tomato__healthy__healthy,tomato,healthy,Healthy Leaf,256,256,3,1.0,RGB,JPEG,17.79,True,
datasets/raw/plantvillage/raw/color/Tomato___healthy/e5d58d21-5846-47aa-a0f7-e5f39c8f8567___RS_HL 0447.JPG,e5d58d21-5846-47aa-a0f7-e5f39c8f8567___RS_HL 0447.JPG,Tomato___healthy,tomato__healthy__healthy,tomato,healthy,Healthy Leaf,256,256,3,1.0,RGB,JPEG,25.07,True,
datasets/raw/plantvillage/raw/color/Tomato___healthy/bb0d7ad0-8374-41a1-85bd-699892bb8431___RS_HL 0176.JPG,bb0d7ad0-8374-41a1-85bd-699892bb8431___RS_HL 0176.JPG,Tomato___healthy,tomato__healthy__healthy,tomato,healthy,Healthy Leaf,256,256,3,1.0,RGB,JPEG,24.65,True,
datasets/raw/plantvillage/raw/color/Tomato___healthy/784b04db-e95c-4afb-b451-1b6837d0d90e___RS_HL 0059.JPG,784b04db-e95c-4afb-b451-1b6837d0d90e___RS_HL 0059.JPG,Tomato___healthy,tomato__healthy__healthy,tomato,healthy,Healthy Leaf,256,256,3,1.0,RGB,JPEG,25.28,True,
datasets/raw/plantvillage/raw/color/Tomato___healthy/6e48af01-e836-4cdd-9b99-867d421c2ff3___RS_HL 9760.JPG,6e48af01-e836-4cdd-9b99-867d421c2ff3___RS_HL 9760.JPG,Tomato___healthy,tomato__healthy__healthy,tomato,healthy,Healthy Leaf,256,256,3,1.0,RGB,JPEG,23.59,True,
datasets/raw/plantvillage/raw/color/Tomato___healthy/7141e8d1-1554-4030-85dc-be5e984eb6ef___GH_HL Leaf 471.JPG,7141e8d1-1554-4030-85dc-be5e984eb6ef___GH_HL Leaf 471.JPG,Tomato___healthy,tomato__healthy__healthy,tomato,healthy,Healthy Leaf,256,256,3,1.0,RGB,JPEG,14.72,True,
datasets/raw/plantvillage/raw/color/Tomato___healthy/5c057128-2d09-4757-8e44-520fb30f2b60___RS_HL 0525.JPG,5c057128-2d09-4757-8e44-520fb30f2b60___RS_HL 0525.JPG,Tomato___healthy,tomato__healthy__healthy,tomato,healthy,Healthy Leaf,256,256,3,1.0,RGB,JPEG,23.0,True,
datasets/raw/plantvillage/raw/color/Tomato___healthy/1d46ec32-bf0a-4d44-a149-c6fc12920d57___RS_HL 0060.JPG,1d46ec32-bf0a-4d44-a149-c6fc12920d57___RS_HL 0060.JPG,Tomato___healthy,tomato__healthy__healthy,tomato,healthy,Healthy Leaf,256,256,3,1.0,RGB,JPEG,26.55,True,
datasets/raw/plantvillage/raw/color/Tomato___healthy/6a6628d5-27fe-44a1-abeb-f3892a5516ab___RS_HL 9858.JPG,6a6628d5-27fe-44a1-abeb-f3892a5516ab___RS_HL 9858.JPG,Tomato___healthy,tomato__healthy__healthy,tomato,healthy,Healthy Leaf,256,256,3,1.0,RGB,JPEG,25.83,True,
datasets/raw/plantvillage/raw/color/Tomato___healthy/fd31ab37-d2af-40c8-9292-e143807ec0f2___RS_HL 0507.JPG,fd31ab37-d2af-40c8-9292-e143807ec0f2___RS_HL 0507.JPG,Tomato___healthy,tomato__healthy__healthy,tomato,healthy,Healthy Leaf,256,256,3,1.0,RGB,JPEG,24.92,True,
datasets/raw/plantvillage/raw/color/Tomato___healthy/8d78a34f-1777-4bd8-a925-795c57c11787___GH_HL Leaf 429.1.JPG,8d78a34f-1777-4bd8-a925-795c57c11787___GH_HL Leaf 429.1.JPG,Tomato___healthy,tomato__healthy__healthy,tomato,healthy,Healthy Leaf,256,256,3,1.0,RGB,JPEG,17.5,True,
datasets/raw/plantvillage/raw/color/Tomato___healthy/d6587652-47aa-4518-9534-468194f22953___RS_HL 0595.JPG,d6587652-47aa-4518-9534-468194f22953___RS_HL 0595.JPG,Tomato___healthy,tomato__healthy__healthy,tomato,healthy,Healthy Leaf,256,256,3,1.0,RGB,JPEG,25.55,True,
datasets/raw/plantvillage/raw/color/Tomato___healthy/d247170c-6756-41f0-9074-09190f485cdb___RS_HL 0034.JPG,d247170c-6756-41f0-9074-09190f485cdb___RS_HL 0034.JPG,Tomato___healthy,tomato__healthy__healthy,tomato,healthy,Healthy Leaf,256,256,3,1.0,RGB,JPEG,26.0,True,
datasets/raw/plantvillage/raw/color/Tomato___healthy/29d9f827-5e61-4b9b-acba-db0e7ce2016d___GH_HL Leaf 480.JPG,29d9f827-5e61-4b9b-acba-db0e7ce2016d___GH_HL Leaf 480.JPG,Tomato___healthy,tomato__healthy__healthy,tomato,healthy,Healthy Leaf,256,256,3,1.0,RGB,JPEG,13.79,True,
datasets/raw/plantvillage/raw/color/Tomato___healthy/91a223de-d549-43cd-8ffe-81b650b28edd___RS_HL 0028.JPG,91a223de-d549-43cd-8ffe-81b650b28edd___RS_HL 0028.JPG,Tomato___healthy,tomato__healthy__healthy,tomato,healthy,Healthy Leaf,256,256,3,1.0,RGB,JPEG,24.24,True,
datasets/raw/plantvillage/raw/color/Tomato___healthy/9e0cd9db-f893-4426-b195-5643b55e0a8d___RS_HL 0379.JPG,9e0cd9db-f893-4426-b195-5643b55e0a8d___RS_HL 0379.JPG,Tomato___healthy,tomato__healthy__healthy,tomato,healthy,Healthy Leaf,256,256,3,1.0,RGB,JPEG,24.24,True,
datasets/raw/plantvillage/raw/color/Tomato___healthy/e7a9a772-95f5-4bd4-ad34-831c3c47c024___RS_HL 9909.JPG,e7a9a772-95f5-4bd4-ad34-831c3c47c024___RS_HL 9909.JPG,Tomato___healthy,tomato__healthy__healthy,tomato,healthy,Healthy Leaf,256,256,3,1.0,RGB,JPEG,26.38,True,
datasets/raw/plantvillage/raw/color/Tomato___healthy/4ff86e18-434e-4d1d-819c-c40c908e064a___RS_HL 0273.JPG,4ff86e18-434e-4d1d-819c-c40c908e064a___RS_HL 0273.JPG,Tomato___healthy,tomato__healthy__healthy,tomato,healthy,Healthy Leaf,256,256,3,1.0,RGB,JPEG,26.26,True,
datasets/raw/plantvillage/raw/color/Tomato___healthy/c52fd532-f7ee-43cc-a286-4ac512d4f5ca___GH_HL Leaf 282.JPG,c52fd532-f7ee-43cc-a286-4ac512d4f5ca___GH_HL Leaf 282.JPG,Tomato___healthy,tomato__healthy__healthy,tomato,healthy,Healthy Leaf,256,256,3,1.0,RGB,JPEG,16.47,True,
datasets/raw/plantvillage/raw/color/Tomato___healthy/db467743-857b-42b3-ab2a-a80e90467a99___RS_HL 0570.JPG,db467743-857b-42b3-ab2a-a80e90467a99___RS_HL 0570.JPG,Tomato___healthy,tomato__healthy__healthy,tomato,healthy,Healthy Leaf,256,256,3,1.0,RGB,JPEG,25.68,True,
datasets/raw/plantvillage/raw/color/Tomato___healthy/d461b7c8-4c81-4309-8ccd-4400ddbb25aa___RS_HL 0586.JPG,d461b7c8-4c81-4309-8ccd-4400ddbb25aa___RS_HL 0586.JPG,Tomato___healthy,tomato__healthy__healthy,tomato,healthy,Healthy Leaf,256,256,3,1.0,RGB,JPEG,25.72,True,
datasets/raw/plantvillage/raw/color/Tomato___healthy/3169aa41-66a8-4f36-ab6e-a5664f5b1839___RS_HL 0471.JPG,3169aa41-66a8-4f36-ab6e-a5664f5b1839___RS_HL 0471.JPG,Tomato___healthy,tomato__healthy__healthy,tomato,healthy,Healthy Leaf,256,256,3,1.0,RGB,JPEG,26.26,True,
datasets/raw/plantvillage/raw/color/Tomato___healthy/7f5c8018-c4c3-4471-aa30-defe910ea3d9___GH_HL Leaf 444.1.JPG,7f5c8018-c4c3-4471-aa30-defe910ea3d9___GH_HL Leaf 444.1.JPG,Tomato___healthy,tomato__healthy__healthy,tomato,healthy,Healthy Leaf,256,256,3,1.0,RGB,JPEG,14.43,True,
datasets/raw/plantvillage/raw/color/Tomato___healthy/1531dc0c-64d5-49f2-a78a-c7b39882a47a___RS_HL 9727.JPG,1531dc0c-64d5-49f2-a78a-c7b39882a47a___RS_HL 9727.JPG,Tomato___healthy,tomato__healthy__healthy,tomato,healthy,Healthy Leaf,256,256,3,1.0,RGB,JPEG,25.52,True,
datasets/raw/plantvillage/raw/color/Tomato___healthy/81024038-40ff-40c4-b8f4-4a48b08032e4___RS_HL 0301.JPG,81024038-40ff-40c4-b8f4-4a48b08032e4___RS_HL 0301.JPG,Tomato___healthy,tomato__healthy__healthy,tomato,healthy,Healthy Leaf,256,256,3,1.0,RGB,JPEG,26.71,True,
datasets/raw/plantvillage/raw/color/Tomato___healthy/beda9c8f-88eb-43c7-9670-60bd8fd5c43e___RS_HL 0038.JPG,beda9c8f-88eb-43c7-9670-60bd8fd5c43e___RS_HL 0038.JPG,Tomato___healthy,tomato__healthy__healthy,tomato,healthy,Healthy Leaf,256,256,3,1.0,RGB,JPEG,24.56,True,
datasets/raw/plantvillage/raw/color/Tomato___healthy/39976b35-40e7-4426-b21d-a8bfe1ce0a01___GH_HL Leaf 450.JPG,39976b35-40e7-4426-b21d-a8bfe1ce0a01___GH_HL Leaf 450.JPG,Tomato___healthy,tomato__healthy__healthy,tomato,healthy,Healthy Leaf,256,256,3,1.0,RGB,JPEG,14.52,True,
datasets/raw/plantvillage/raw/color/Tomato___healthy/73815ecf-ee85-4bba-864f-f47d01a96615___RS_HL 0348.JPG,73815ecf-ee85-4bba-864f-f47d01a96615___RS_HL 0348.JPG,Tomato___healthy,tomato__healthy__healthy,tomato,healthy,Healthy Leaf,256,256,3,1.0,RGB,JPEG,25.77,True,
datasets/raw/plantvillage/raw/color/Tomato___healthy/f4ef07ac-f42d-44b3-8433-368b03b422d2___RS_HL 9743.JPG,f4ef07ac-f42d-44b3-8433-368b03b422d2___RS_HL 9743.JPG,Tomato___healthy,tomato__healthy__healthy,tomato,healthy,Healthy Leaf,256,256,3,1.0,RGB,JPEG,16.35,True,
datasets/raw/plantvillage/raw/color/Tomato___healthy/dd7d8e47-35f8-4c97-900b-f095694c38ed___GH_HL Leaf 313.JPG,dd7d8e47-35f8-4c97-900b-f095694c38ed___GH_HL Leaf 313.JPG,Tomato___healthy,tomato__healthy__healthy,tomato,healthy,Healthy Leaf,256,256,3,1.0,RGB,JPEG,13.85,True,
datasets/raw/plantvillage/raw/color/Tomato___healthy/5dd2a498-7eff-4da7-9c0f-8c394103e52c___RS_HL 0611.JPG,5dd2a498-7eff-4da7-9c0f-8c394103e52c___RS_HL 0611.JPG,Tomato___healthy,tomato__healthy__healthy,tomato,healthy,Healthy Leaf,256,256,3,1.0,RGB,JPEG,26.13,True,
datasets/raw/plantvillage/raw/color/Tomato___healthy/a6e38349-62a4-43e6-bf92-84bc17e6d8eb___GH_HL Leaf 485.1.JPG,a6e38349-62a4-43e6-bf92-84bc17e6d8eb___GH_HL Leaf 485.1.JPG,Tomato___healthy,tomato__healthy__healthy,tomato,healthy,Healthy Leaf,256,256,3,1.0,RGB,JPEG,13.89,True,
datasets/raw/plantvillage/raw/color/Tomato___healthy/32de8c50-e831-456a-b46b-352a58c129cc___RS_HL 0007.JPG,32de8c50-e831-456a-b46b-352a58c129cc___RS_HL 0007.JPG,Tomato___healthy,tomato__healthy__healthy,tomato,healthy,Healthy Leaf,256,256,3,1.0,RGB,JPEG,24.31,True,
datasets/raw/plantvillage/raw/color/Tomato___healthy/a54804c7-1bc2-439a-a09f-3d1a6ce81856___GH_HL Leaf 309.1.JPG,a54804c7-1bc2-439a-a09f-3d1a6ce81856___GH_HL Leaf 309.1.JPG,Tomato___healthy,tomato__healthy__healthy,tomato,healthy,Healthy Leaf,256,256,3,1.0,RGB,JPEG,17.36,True,
datasets/raw/plantvillage/raw/color/Tomato___healthy/dd311971-e56c-4305-805e-a011ecebd38b___GH_HL Leaf 432.JPG,dd311971-e56c-4305-805e-a011ecebd38b___GH_HL Leaf 432.JPG,Tomato___healthy,tomato__healthy__healthy,tomato,healthy,Healthy Leaf,256,256,3,1.0,RGB,JPEG,14.76,True,
datasets/raw/plantvillage/raw/color/Tomato___healthy/807ee562-f616-4cf6-a28e-b4db6536a203___RS_HL 0050.JPG,807ee562-f616-4cf6-a28e-b4db6536a203___RS_HL 0050.JPG,Tomato___healthy,tomato__healthy__healthy,tomato,healthy,Healthy Leaf,256,256,3,1.0,RGB,JPEG,25.09,True,
datasets/raw/plantvillage/raw/color/Tomato___healthy/70097a25-88b2-4c9a-800b-5a978cdf4c7c___GH_HL Leaf 384.1.JPG,70097a25-88b2-4c9a-800b-5a978cdf4c7c___GH_HL Leaf 384.1.JPG,Tomato___healthy,tomato__healthy__healthy,tomato,healthy,Healthy Leaf,256,256,3,1.0,RGB,JPEG,14.13,True,
datasets/raw/plantvillage/raw/color/Tomato___healthy/2bc7f6c3-7765-4ab0-926b-57fc918bfbf0___GH_HL Leaf 305.JPG,2bc7f6c3-7765-4ab0-926b-57fc918bfbf0___GH_HL Leaf 305.JPG,Tomato___healthy,tomato__healthy__healthy,tomato,healthy,Healthy Leaf,256,256,3,1.0,RGB,JPEG,18.18,True,
datasets/raw/plantvillage/raw/color/Tomato___healthy/85305af1-0d24-4eba-a750-f74c0e6657f4___RS_HL 9635.JPG,85305af1-0d24-4eba-a750-f74c0e6657f4___RS_HL 9635.JPG,Tomato___healthy,tomato__healthy__healthy,tomato,healthy,Healthy Leaf,256,256,3,1.0,RGB,JPEG,24.17,True,
datasets/raw/plantvillage/raw/color/Tomato___healthy/c6acee22-6c56-41a8-ae90-26c6064e0261___GH_HL Leaf 468.JPG,c6acee22-6c56-41a8-ae90-26c6064e0261___GH_HL Leaf 468.JPG,Tomato___healthy,tomato__healthy__healthy,tomato,healthy,Healthy Leaf,256,256,3,1.0,RGB,JPEG,14.14,True,
datasets/raw/plantvillage/raw/color/Tomato___healthy/6246e722-c34f-46cf-b670-0f403456cea1___RS_HL 9969.JPG,6246e722-c34f-46cf-b670-0f403456cea1___RS_HL 9969.JPG,Tomato___healthy,tomato__healthy__healthy,tomato,healthy,Healthy Leaf,256,256,3,1.0,RGB,JPEG,26.5,True,
datasets/raw/plantvillage/raw/color/Tomato___healthy/16c1b712-2c55-4a8d-899f-cc0e725d4835___GH_HL Leaf 314.JPG,16c1b712-2c55-4a8d-899f-cc0e725d4835___GH_HL Leaf 314.JPG,Tomato___healthy,tomato__healthy__healthy,tomato,healthy,Healthy Leaf,256,256,3,1.0,RGB,JPEG,19.06,True,
datasets/raw/plantvillage/raw/color/Tomato___healthy/13688c77-f2ad-4f7c-972c-99d70652fac6___RS_HL 0458.JPG,13688c77-f2ad-4f7c-972c-99d70652fac6___RS_HL 0458.JPG,Tomato___healthy,tomato__healthy__healthy,tomato,healthy,Healthy Leaf,256,256,3,1.0,RGB,JPEG,25.32,True,
datasets/raw/plantvillage/raw/color/Tomato___healthy/42e607e9-916c-470c-a17d-ec5348a40ded___RS_HL 0373.JPG,42e607e9-916c-470c-a17d-ec5348a40ded___RS_HL 0373.JPG,Tomato___healthy,tomato__healthy__healthy,tomato,healthy,Healthy Leaf,256,256,3,1.0,RGB,JPEG,26.15,True,
datasets/raw/plantvillage/raw/color/Tomato___healthy/9ed00c97-7867-4e6f-a274-f2bad77ecfaf___GH_HL Leaf 515.1.JPG,9ed00c97-7867-4e6f-a274-f2bad77ecfaf___GH_HL Leaf 515.1.JPG,Tomato___healthy,tomato__healthy__healthy,tomato,healthy,Healthy Leaf,256,256,3,1.0,RGB,JPEG,16.7,True,
datasets/raw/plantvillage/raw/color/Tomato___healthy/fb73cd43-aa32-4aba-978f-034c9c809c25___RS_HL 9749.JPG,fb73cd43-aa32-4aba-978f-034c9c809c25___RS_HL 9749.JPG,Tomato___healthy,tomato__healthy__healthy,tomato,healthy,Healthy Leaf,256,256,3,1.0,RGB,JPEG,21.67,True,
datasets/raw/plantvillage/raw/color/Tomato___healthy/3e204d0d-cfdb-41a2-a68b-c3168305d099___GH_HL Leaf 441.1.JPG,3e204d0d-cfdb-41a2-a68b-c3168305d099___GH_HL Leaf 441.1.JPG,Tomato___healthy,tomato__healthy__healthy,tomato,healthy,Healthy Leaf,256,256,3,1.0,RGB,JPEG,16.14,True,
datasets/raw/plantvillage/raw/color/Tomato___healthy/45167988-3f78-4309-8ce2-633d7521847f___GH_HL Leaf 432.1.JPG,45167988-3f78-4309-8ce2-633d7521847f___GH_HL Leaf 432.1.JPG,Tomato___healthy,tomato__healthy__healthy,tomato,healthy,Healthy Leaf,256,256,3,1.0,RGB,JPEG,12.61,True,
datasets/raw/plantvillage/raw/color/Tomato___healthy/fd27de23-27cd-4f09-a962-df0b26899b07___RS_HL 0039.JPG,fd27de23-27cd-4f09-a962-df0b26899b07___RS_HL 0039.JPG,Tomato___healthy,tomato__healthy__healthy,tomato,healthy,Healthy Leaf,256,256,3,1.0,RGB,JPEG,24.72,True,
datasets/raw/plantvillage/raw/color/Tomato___healthy/977bcf65-3e68-4be3-bb8a-4a860a6fef9d___RS_HL 9986.JPG,977bcf65-3e68-4be3-bb8a-4a860a6fef9d___RS_HL 9986.JPG,Tomato___healthy,tomato__healthy__healthy,tomato,healthy,Healthy Leaf,256,256,3,1.0,RGB,JPEG,22.66,True,
datasets/raw/plantvillage/raw/color/Tomato___healthy/3d59c273-6439-4c0d-b5ac-3738faca5d2a___RS_HL 0413.JPG,3d59c273-6439-4c0d-b5ac-3738faca5d2a___RS_HL 0413.JPG,Tomato___healthy,tomato__healthy__healthy,tomato,healthy,Healthy Leaf,256,256,3,1.0,RGB,JPEG,24.34,True,
datasets/raw/plantvillage/raw/color/Tomato___healthy/d9bb47b1-fa25-49fb-9b30-df7a7db48f8d___GH_HL Leaf 290.JPG,d9bb47b1-fa25-49fb-9b30-df7a7db48f8d___GH_HL Leaf 290.JPG,Tomato___healthy,tomato__healthy__healthy,tomato,healthy,Healthy Leaf,256,256,3,1.0,RGB,JPEG,17.25,True,
datasets/raw/plantvillage/raw/color/Tomato___healthy/a0285527-98c1-40b7-992b-404644387ad8___GH_HL Leaf 509.4.JPG,a0285527-98c1-40b7-992b-404644387ad8___GH_HL Leaf 509.4.JPG,Tomato___healthy,tomato__healthy__healthy,tomato,healthy,Healthy Leaf,256,256,3,1.0,RGB,JPEG,12.27,True,
datasets/raw/plantvillage/raw/color/Tomato___healthy/01700b46-3800-46c6-ab81-09a5f50af525___RS_HL 0108.JPG,01700b46-3800-46c6-ab81-09a5f50af525___RS_HL 0108.JPG,Tomato___healthy,tomato__healthy__healthy,tomato,healthy,Healthy Leaf,256,256,3,1.0,RGB,JPEG,24.87,True,
datasets/raw/plantvillage/raw/color/Tomato___healthy/91b86c29-60fb-4383-8bc3-8e06cb5519f2___RS_HL 0283.JPG,91b86c29-60fb-4383-8bc3-8e06cb5519f2___RS_HL 0283.JPG,Tomato___healthy,tomato__healthy__healthy,tomato,healthy,Healthy Leaf,256,256,3,1.0,RGB,JPEG,27.1,True,
datasets/raw/plantvillage/raw/color/Tomato___healthy/c25ca040-07f4-4882-b5c9-e8083ba994a2___GH_HL Leaf 417.1.JPG,c25ca040-07f4-4882-b5c9-e8083ba994a2___GH_HL Leaf 417.1.JPG,Tomato___healthy,tomato__healthy__healthy,tomato,healthy,Healthy Leaf,256,256,3,1.0,RGB,JPEG,16.5,True,
datasets/raw/plantvillage/raw/color/Tomato___healthy/3b4a011c-68ae-4b84-90b5-27ef4b2d3447___GH_HL Leaf 255.JPG,3b4a011c-68ae-4b84-90b5-27ef4b2d3447___GH_HL Leaf 255.JPG,Tomato___healthy,tomato__healthy__healthy,tomato,healthy,Healthy Leaf,256,256,3,1.0,RGB,JPEG,15.44,True,
datasets/raw/plantvillage/raw/color/Tomato___healthy/cf021ef4-2bde-4984-8604-c813cb195fe4___RS_HL 0490.JPG,cf021ef4-2bde-4984-8604-c813cb195fe4___RS_HL 0490.JPG,Tomato___healthy,tomato__healthy__healthy,tomato,healthy,Healthy Leaf,256,256,3,1.0,RGB,JPEG,26.67,True,
datasets/raw/plantvillage/raw/color/Tomato___healthy/3ad1409d-5f43-469d-ab2a-fdffbd064f69___RS_HL 9931.JPG,3ad1409d-5f43-469d-ab2a-fdffbd064f69___RS_HL 9931.JPG,Tomato___healthy,tomato__healthy__healthy,tomato,healthy,Healthy Leaf,256,256,3,1.0,RGB,JPEG,24.98,True,
datasets/raw/plantvillage/raw/color/Tomato___healthy/d2f0f578-3b6e-433c-962a-8c81f79eab7a___RS_HL 9623.JPG,d2f0f578-3b6e-433c-962a-8c81f79eab7a___RS_HL 9623.JPG,Tomato___healthy,tomato__healthy__healthy,tomato,healthy,Healthy Leaf,256,256,3,1.0,RGB,JPEG,22.1,True,
datasets/raw/plantvillage/raw/color/Tomato___healthy/14f9c049-aeb8-4cfb-84a7-cd39526b8b20___RS_HL 0534.JPG,14f9c049-aeb8-4cfb-84a7-cd39526b8b20___RS_HL 0534.JPG,Tomato___healthy,tomato__healthy__healthy,tomato,healthy,Healthy Leaf,256,256,3,1.0,RGB,JPEG,23.53,True,
datasets/raw/plantvillage/raw/color/Tomato___healthy/c1041bea-57c1-401c-90e9-c81510f9e45a___RS_HL 0446.JPG,c1041bea-57c1-401c-90e9-c81510f9e45a___RS_HL 0446.JPG,Tomato___healthy,tomato__healthy__healthy,tomato,healthy,Healthy Leaf,256,256,3,1.0,RGB,JPEG,25.31,True,
datasets/raw/plantvillage/raw/color/Tomato___healthy/67fe557e-2e6e-4145-8d3f-468be8f7480e___RS_HL 9800.JPG,67fe557e-2e6e-4145-8d3f-468be8f7480e___RS_HL 9800.JPG,Tomato___healthy,tomato__healthy__healthy,tomato,healthy,Healthy Leaf,256,256,3,1.0,RGB,JPEG,25.66,True,
datasets/raw/plantvillage/raw/color/Tomato___healthy/6f489b75-4fca-4aae-834d-409db790224b___GH_HL Leaf 205.JPG,6f489b75-4fca-4aae-834d-409db790224b___GH_HL Leaf 205.JPG,Tomato___healthy,tomato__healthy__healthy,tomato,healthy,Healthy Leaf,256,256,3,1.0,RGB,JPEG,15.92,True,
datasets/raw/plantvillage/raw/color/Tomato___healthy/7b651761-da31-437a-be17-6e49912f622a___RS_HL 9703.JPG,7b651761-da31-437a-be17-6e49912f622a___RS_HL 9703.JPG,Tomato___healthy,tomato__healthy__healthy,tomato,healthy,Healthy Leaf,256,256,3,1.0,RGB,JPEG,20.54,True,
datasets/raw/plantvillage/raw/color/Tomato___healthy/d4c014c8-81db-47ce-8a1a-277ef1159a3d___RS_HL 0211.JPG,d4c014c8-81db-47ce-8a1a-277ef1159a3d___RS_HL 0211.JPG,Tomato___healthy,tomato__healthy__healthy,tomato,healthy,Healthy Leaf,256,256,3,1.0,RGB,JPEG,25.01,True,
datasets/raw/plantvillage/raw/color/Tomato___healthy/316e62fa-d8a8-4451-80a8-a546c8c43511___RS_HL 9633.JPG,316e62fa-d8a8-4451-80a8-a546c8c43511___RS_HL 9633.JPG,Tomato___healthy,tomato__healthy__healthy,tomato,healthy,Healthy Leaf,256,256,3,1.0,RGB,JPEG,22.95,True,
datasets/raw/plantvillage/raw/color/Tomato___healthy/b632d565-2883-4d01-a994-2068433bac08___RS_HL 9843.JPG,b632d565-2883-4d01-a994-2068433bac08___RS_HL 9843.JPG,Tomato___healthy,tomato__healthy__healthy,tomato,healthy,Healthy Leaf,256,256,3,1.0,RGB,JPEG,24.68,True,
datasets/raw/plantvillage/raw/color/Tomato___healthy/95706580-86d7-49c2-be2e-66f19331c731___GH_HL Leaf 335.JPG,95706580-86d7-49c2-be2e-66f19331c731___GH_HL Leaf 335.JPG,Tomato___healthy,tomato__healthy__healthy,tomato,healthy,Healthy Leaf,256,256,3,1.0,RGB,JPEG,17.68,True,
datasets/raw/plantvillage/raw/color/Tomato___healthy/45b3e6ad-f79c-4132-9bb5-9e9d26cbdfce___RS_HL 9908.JPG,45b3e6ad-f79c-4132-9bb5-9e9d26cbdfce___RS_HL 9908.JPG,Tomato___healthy,tomato__healthy__healthy,tomato,healthy,Healthy Leaf,256,256,3,1.0,RGB,JPEG,25.52,True,
datasets/raw/plantvillage/raw/color/Tomato___healthy/fb4ce6df-613b-4d52-8e11-28dfa448a5e1___GH_HL Leaf 483.JPG,fb4ce6df-613b-4d52-8e11-28dfa448a5e1___GH_HL Leaf 483.JPG,Tomato___healthy,tomato__healthy__healthy,tomato,healthy,Healthy Leaf,256,256,3,1.0,RGB,JPEG,16.21,True,
datasets/raw/plantvillage/raw/color/Tomato___healthy/49291f4a-e689-4a59-8f40-60ee9f1aac26___RS_HL 9820.JPG,49291f4a-e689-4a59-8f40-60ee9f1aac26___RS_HL 9820.JPG,Tomato___healthy,tomato__healthy__healthy,tomato,healthy,Healthy Leaf,256,256,3,1.0,RGB,JPEG,26.28,True,
datasets/raw/plantvillage/raw/color/Tomato___healthy/633b3f16-21a5-4e44-b9fe-8ba149264915___RS_HL 0482.JPG,633b3f16-21a5-4e44-b9fe-8ba149264915___RS_HL 0482.JPG,Tomato___healthy,tomato__healthy__healthy,tomato,healthy,Healthy Leaf,256,256,3,1.0,RGB,JPEG,25.38,True,
datasets/raw/plantvillage/raw/color/Tomato___healthy/17cffb66-bb7f-433c-88b4-442c1f4e8cb4___RS_HL 9708.JPG,17cffb66-bb7f-433c-88b4-442c1f4e8cb4___RS_HL 9708.JPG,Tomato___healthy,tomato__healthy__healthy,tomato,healthy,Healthy Leaf,256,256,3,1.0,RGB,JPEG,25.42,True,
datasets/raw/plantvillage/raw/color/Tomato___healthy/edfbcb80-5821-4c6e-a464-79f119de35ae___RS_HL 9903.JPG,edfbcb80-5821-4c6e-a464-79f119de35ae___RS_HL 9903.JPG,Tomato___healthy,tomato__healthy__healthy,tomato,healthy,Healthy Leaf,256,256,3,1.0,RGB,JPEG,24.17,True,
datasets/raw/plantvillage/raw/color/Tomato___healthy/25cac927-fd33-4890-9948-8aa1e9a7af52___GH_HL Leaf 293.1.JPG,25cac927-fd33-4890-9948-8aa1e9a7af52___GH_HL Leaf 293.1.JPG,Tomato___healthy,tomato__healthy__healthy,tomato,healthy,Healthy Leaf,256,256,3,1.0,RGB,JPEG,20.4,True,
datasets/raw/plantvillage/raw/color/Tomato___healthy/d30f0e3c-7246-455d-959c-6221eac22dfd___GH_HL Leaf 202.JPG,d30f0e3c-7246-455d-959c-6221eac22dfd___GH_HL Leaf 202.JPG,Tomato___healthy,tomato__healthy__healthy,tomato,healthy,Healthy Leaf,256,256,3,1.0,RGB,JPEG,19.35,True,
datasets/raw/plantvillage/raw/color/Tomato___healthy/cb3ab315-c340-469c-8291-abe02183b05a___RS_HL 0161.JPG,cb3ab315-c340-469c-8291-abe02183b05a___RS_HL 0161.JPG,Tomato___healthy,tomato__healthy__healthy,tomato,healthy,Healthy Leaf,256,256,3,1.0,RGB,JPEG,23.21,True,
datasets/raw/plantvillage/raw/color/Tomato___healthy/e0d4c623-8305-4ded-8164-d8fcd5bc2016___RS_HL 0448.JPG,e0d4c623-8305-4ded-8164-d8fcd5bc2016___RS_HL 0448.JPG,Tomato___healthy,tomato__healthy__healthy,tomato,healthy,Healthy Leaf,256,256,3,1.0,RGB,JPEG,24.38,True,
datasets/raw/plantvillage/raw/color/Tomato___healthy/3b05e678-aa3c-47c6-9ebd-0650efd82b16___GH_HL Leaf 399.JPG,3b05e678-aa3c-47c6-9ebd-0650efd82b16___GH_HL Leaf 399.JPG,Tomato___healthy,tomato__healthy__healthy,tomato,healthy,Healthy Leaf,256,256,3,1.0,RGB,JPEG,10.91,True,
datasets/raw/plantvillage/raw/color/Tomato___healthy/436f658c-5e47-4d2b-9a8e-2509c6d88ad1___GH_HL Leaf 376.JPG,436f658c-5e47-4d2b-9a8e-2509c6d88ad1___GH_HL Leaf 376.JPG,Tomato___healthy,tomato__healthy__healthy,tomato,healthy,Healthy Leaf,256,256,3,1.0,RGB,JPEG,14.69,True,
datasets/raw/plantvillage/raw/color/Tomato___healthy/eb047146-6e86-44bf-a9b5-f668cb2f301b___GH_HL Leaf 225.1.JPG,eb047146-6e86-44bf-a9b5-f668cb2f301b___GH_HL Leaf 225.1.JPG,Tomato___healthy,tomato__healthy__healthy,tomato,healthy,Healthy Leaf,256,256,3,1.0,RGB,JPEG,14.17,True,
datasets/raw/plantvillage/raw/color/Tomato___healthy/42ae0091-fbfd-43e6-8a48-805051f770a0___RS_HL 0463.JPG,42ae0091-fbfd-43e6-8a48-805051f770a0___RS_HL 0463.JPG,Tomato___healthy,tomato__healthy__healthy,tomato,healthy,Healthy Leaf,256,256,3,1.0,RGB,JPEG,27.56,True,
datasets/raw/plantvillage/raw/color/Tomato___healthy/e336eb74-a19d-4461-871e-3124c5e0d047___RS_HL 0558.JPG,e336eb74-a19d-4461-871e-3124c5e0d047___RS_HL 0558.JPG,Tomato___healthy,tomato__healthy__healthy,tomato,healthy,Healthy Leaf,256,256,3,1.0,RGB,JPEG,25.92,True,
datasets/raw/plantvillage/raw/color/Tomato___healthy/da34f406-4f46-480c-a63d-fb093a83e670___GH_HL Leaf 499.2.JPG,da34f406-4f46-480c-a63d-fb093a83e670___GH_HL Leaf 499.2.JPG,Tomato___healthy,tomato__healthy__healthy,tomato,healthy,Healthy Leaf,256,256,3,1.0,RGB,JPEG,15.28,True,
datasets/raw/plantvillage/raw/color/Tomato___healthy/4b8bc1e8-30e5-41ef-871e-0661d521418d___RS_HL 0445.JPG,4b8bc1e8-30e5-41ef-871e-0661d521418d___RS_HL 0445.JPG,Tomato___healthy,tomato__healthy__healthy,tomato,healthy,Healthy Leaf,256,256,3,1.0,RGB,JPEG,25.58,True,
datasets/raw/plantvillage/raw/color/Tomato___healthy/b4c862d2-74e7-44c7-be0e-226be86da648___RS_HL 9725.JPG,b4c862d2-74e7-44c7-be0e-226be86da648___RS_HL 9725.JPG,Tomato___healthy,tomato__healthy__healthy,tomato,healthy,Healthy Leaf,256,256,3,1.0,RGB,JPEG,24.27,True,
datasets/raw/plantvillage/raw/color/Tomato___healthy/fc1e8e1c-5939-4ad9-b87e-2cbb77cef418___RS_HL 0536.JPG,fc1e8e1c-5939-4ad9-b87e-2cbb77cef418___RS_HL 0536.JPG,Tomato___healthy,tomato__healthy__healthy,tomato,healthy,Healthy Leaf,256,256,3,1.0,RGB,JPEG,26.53,True,
datasets/raw/plantvillage/raw/color/Tomato___healthy/a261cf1c-0bf5-4dec-b796-5dfe2ab0ee1b___GH_HL Leaf 322.JPG,a261cf1c-0bf5-4dec-b796-5dfe2ab0ee1b___GH_HL Leaf 322.JPG,Tomato___healthy,tomato__healthy__healthy,tomato,healthy,Healthy Leaf,256,256,3,1.0,RGB,JPEG,14.97,True,
datasets/raw/plantvillage/raw/color/Tomato___healthy/5575d52c-a773-41fa-a7bc-a09c1ad912f2___RS_HL 0353.JPG,5575d52c-a773-41fa-a7bc-a09c1ad912f2___RS_HL 0353.JPG,Tomato___healthy,tomato__healthy__healthy,tomato,healthy,Healthy Leaf,256,256,3,1.0,RGB,JPEG,25.72,True,
datasets/raw/plantvillage/raw/color/Tomato___healthy/b92d2f0f-ba99-44bd-be14-a5ad7763543f___RS_HL 9953.JPG,b92d2f0f-ba99-44bd-be14-a5ad7763543f___RS_HL 9953.JPG,Tomato___healthy,tomato__healthy__healthy,tomato,healthy,Healthy Leaf,256,256,3,1.0,RGB,JPEG,25.2,True,
datasets/raw/plantvillage/raw/color/Tomato___healthy/66534b5a-a6b7-46bb-bc09-a6bba9d9a61a___GH_HL Leaf 225.2.JPG,66534b5a-a6b7-46bb-bc09-a6bba9d9a61a___GH_HL Leaf 225.2.JPG,Tomato___healthy,tomato__healthy__healthy,tomato,healthy,Healthy Leaf,256,256,3,1.0,RGB,JPEG,15.08,True,
datasets/raw/plantvillage/raw/color/Tomato___healthy/bc825946-3ee5-4269-8ba4-202afc766654___RS_HL 0368.JPG,bc825946-3ee5-4269-8ba4-202afc766654___RS_HL 0368.JPG,Tomato___healthy,tomato__healthy__healthy,tomato,healthy,Healthy Leaf,256,256,3,1.0,RGB,JPEG,25.41,True,
datasets/raw/plantvillage/raw/color/Tomato___healthy/59cc3bec-c66b-43f7-a445-42af2d7be410___GH_HL Leaf 476.JPG,59cc3bec-c66b-43f7-a445-42af2d7be410___GH_HL Leaf 476.JPG,Tomato___healthy,tomato__healthy__healthy,tomato,healthy,Healthy Leaf,256,256,3,1.0,RGB,JPEG,14.02,True,
datasets/raw/plantvillage/raw/color/Tomato___healthy/e357a876-daff-428c-828f-7f1b6e998175___RS_HL 0593.JPG,e357a876-daff-428c-828f-7f1b6e998175___RS_HL 0593.JPG,Tomato___healthy,tomato__healthy__healthy,tomato,healthy,Healthy Leaf,256,256,3,1.0,RGB,JPEG,25.42,True,
datasets/raw/plantvillage/raw/color/Tomato___healthy/a9c274c1-698c-4840-984b-8cb34e7ae97b___RS_HL 0224.JPG,a9c274c1-698c-4840-984b-8cb34e7ae97b___RS_HL 0224.JPG,Tomato___healthy,tomato__healthy__healthy,tomato,healthy,Healthy Leaf,256,256,3,1.0,RGB,JPEG,24.76,True,
datasets/raw/plantvillage/raw/color/Tomato___healthy/28200010-ba2b-41f7-9dff-94d86019488e___GH_HL Leaf 366.JPG,28200010-ba2b-41f7-9dff-94d86019488e___GH_HL Leaf 366.JPG,Tomato___healthy,tomato__healthy__healthy,tomato,healthy,Healthy Leaf,256,256,3,1.0,RGB,JPEG,12.87,True,
datasets/raw/plantvillage/raw/color/Tomato___healthy/14385f16-4e7f-401f-889a-8c1535ed85ba___GH_HL Leaf 503.5.JPG,14385f16-4e7f-401f-889a-8c1535ed85ba___GH_HL Leaf 503.5.JPG,Tomato___healthy,tomato__healthy__healthy,tomato,healthy,Healthy Leaf,256,256,3,1.0,RGB,JPEG,14.74,True,
datasets/raw/plantvillage/raw/color/Tomato___healthy/84d5645b-619e-4882-a1d5-3a3abec47da3___RS_HL 0568.JPG,84d5645b-619e-4882-a1d5-3a3abec47da3___RS_HL 0568.JPG,Tomato___healthy,tomato__healthy__healthy,tomato,healthy,Healthy Leaf,256,256,3,1.0,RGB,JPEG,26.3,True,
datasets/raw/plantvillage/raw/color/Tomato___healthy/5216e02b-891f-4b00-9768-73f13e6d8ebf___GH_HL Leaf 433.1.JPG,5216e02b-891f-4b00-9768-73f13e6d8ebf___GH_HL Leaf 433.1.JPG,Tomato___healthy,tomato__healthy__healthy,tomato,healthy,Healthy Leaf,256,256,3,1.0,RGB,JPEG,15.22,True,
datasets/raw/plantvillage/raw/color/Tomato___healthy/203dd699-5df7-4f6d-ad63-d1557033f04a___RS_HL 9788.JPG,203dd699-5df7-4f6d-ad63-d1557033f04a___RS_HL 9788.JPG,Tomato___healthy,tomato__healthy__healthy,tomato,healthy,Healthy Leaf,256,256,3,1.0,RGB,JPEG,24.49,True,
datasets/raw/plantvillage/raw/color/Tomato___healthy/8e9914bb-920e-4469-b1d4-580ab5e8790a___RS_HL 0069.JPG,8e9914bb-920e-4469-b1d4-580ab5e8790a___RS_HL 0069.JPG,Tomato___healthy,tomato__healthy__healthy,tomato,healthy,Healthy Leaf,256,256,3,1.0,RGB,JPEG,24.51,True,
datasets/raw/plantvillage/raw/color/Tomato___healthy/e2bd556e-fe0f-4a97-819c-83dbc4a61ac5___GH_HL Leaf 429.JPG,e2bd556e-fe0f-4a97-819c-83dbc4a61ac5___GH_HL Leaf 429.JPG,Tomato___healthy,tomato__healthy__healthy,tomato,healthy,Healthy Leaf,256,256,3,1.0,RGB,JPEG,15.86,True,
datasets/raw/plantvillage/raw/color/Tomato___healthy/d75f7a19-059a-4b25-a265-5c3f74e279a3___RS_HL 0030.JPG,d75f7a19-059a-4b25-a265-5c3f74e279a3___RS_HL 0030.JPG,Tomato___healthy,tomato__healthy__healthy,tomato,healthy,Healthy Leaf,256,256,3,1.0,RGB,JPEG,22.27,True,
datasets/raw/plantvillage/raw/color/Tomato___healthy/a37f028b-6cb5-4557-8e5d-61b25830858c___RS_HL 0530.JPG,a37f028b-6cb5-4557-8e5d-61b25830858c___RS_HL 0530.JPG,Tomato___healthy,tomato__healthy__healthy,tomato,healthy,Healthy Leaf,256,256,3,1.0,RGB,JPEG,26.18,True,
datasets/raw/plantvillage/raw/color/Tomato___healthy/22ebd26e-0388-4b07-8f48-bffb1680f350___RS_HL 9826.JPG,22ebd26e-0388-4b07-8f48-bffb1680f350___RS_HL 9826.JPG,Tomato___healthy,tomato__healthy__healthy,tomato,healthy,Healthy Leaf,256,256,3,1.0,RGB,JPEG,24.81,True,
datasets/raw/plantvillage/raw/color/Tomato___healthy/414359b9-153b-4985-bfe0-eaf22f7ff6ab___RS_HL 0062.JPG,414359b9-153b-4985-bfe0-eaf22f7ff6ab___RS_HL 0062.JPG,Tomato___healthy,tomato__healthy__healthy,tomato,healthy,Healthy Leaf,256,256,3,1.0,RGB,JPEG,24.0,True,
datasets/raw/plantvillage/raw/color/Tomato___healthy/8db75488-efa8-48f9-bfe8-453b1b5a2b94___RS_HL 9706.JPG,8db75488-efa8-48f9-bfe8-453b1b5a2b94___RS_HL 9706.JPG,Tomato___healthy,tomato__healthy__healthy,tomato,healthy,Healthy Leaf,256,256,3,1.0,RGB,JPEG,23.84,True,
datasets/raw/plantvillage/raw/color/Tomato___healthy/4e690960-f6bb-43f6-b2e7-6ff3aaf81452___RS_HL 9823.JPG,4e690960-f6bb-43f6-b2e7-6ff3aaf81452___RS_HL 9823.JPG,Tomato___healthy,tomato__healthy__healthy,tomato,healthy,Healthy Leaf,256,256,3,1.0,RGB,JPEG,24.26,True,
datasets/raw/plantvillage/raw/color/Tomato___healthy/4ed95a13-f09b-452e-84d0-b4b6a94a022d___RS_HL 9975.JPG,4ed95a13-f09b-452e-84d0-b4b6a94a022d___RS_HL 9975.JPG,Tomato___healthy,tomato__healthy__healthy,tomato,healthy,Healthy Leaf,256,256,3,1.0,RGB,JPEG,23.38,True,
datasets/raw/plantvillage/raw/color/Tomato___healthy/62d158a5-fda4-4bbd-af4e-9ef71858fc5f___RS_HL 9834.JPG,62d158a5-fda4-4bbd-af4e-9ef71858fc5f___RS_HL 9834.JPG,Tomato___healthy,tomato__healthy__healthy,tomato,healthy,Healthy Leaf,256,256,3,1.0,RGB,JPEG,23.42,True,
datasets/raw/plantvillage/raw/color/Tomato___healthy/717a4bbc-52b1-42c1-a718-ca94744ff52d___RS_HL 9726.JPG,717a4bbc-52b1-42c1-a718-ca94744ff52d___RS_HL 9726.JPG,Tomato___healthy,tomato__healthy__healthy,tomato,healthy,Healthy Leaf,256,256,3,1.0,RGB,JPEG,25.16,True,
